[0.000000] (-) TimerEvent: {}
[0.000655] (orbbec_camera_msgs) JobQueued: {'identifier': 'orbbec_camera_msgs', 'dependencies': OrderedDict()}
[0.000745] (orbbec_description) JobQueued: {'identifier': 'orbbec_description', 'dependencies': OrderedDict()}
[0.000800] (orbbec_camera) JobQueued: {'identifier': 'orbbec_camera', 'dependencies': OrderedDict([('orbbec_camera_msgs', '/home/jetson/orbbec_ros2_ws/install/orbbec_camera_msgs')])}
[0.000860] (orbbec_camera_msgs) JobStarted: {'identifier': 'orbbec_camera_msgs'}
[0.022086] (orbbec_camera_msgs) JobProgress: {'identifier': 'orbbec_camera_msgs', 'progress': 'cmake'}
[0.023099] (orbbec_camera_msgs) Command: {'cmd': ['/usr/bin/cmake', '/home/jetson/orbbec_ros2_ws/src/OrbbecSDK_ROS2/orbbec_camera_msgs', '-DAMENT_CMAKE_SYMLINK_INSTALL=1', '-DCMAKE_INSTALL_PREFIX=/home/jetson/orbbec_ros2_ws/install/orbbec_camera_msgs'], 'cwd': '/home/jetson/orbbec_ros2_ws/build/orbbec_camera_msgs', 'env': OrderedDict([('LESSOPEN', '| /usr/bin/lesspipe %s'), ('no_proxy', 'localhost,127.0.0.1,::1'), ('LANGUAGE', 'en_US:en'), ('USER', 'jetson'), ('SSH_CLIENT', '192.168.43.64 60939 22'), ('LC_TIME', 'en_US.UTF-8'), ('XDG_SESSION_TYPE', 'tty'), ('SHLVL', '1'), ('LD_LIBRARY_PATH', '/home/jetson/yahboom_ws/install/interfaces/lib:/opt/ros/humble/opt/rviz_ogre_vendor/lib:/opt/ros/humble/lib/aarch64-linux-gnu:/opt/ros/humble/lib:/usr/local/lib:/usr/local/cuda-12.6/lib64:'), ('MOTD_SHOWN', 'pam'), ('HOME', '/home/jetson'), ('OLDPWD', '/home/jetson/orbbec_ros2_ws/src'), ('NO_PROXY', 'localhost,127.0.0.1,::1'), ('SSH_TTY', '/dev/pts/0'), ('JETSON_L4T', '36.4.7'), ('ROS_PYTHON_VERSION', '3'), ('JETSON_MODEL', 'NVIDIA Jetson Orin Nano Engineering Reference Developer Kit Super'), ('LC_MONETARY', 'en_US.UTF-8'), ('DBUS_SESSION_BUS_ADDRESS', 'unix:path=/run/user/1000/bus'), ('COLCON_PREFIX_PATH', '/home/jetson/yahboom_ws/install'), ('ROS_DISTRO', 'humble'), ('LOGNAME', 'jetson'), ('JETSON_MODULE', 'NVIDIA Jetson Orin Nano (4GB ram)'), ('JETSON_SERIAL_NUMBER', '1421725057752'), ('_', '/usr/bin/colcon'), ('ROS_VERSION', '2'), ('XDG_SESSION_CLASS', 'user'), ('TERM', 'xterm'), ('XDG_SESSION_ID', '3'), ('ISAAC_ROS_WS', '/home/jetson/workspaces/isaac_ros-dev/'), ('ROS_LOCALHOST_ONLY', '0'), ('PATH', '/home/jetson/.local/bin:/opt/ros/humble/bin:/usr/local/cuda-12.6/bin:/usr/local/sbin:/usr/local/bin:/usr/sbin:/usr/bin:/sbin:/bin:/usr/games:/usr/local/games:/snap/bin'), ('PAPERSIZE', 'letter'), ('LC_ADDRESS', 'en_US.UTF-8'), ('XDG_RUNTIME_DIR', '/run/user/1000'), ('DISPLAY', 'localhost:10.0'), ('LANG', 'en_US.UTF-8'), ('LC_TELEPHONE', 'en_US.UTF-8'), ('LS_COLORS', 'rs=0:di=01;34:ln=01;36:mh=00:pi=40;33:so=01;35:do=01;35:bd=40;33;01:cd=40;33;01:or=40;31;01:mi=00:su=37;41:sg=30;43:ca=30;41:tw=30;42:ow=34;42:st=37;44:ex=01;32:*.tar=01;31:*.tgz=01;31:*.arc=01;31:*.arj=01;31:*.taz=01;31:*.lha=01;31:*.lz4=01;31:*.lzh=01;31:*.lzma=01;31:*.tlz=01;31:*.txz=01;31:*.tzo=01;31:*.t7z=01;31:*.zip=01;31:*.z=01;31:*.dz=01;31:*.gz=01;31:*.lrz=01;31:*.lz=01;31:*.lzo=01;31:*.xz=01;31:*.zst=01;31:*.tzst=01;31:*.bz2=01;31:*.bz=01;31:*.tbz=01;31:*.tbz2=01;31:*.tz=01;31:*.deb=01;31:*.rpm=01;31:*.jar=01;31:*.war=01;31:*.ear=01;31:*.sar=01;31:*.rar=01;31:*.alz=01;31:*.ace=01;31:*.zoo=01;31:*.cpio=01;31:*.7z=01;31:*.rz=01;31:*.cab=01;31:*.wim=01;31:*.swm=01;31:*.dwm=01;31:*.esd=01;31:*.jpg=01;35:*.jpeg=01;35:*.mjpg=01;35:*.mjpeg=01;35:*.gif=01;35:*.bmp=01;35:*.pbm=01;35:*.pgm=01;35:*.ppm=01;35:*.tga=01;35:*.xbm=01;35:*.xpm=01;35:*.tif=01;35:*.tiff=01;35:*.png=01;35:*.svg=01;35:*.svgz=01;35:*.mng=01;35:*.pcx=01;35:*.mov=01;35:*.mpg=01;35:*.mpeg=01;35:*.m2v=01;35:*.mkv=01;35:*.webm=01;35:*.webp=01;35:*.ogm=01;35:*.mp4=01;35:*.m4v=01;35:*.mp4v=01;35:*.vob=01;35:*.qt=01;35:*.nuv=01;35:*.wmv=01;35:*.asf=01;35:*.rm=01;35:*.rmvb=01;35:*.flc=01;35:*.avi=01;35:*.fli=01;35:*.flv=01;35:*.gl=01;35:*.dl=01;35:*.xcf=01;35:*.xwd=01;35:*.yuv=01;35:*.cgm=01;35:*.emf=01;35:*.ogv=01;35:*.ogx=01;35:*.aac=00;36:*.au=00;36:*.flac=00;36:*.m4a=00;36:*.mid=00;36:*.midi=00;36:*.mka=00;36:*.mp3=00;36:*.mpc=00;36:*.ogg=00;36:*.ra=00;36:*.wav=00;36:*.oga=00;36:*.opus=00;36:*.spx=00;36:*.xspf=00;36:'), ('JETSON_SOC', 'tegra234'), ('ROS_DOMAIN_ID', '99'), ('AMENT_PREFIX_PATH', '/home/jetson/yahboom_ws/install/text_chat:/home/jetson/yahboom_ws/install/largemodel:/home/jetson/yahboom_ws/install/interfaces:/home/jetson/yahboom_ws/install/camera:/opt/ros/humble'), ('SHELL', '/bin/bash'), ('LC_NAME', 'en_US.UTF-8'), ('LESSCLOSE', '/usr/bin/lesspipe %s %s'), ('LC_MEASUREMENT', 'en_US.UTF-8'), ('LC_IDENTIFICATION', 'en_US.UTF-8'), ('JETSON_CUDA_ARCH_BIN', '8.7'), ('PWD', '/home/jetson/orbbec_ros2_ws/build/orbbec_camera_msgs'), ('SSH_CONNECTION', '192.168.43.64 60939 192.168.43.151 22'), ('XDG_DATA_DIRS', '/usr/share/gnome:/usr/local/share:/usr/share:/var/lib/snapd/desktop'), ('PYTHONPATH', '/home/jetson/yahboom_ws/install/text_chat/lib/python3.10/site-packages:/home/jetson/yahboom_ws/install/largemodel/lib/python3.10/site-packages:/home/jetson/yahboom_ws/install/interfaces/local/lib/python3.10/dist-packages:/home/jetson/yahboom_ws/install/camera/lib/python3.10/site-packages:/opt/ros/humble/lib/python3.10/site-packages:/opt/ros/humble/local/lib/python3.10/dist-packages:/usr/local/lib/python3.10/site-packages/:'), ('LC_NUMERIC', 'en_US.UTF-8'), ('LC_PAPER', 'en_US.UTF-8'), ('COLCON', '1'), ('JETSON_JETPACK', ''), ('CMAKE_PREFIX_PATH', '/home/jetson/yahboom_ws/install/interfaces:/home/jetson/yahboom_ws/install/text_chat:/home/jetson/yahboom_ws/install/largemodel:/home/jetson/yahboom_ws/install/camera:/opt/ros/humble'), ('JETSON_P_NUMBER', 'p3767-0004')]), 'shell': False}
[0.098353] (-) TimerEvent: {}
[0.199356] (-) TimerEvent: {}
[0.300066] (-) TimerEvent: {}
[0.400735] (-) TimerEvent: {}
[0.501419] (-) TimerEvent: {}
[0.602097] (-) TimerEvent: {}
[0.702766] (-) TimerEvent: {}
[0.803226] (-) TimerEvent: {}
[0.903905] (-) TimerEvent: {}
[1.004571] (-) TimerEvent: {}
[1.105247] (-) TimerEvent: {}
[1.187181] (orbbec_camera_msgs) StdoutLine: {'line': b'-- The C compiler identification is GNU 11.4.0\n'}
[1.205346] (-) TimerEvent: {}
[1.305963] (-) TimerEvent: {}
[1.406616] (-) TimerEvent: {}
[1.507283] (-) TimerEvent: {}
[1.607955] (-) TimerEvent: {}
[1.682862] (orbbec_camera_msgs) StdoutLine: {'line': b'-- The CXX compiler identification is GNU 11.4.0\n'}
[1.708050] (-) TimerEvent: {}
[1.719047] (orbbec_camera_msgs) StdoutLine: {'line': b'-- Detecting C compiler ABI info\n'}
[1.808194] (-) TimerEvent: {}
[1.908658] (-) TimerEvent: {}
[1.911021] (orbbec_camera_msgs) StdoutLine: {'line': b'-- Detecting C compiler ABI info - done\n'}
[1.935740] (orbbec_camera_msgs) StdoutLine: {'line': b'-- Check for working C compiler: /usr/bin/cc - skipped\n'}
[1.937770] (orbbec_camera_msgs) StdoutLine: {'line': b'-- Detecting C compile features\n'}
[1.940300] (orbbec_camera_msgs) StdoutLine: {'line': b'-- Detecting C compile features - done\n'}
[1.953458] (orbbec_camera_msgs) StdoutLine: {'line': b'-- Detecting CXX compiler ABI info\n'}
[2.008743] (-) TimerEvent: {}
[2.109170] (-) TimerEvent: {}
[2.130822] (orbbec_camera_msgs) StdoutLine: {'line': b'-- Detecting CXX compiler ABI info - done\n'}
[2.156552] (orbbec_camera_msgs) StdoutLine: {'line': b'-- Check for working CXX compiler: /usr/bin/c++ - skipped\n'}
[2.157559] (orbbec_camera_msgs) StdoutLine: {'line': b'-- Detecting CXX compile features\n'}
[2.159106] (orbbec_camera_msgs) StdoutLine: {'line': b'-- Detecting CXX compile features - done\n'}
[2.209254] (-) TimerEvent: {}
[2.233874] (orbbec_camera_msgs) StdoutLine: {'line': b'-- Found ament_cmake: 1.3.11 (/opt/ros/humble/share/ament_cmake/cmake)\n'}
[2.309394] (-) TimerEvent: {}
[2.409850] (-) TimerEvent: {}
[2.510303] (-) TimerEvent: {}
[2.610959] (-) TimerEvent: {}
[2.620295] (orbbec_camera_msgs) StdoutLine: {'line': b'-- Found Python3: /usr/bin/python3 (found version "3.10.12") found components: Interpreter \n'}
[2.711059] (-) TimerEvent: {}
[2.765830] (orbbec_camera_msgs) StdoutLine: {'line': b'-- Override CMake install command with custom implementation using symlinks instead of copying resources\n'}
[2.811201] (-) TimerEvent: {}
[2.838575] (orbbec_camera_msgs) StdoutLine: {'line': b'-- Found rosidl_default_generators: 1.2.1 (/opt/ros/humble/share/rosidl_default_generators/cmake)\n'}
[2.848373] (orbbec_camera_msgs) StdoutLine: {'line': b'-- Using all available rosidl_typesupport_c: rosidl_typesupport_fastrtps_c;rosidl_typesupport_introspection_c\n'}
[2.867165] (orbbec_camera_msgs) StdoutLine: {'line': b'-- Found rosidl_adapter: 3.1.6 (/opt/ros/humble/share/rosidl_adapter/cmake)\n'}
[2.911295] (-) TimerEvent: {}
[2.973405] (orbbec_camera_msgs) StdoutLine: {'line': b'-- Using all available rosidl_typesupport_cpp: rosidl_typesupport_fastrtps_cpp;rosidl_typesupport_introspection_cpp\n'}
[3.011400] (-) TimerEvent: {}
[3.068115] (orbbec_camera_msgs) StdoutLine: {'line': b'-- Found sensor_msgs: 4.2.4 (/opt/ros/humble/share/sensor_msgs/cmake)\n'}
[3.111736] (-) TimerEvent: {}
[3.212374] (-) TimerEvent: {}
[3.312818] (-) TimerEvent: {}
[3.413294] (-) TimerEvent: {}
[3.513827] (-) TimerEvent: {}
[3.614379] (-) TimerEvent: {}
[3.714860] (-) TimerEvent: {}
[3.815370] (-) TimerEvent: {}
[3.915843] (-) TimerEvent: {}
[4.016318] (-) TimerEvent: {}
[4.116781] (-) TimerEvent: {}
[4.217255] (-) TimerEvent: {}
[4.264595] (orbbec_camera_msgs) StdoutLine: {'line': b'-- Found ament_cmake_ros: 0.10.0 (/opt/ros/humble/share/ament_cmake_ros/cmake)\n'}
[4.317350] (-) TimerEvent: {}
[4.417768] (-) TimerEvent: {}
[4.518222] (-) TimerEvent: {}
[4.618871] (-) TimerEvent: {}
[4.719539] (-) TimerEvent: {}
[4.819964] (-) TimerEvent: {}
[4.920606] (-) TimerEvent: {}
[5.021054] (-) TimerEvent: {}
[5.054304] (orbbec_camera_msgs) StdoutLine: {'line': b'-- Using all available rosidl_typesupport_c: rosidl_typesupport_fastrtps_c;rosidl_typesupport_introspection_c\n'}
[5.121181] (-) TimerEvent: {}
[5.221634] (-) TimerEvent: {}
[5.322043] (-) TimerEvent: {}
[5.422422] (-) TimerEvent: {}
[5.522871] (-) TimerEvent: {}
[5.623361] (-) TimerEvent: {}
[5.724026] (-) TimerEvent: {}
[5.824466] (-) TimerEvent: {}
[5.924907] (-) TimerEvent: {}
[6.025292] (-) TimerEvent: {}
[6.125675] (-) TimerEvent: {}
[6.165679] (orbbec_camera_msgs) StdoutLine: {'line': b'-- Using all available rosidl_typesupport_cpp: rosidl_typesupport_fastrtps_cpp;rosidl_typesupport_introspection_cpp\n'}
[6.225771] (-) TimerEvent: {}
[6.266770] (orbbec_camera_msgs) StdoutLine: {'line': b'-- Found PythonInterp: /usr/bin/python3 (found suitable version "3.10.12", minimum required is "3.6") \n'}
[6.271109] (orbbec_camera_msgs) StdoutLine: {'line': b'-- Found python_cmake_module: 0.10.0 (/opt/ros/humble/share/python_cmake_module/cmake)\n'}
[6.325874] (-) TimerEvent: {}
[6.341237] (orbbec_camera_msgs) StdoutLine: {'line': b'-- Found PythonLibs: /usr/lib/aarch64-linux-gnu/libpython3.10.so (found suitable version "3.10.12", minimum required is "3.5") \n'}
[6.341651] (orbbec_camera_msgs) StdoutLine: {'line': b'-- Using PYTHON_EXECUTABLE: /usr/bin/python3\n'}
[6.341906] (orbbec_camera_msgs) StdoutLine: {'line': b'-- Using PYTHON_INCLUDE_DIRS: /usr/include/python3.10\n'}
[6.342140] (orbbec_camera_msgs) StdoutLine: {'line': b'-- Using PYTHON_LIBRARIES: /usr/lib/aarch64-linux-gnu/libpython3.10.so\n'}
[6.391377] (orbbec_camera_msgs) StdoutLine: {'line': b'-- Found PythonExtra: .so  \n'}
[6.425983] (-) TimerEvent: {}
[6.526394] (-) TimerEvent: {}
[6.626833] (-) TimerEvent: {}
[6.727314] (-) TimerEvent: {}
[6.827758] (-) TimerEvent: {}
[6.928289] (-) TimerEvent: {}
[7.029049] (-) TimerEvent: {}
[7.129751] (-) TimerEvent: {}
[7.230438] (-) TimerEvent: {}
[7.331143] (-) TimerEvent: {}
[7.431821] (-) TimerEvent: {}
[7.491674] (orbbec_camera_msgs) StdoutLine: {'line': b'-- Using numpy include directory: /home/jetson/.local/lib/python3.10/site-packages/numpy/core/include\n'}
[7.531923] (-) TimerEvent: {}
[7.632589] (-) TimerEvent: {}
[7.733043] (-) TimerEvent: {}
[7.827693] (orbbec_camera_msgs) StdoutLine: {'line': b'-- Found ament_lint_auto: 0.12.15 (/opt/ros/humble/share/ament_lint_auto/cmake)\n'}
[7.833141] (-) TimerEvent: {}
[7.894493] (orbbec_camera_msgs) StdoutLine: {'line': b"-- Added test 'copyright' to check source files copyright and LICENSE\n"}
[7.900928] (orbbec_camera_msgs) StdoutLine: {'line': b"-- Added test 'lint_cmake' to check CMake code style\n"}
[7.904438] (orbbec_camera_msgs) StdoutLine: {'line': b"-- Added test 'xmllint' to check XML markup files\n"}
[7.912794] (orbbec_camera_msgs) StdoutLine: {'line': b'-- Configuring done\n'}
[7.933239] (-) TimerEvent: {}
[8.025738] (orbbec_camera_msgs) StdoutLine: {'line': b'-- Generating done\n'}
[8.033347] (-) TimerEvent: {}
[8.049142] (orbbec_camera_msgs) StdoutLine: {'line': b'-- Build files have been written to: /home/jetson/orbbec_ros2_ws/build/orbbec_camera_msgs\n'}
[8.075971] (orbbec_camera_msgs) CommandEnded: {'returncode': 0}
[8.079925] (orbbec_camera_msgs) JobProgress: {'identifier': 'orbbec_camera_msgs', 'progress': 'build'}
[8.080121] (orbbec_camera_msgs) Command: {'cmd': ['/usr/bin/cmake', '--build', '/home/jetson/orbbec_ros2_ws/build/orbbec_camera_msgs', '--', '-j6', '-l6'], 'cwd': '/home/jetson/orbbec_ros2_ws/build/orbbec_camera_msgs', 'env': OrderedDict([('LESSOPEN', '| /usr/bin/lesspipe %s'), ('no_proxy', 'localhost,127.0.0.1,::1'), ('LANGUAGE', 'en_US:en'), ('USER', 'jetson'), ('SSH_CLIENT', '192.168.43.64 60939 22'), ('LC_TIME', 'en_US.UTF-8'), ('XDG_SESSION_TYPE', 'tty'), ('SHLVL', '1'), ('LD_LIBRARY_PATH', '/home/jetson/yahboom_ws/install/interfaces/lib:/opt/ros/humble/opt/rviz_ogre_vendor/lib:/opt/ros/humble/lib/aarch64-linux-gnu:/opt/ros/humble/lib:/usr/local/lib:/usr/local/cuda-12.6/lib64:'), ('MOTD_SHOWN', 'pam'), ('HOME', '/home/jetson'), ('OLDPWD', '/home/jetson/orbbec_ros2_ws/src'), ('NO_PROXY', 'localhost,127.0.0.1,::1'), ('SSH_TTY', '/dev/pts/0'), ('JETSON_L4T', '36.4.7'), ('ROS_PYTHON_VERSION', '3'), ('JETSON_MODEL', 'NVIDIA Jetson Orin Nano Engineering Reference Developer Kit Super'), ('LC_MONETARY', 'en_US.UTF-8'), ('DBUS_SESSION_BUS_ADDRESS', 'unix:path=/run/user/1000/bus'), ('COLCON_PREFIX_PATH', '/home/jetson/yahboom_ws/install'), ('ROS_DISTRO', 'humble'), ('LOGNAME', 'jetson'), ('JETSON_MODULE', 'NVIDIA Jetson Orin Nano (4GB ram)'), ('JETSON_SERIAL_NUMBER', '1421725057752'), ('_', '/usr/bin/colcon'), ('ROS_VERSION', '2'), ('XDG_SESSION_CLASS', 'user'), ('TERM', 'xterm'), ('XDG_SESSION_ID', '3'), ('ISAAC_ROS_WS', '/home/jetson/workspaces/isaac_ros-dev/'), ('ROS_LOCALHOST_ONLY', '0'), ('PATH', '/home/jetson/.local/bin:/opt/ros/humble/bin:/usr/local/cuda-12.6/bin:/usr/local/sbin:/usr/local/bin:/usr/sbin:/usr/bin:/sbin:/bin:/usr/games:/usr/local/games:/snap/bin'), ('PAPERSIZE', 'letter'), ('LC_ADDRESS', 'en_US.UTF-8'), ('XDG_RUNTIME_DIR', '/run/user/1000'), ('DISPLAY', 'localhost:10.0'), ('LANG', 'en_US.UTF-8'), ('LC_TELEPHONE', 'en_US.UTF-8'), ('LS_COLORS', 'rs=0:di=01;34:ln=01;36:mh=00:pi=40;33:so=01;35:do=01;35:bd=40;33;01:cd=40;33;01:or=40;31;01:mi=00:su=37;41:sg=30;43:ca=30;41:tw=30;42:ow=34;42:st=37;44:ex=01;32:*.tar=01;31:*.tgz=01;31:*.arc=01;31:*.arj=01;31:*.taz=01;31:*.lha=01;31:*.lz4=01;31:*.lzh=01;31:*.lzma=01;31:*.tlz=01;31:*.txz=01;31:*.tzo=01;31:*.t7z=01;31:*.zip=01;31:*.z=01;31:*.dz=01;31:*.gz=01;31:*.lrz=01;31:*.lz=01;31:*.lzo=01;31:*.xz=01;31:*.zst=01;31:*.tzst=01;31:*.bz2=01;31:*.bz=01;31:*.tbz=01;31:*.tbz2=01;31:*.tz=01;31:*.deb=01;31:*.rpm=01;31:*.jar=01;31:*.war=01;31:*.ear=01;31:*.sar=01;31:*.rar=01;31:*.alz=01;31:*.ace=01;31:*.zoo=01;31:*.cpio=01;31:*.7z=01;31:*.rz=01;31:*.cab=01;31:*.wim=01;31:*.swm=01;31:*.dwm=01;31:*.esd=01;31:*.jpg=01;35:*.jpeg=01;35:*.mjpg=01;35:*.mjpeg=01;35:*.gif=01;35:*.bmp=01;35:*.pbm=01;35:*.pgm=01;35:*.ppm=01;35:*.tga=01;35:*.xbm=01;35:*.xpm=01;35:*.tif=01;35:*.tiff=01;35:*.png=01;35:*.svg=01;35:*.svgz=01;35:*.mng=01;35:*.pcx=01;35:*.mov=01;35:*.mpg=01;35:*.mpeg=01;35:*.m2v=01;35:*.mkv=01;35:*.webm=01;35:*.webp=01;35:*.ogm=01;35:*.mp4=01;35:*.m4v=01;35:*.mp4v=01;35:*.vob=01;35:*.qt=01;35:*.nuv=01;35:*.wmv=01;35:*.asf=01;35:*.rm=01;35:*.rmvb=01;35:*.flc=01;35:*.avi=01;35:*.fli=01;35:*.flv=01;35:*.gl=01;35:*.dl=01;35:*.xcf=01;35:*.xwd=01;35:*.yuv=01;35:*.cgm=01;35:*.emf=01;35:*.ogv=01;35:*.ogx=01;35:*.aac=00;36:*.au=00;36:*.flac=00;36:*.m4a=00;36:*.mid=00;36:*.midi=00;36:*.mka=00;36:*.mp3=00;36:*.mpc=00;36:*.ogg=00;36:*.ra=00;36:*.wav=00;36:*.oga=00;36:*.opus=00;36:*.spx=00;36:*.xspf=00;36:'), ('JETSON_SOC', 'tegra234'), ('ROS_DOMAIN_ID', '99'), ('AMENT_PREFIX_PATH', '/home/jetson/yahboom_ws/install/text_chat:/home/jetson/yahboom_ws/install/largemodel:/home/jetson/yahboom_ws/install/interfaces:/home/jetson/yahboom_ws/install/camera:/opt/ros/humble'), ('SHELL', '/bin/bash'), ('LC_NAME', 'en_US.UTF-8'), ('LESSCLOSE', '/usr/bin/lesspipe %s %s'), ('LC_MEASUREMENT', 'en_US.UTF-8'), ('LC_IDENTIFICATION', 'en_US.UTF-8'), ('JETSON_CUDA_ARCH_BIN', '8.7'), ('PWD', '/home/jetson/orbbec_ros2_ws/build/orbbec_camera_msgs'), ('SSH_CONNECTION', '192.168.43.64 60939 192.168.43.151 22'), ('XDG_DATA_DIRS', '/usr/share/gnome:/usr/local/share:/usr/share:/var/lib/snapd/desktop'), ('PYTHONPATH', '/home/jetson/yahboom_ws/install/text_chat/lib/python3.10/site-packages:/home/jetson/yahboom_ws/install/largemodel/lib/python3.10/site-packages:/home/jetson/yahboom_ws/install/interfaces/local/lib/python3.10/dist-packages:/home/jetson/yahboom_ws/install/camera/lib/python3.10/site-packages:/opt/ros/humble/lib/python3.10/site-packages:/opt/ros/humble/local/lib/python3.10/dist-packages:/usr/local/lib/python3.10/site-packages/:'), ('LC_NUMERIC', 'en_US.UTF-8'), ('LC_PAPER', 'en_US.UTF-8'), ('COLCON', '1'), ('JETSON_JETPACK', ''), ('CMAKE_PREFIX_PATH', '/home/jetson/yahboom_ws/install/interfaces:/home/jetson/yahboom_ws/install/text_chat:/home/jetson/yahboom_ws/install/largemodel:/home/jetson/yahboom_ws/install/camera:/opt/ros/humble'), ('JETSON_P_NUMBER', 'p3767-0004')]), 'shell': False}
[8.133500] (-) TimerEvent: {}
[8.168192] (orbbec_camera_msgs) StdoutLine: {'line': b'[  1%] \x1b[34m\x1b[1mGenerating C code for ROS interfaces\x1b[0m\n'}
[8.186219] (orbbec_camera_msgs) StdoutLine: {'line': b'[  2%] \x1b[34m\x1b[1mGenerating Rust code for ROS interfaces\x1b[0m\n'}
[8.198389] (orbbec_camera_msgs) StdoutLine: {'line': b'[  2%] \x1b[34m\x1b[1mGenerating C++ code for ROS interfaces\x1b[0m\n'}
[8.203298] (orbbec_camera_msgs) StdoutLine: {'line': b'[  2%] Built target ament_cmake_python_symlink_orbbec_camera_msgs\n'}
[8.233666] (-) TimerEvent: {}
[8.334232] (-) TimerEvent: {}
[8.434821] (-) TimerEvent: {}
[8.535525] (-) TimerEvent: {}
[8.636091] (-) TimerEvent: {}
[8.736594] (-) TimerEvent: {}
[8.756694] (orbbec_camera_msgs) StdoutLine: {'line': b'running egg_info\n'}
[8.758221] (orbbec_camera_msgs) StdoutLine: {'line': b'creating orbbec_camera_msgs.egg-info\n'}
[8.758874] (orbbec_camera_msgs) StdoutLine: {'line': b'writing orbbec_camera_msgs.egg-info/PKG-INFO\n'}
[8.759315] (orbbec_camera_msgs) StdoutLine: {'line': b'writing dependency_links to orbbec_camera_msgs.egg-info/dependency_links.txt\n'}
[8.759640] (orbbec_camera_msgs) StdoutLine: {'line': b'writing top-level names to orbbec_camera_msgs.egg-info/top_level.txt\n'}
[8.760019] (orbbec_camera_msgs) StdoutLine: {'line': b"writing manifest file 'orbbec_camera_msgs.egg-info/SOURCES.txt'\n"}
[8.765921] (orbbec_camera_msgs) StdoutLine: {'line': b"reading manifest file 'orbbec_camera_msgs.egg-info/SOURCES.txt'\n"}
[8.766924] (orbbec_camera_msgs) StdoutLine: {'line': b"writing manifest file 'orbbec_camera_msgs.egg-info/SOURCES.txt'\n"}
[8.836720] (-) TimerEvent: {}
[8.837837] (orbbec_camera_msgs) StdoutLine: {'line': b'[  2%] Built target ament_cmake_python_build_orbbec_camera_msgs_egg\n'}
[8.936858] (-) TimerEvent: {}
[9.037419] (-) TimerEvent: {}
[9.071900] (orbbec_camera_msgs) StdoutLine: {'line': b'[  2%] Built target orbbec_camera_msgs__rs\n'}
[9.137521] (-) TimerEvent: {}
[9.237955] (-) TimerEvent: {}
[9.338370] (-) TimerEvent: {}
[9.438797] (-) TimerEvent: {}
[9.539173] (-) TimerEvent: {}
[9.639566] (-) TimerEvent: {}
[9.739897] (-) TimerEvent: {}
[9.840310] (-) TimerEvent: {}
[9.940714] (-) TimerEvent: {}
[10.041081] (-) TimerEvent: {}
[10.141481] (-) TimerEvent: {}
[10.242132] (-) TimerEvent: {}
[10.342871] (-) TimerEvent: {}
[10.443661] (-) TimerEvent: {}
[10.544436] (-) TimerEvent: {}
[10.636380] (orbbec_camera_msgs) StdoutLine: {'line': b'[  2%] Built target orbbec_camera_msgs__cpp\n'}
[10.644567] (-) TimerEvent: {}
[10.657602] (orbbec_camera_msgs) StdoutLine: {'line': b'[  5%] \x1b[34m\x1b[1mGenerating C++ type support for eProsima Fast-RTPS\x1b[0m\n'}
[10.658077] (orbbec_camera_msgs) StdoutLine: {'line': b'[  5%] \x1b[34m\x1b[1mGenerating C++ introspection for ROS interfaces\x1b[0m\n'}
[10.658235] (orbbec_camera_msgs) StdoutLine: {'line': b'[  5%] \x1b[34m\x1b[1mGenerating C++ type support dispatch for ROS interfaces\x1b[0m\n'}
[10.661811] (orbbec_camera_msgs) StdoutLine: {'line': b'[  6%] \x1b[32mBuilding C object CMakeFiles/orbbec_camera_msgs__rosidl_generator_c.dir/rosidl_generator_c/orbbec_camera_msgs/msg/detail/device_info__functions.c.o\x1b[0m\n'}
[10.662390] (orbbec_camera_msgs) StdoutLine: {'line': b'[  7%] \x1b[32mBuilding C object CMakeFiles/orbbec_camera_msgs__rosidl_generator_c.dir/rosidl_generator_c/orbbec_camera_msgs/msg/detail/extrinsics__functions.c.o\x1b[0m\n'}
[10.662606] (orbbec_camera_msgs) StdoutLine: {'line': b'[  7%] \x1b[32mBuilding C object CMakeFiles/orbbec_camera_msgs__rosidl_generator_c.dir/rosidl_generator_c/orbbec_camera_msgs/msg/detail/metadata__functions.c.o\x1b[0m\n'}
[10.744728] (-) TimerEvent: {}
[10.845350] (-) TimerEvent: {}
[10.877105] (orbbec_camera_msgs) StdoutLine: {'line': b'[  8%] \x1b[32mBuilding C object CMakeFiles/orbbec_camera_msgs__rosidl_generator_c.dir/rosidl_generator_c/orbbec_camera_msgs/msg/detail/rgbd__functions.c.o\x1b[0m\n'}
[10.877593] (orbbec_camera_msgs) StdoutLine: {'line': b'[  8%] \x1b[32mBuilding C object CMakeFiles/orbbec_camera_msgs__rosidl_generator_c.dir/rosidl_generator_c/orbbec_camera_msgs/msg/detail/imu_info__functions.c.o\x1b[0m\n'}
[10.886930] (orbbec_camera_msgs) StdoutLine: {'line': b'[  9%] \x1b[32mBuilding C object CMakeFiles/orbbec_camera_msgs__rosidl_generator_c.dir/rosidl_generator_c/orbbec_camera_msgs/msg/detail/stream_profile__functions.c.o\x1b[0m\n'}
[10.945548] (-) TimerEvent: {}
[10.977344] (orbbec_camera_msgs) StdoutLine: {'line': b'[ 10%] \x1b[32mBuilding C object CMakeFiles/orbbec_camera_msgs__rosidl_generator_c.dir/rosidl_generator_c/orbbec_camera_msgs/srv/detail/get_bool__functions.c.o\x1b[0m\n'}
[10.979074] (orbbec_camera_msgs) StdoutLine: {'line': b'[ 11%] \x1b[32mBuilding C object CMakeFiles/orbbec_camera_msgs__rosidl_generator_c.dir/rosidl_generator_c/orbbec_camera_msgs/srv/detail/get_device_info__functions.c.o\x1b[0m\n'}
[10.985881] (orbbec_camera_msgs) StdoutLine: {'line': b'[ 11%] \x1b[32mBuilding C object CMakeFiles/orbbec_camera_msgs__rosidl_generator_c.dir/rosidl_generator_c/orbbec_camera_msgs/srv/detail/get_camera_info__functions.c.o\x1b[0m\n'}
[11.045722] (-) TimerEvent: {}
[11.095515] (orbbec_camera_msgs) StdoutLine: {'line': b'[ 12%] \x1b[32mBuilding C object CMakeFiles/orbbec_camera_msgs__rosidl_generator_c.dir/rosidl_generator_c/orbbec_camera_msgs/srv/detail/get_int32__functions.c.o\x1b[0m\n'}
[11.095998] (orbbec_camera_msgs) StdoutLine: {'line': b'[ 13%] \x1b[32mBuilding C object CMakeFiles/orbbec_camera_msgs__rosidl_generator_c.dir/rosidl_generator_c/orbbec_camera_msgs/srv/detail/get_string__functions.c.o\x1b[0m\n'}
[11.109777] (orbbec_camera_msgs) StdoutLine: {'line': b'[ 14%] \x1b[32mBuilding C object CMakeFiles/orbbec_camera_msgs__rosidl_generator_c.dir/rosidl_generator_c/orbbec_camera_msgs/srv/detail/set_int32__functions.c.o\x1b[0m\n'}
[11.145907] (-) TimerEvent: {}
[11.213825] (orbbec_camera_msgs) StdoutLine: {'line': b'[ 14%] \x1b[32mBuilding C object CMakeFiles/orbbec_camera_msgs__rosidl_generator_c.dir/rosidl_generator_c/orbbec_camera_msgs/srv/detail/set_string__functions.c.o\x1b[0m\n'}
[11.224704] (orbbec_camera_msgs) StdoutLine: {'line': b'[ 15%] \x1b[32mBuilding C object CMakeFiles/orbbec_camera_msgs__rosidl_generator_c.dir/rosidl_generator_c/orbbec_camera_msgs/srv/detail/set_stream_profile__functions.c.o\x1b[0m\n'}
[11.246090] (-) TimerEvent: {}
[11.338516] (orbbec_camera_msgs) StdoutLine: {'line': b'[ 16%] \x1b[32m\x1b[1mLinking C shared library liborbbec_camera_msgs__rosidl_generator_c.so\x1b[0m\n'}
[11.346224] (-) TimerEvent: {}
[11.428431] (orbbec_camera_msgs) StdoutLine: {'line': b'[ 16%] Built target orbbec_camera_msgs__rosidl_generator_c\n'}
[11.446412] (-) TimerEvent: {}
[11.448896] (orbbec_camera_msgs) StdoutLine: {'line': b'[ 18%] \x1b[34m\x1b[1mGenerating C introspection for ROS interfaces\x1b[0m\n'}
[11.449502] (orbbec_camera_msgs) StdoutLine: {'line': b'[ 18%] \x1b[34m\x1b[1mGenerating C type support dispatch for ROS interfaces\x1b[0m\n'}
[11.449894] (orbbec_camera_msgs) StdoutLine: {'line': b'[ 19%] \x1b[34m\x1b[1mGenerating C type support for eProsima Fast-RTPS\x1b[0m\n'}
[11.546593] (-) TimerEvent: {}
[11.647198] (-) TimerEvent: {}
[11.747799] (-) TimerEvent: {}
[11.848440] (-) TimerEvent: {}
[11.949049] (-) TimerEvent: {}
[11.992547] (orbbec_camera_msgs) StdoutLine: {'line': b'[ 19%] \x1b[32mBuilding CXX object CMakeFiles/orbbec_camera_msgs__rosidl_typesupport_cpp.dir/rosidl_typesupport_cpp/orbbec_camera_msgs/msg/device_info__type_support.cpp.o\x1b[0m\n'}
[12.049210] (-) TimerEvent: {}
[12.149805] (-) TimerEvent: {}
[12.250422] (-) TimerEvent: {}
[12.351082] (-) TimerEvent: {}
[12.451801] (-) TimerEvent: {}
[12.504116] (orbbec_camera_msgs) StdoutLine: {'line': b'[ 19%] \x1b[32mBuilding CXX object CMakeFiles/orbbec_camera_msgs__rosidl_typesupport_introspection_cpp.dir/rosidl_typesupport_introspection_cpp/orbbec_camera_msgs/msg/detail/device_info__type_support.cpp.o\x1b[0m\n'}
[12.551978] (-) TimerEvent: {}
[12.652602] (-) TimerEvent: {}
[12.665459] (orbbec_camera_msgs) StdoutLine: {'line': b'[ 20%] \x1b[32mBuilding CXX object CMakeFiles/orbbec_camera_msgs__rosidl_typesupport_cpp.dir/rosidl_typesupport_cpp/orbbec_camera_msgs/msg/extrinsics__type_support.cpp.o\x1b[0m\n'}
[12.752782] (-) TimerEvent: {}
[12.769277] (orbbec_camera_msgs) StdoutLine: {'line': b'[ 20%] \x1b[32mBuilding CXX object CMakeFiles/orbbec_camera_msgs__rosidl_typesupport_c.dir/rosidl_typesupport_c/orbbec_camera_msgs/msg/device_info__type_support.cpp.o\x1b[0m\n'}
[12.833601] (orbbec_camera_msgs) StdoutLine: {'line': b'[ 20%] \x1b[32mBuilding CXX object CMakeFiles/orbbec_camera_msgs__rosidl_typesupport_fastrtps_cpp.dir/rosidl_typesupport_fastrtps_cpp/orbbec_camera_msgs/msg/detail/dds_fastrtps/device_info__type_support.cpp.o\x1b[0m\n'}
[12.838344] (orbbec_camera_msgs) StdoutLine: {'line': b'[ 21%] \x1b[32mBuilding CXX object CMakeFiles/orbbec_camera_msgs__rosidl_typesupport_c.dir/rosidl_typesupport_c/orbbec_camera_msgs/msg/extrinsics__type_support.cpp.o\x1b[0m\n'}
[12.852950] (-) TimerEvent: {}
[12.898000] (orbbec_camera_msgs) StdoutLine: {'line': b'[ 22%] \x1b[32mBuilding CXX object CMakeFiles/orbbec_camera_msgs__rosidl_typesupport_c.dir/rosidl_typesupport_c/orbbec_camera_msgs/msg/metadata__type_support.cpp.o\x1b[0m\n'}
[12.953122] (-) TimerEvent: {}
[12.958575] (orbbec_camera_msgs) StdoutLine: {'line': b'[ 22%] \x1b[32mBuilding CXX object CMakeFiles/orbbec_camera_msgs__rosidl_typesupport_c.dir/rosidl_typesupport_c/orbbec_camera_msgs/msg/imu_info__type_support.cpp.o\x1b[0m\n'}
[13.031348] (orbbec_camera_msgs) StdoutLine: {'line': b'[ 23%] \x1b[32mBuilding CXX object CMakeFiles/orbbec_camera_msgs__rosidl_typesupport_c.dir/rosidl_typesupport_c/orbbec_camera_msgs/msg/rgbd__type_support.cpp.o\x1b[0m\n'}
[13.053359] (-) TimerEvent: {}
[13.093416] (orbbec_camera_msgs) StdoutLine: {'line': b'[ 24%] \x1b[32mBuilding CXX object CMakeFiles/orbbec_camera_msgs__rosidl_typesupport_c.dir/rosidl_typesupport_c/orbbec_camera_msgs/msg/stream_profile__type_support.cpp.o\x1b[0m\n'}
[13.153605] (-) TimerEvent: {}
[13.155847] (orbbec_camera_msgs) StdoutLine: {'line': b'[ 25%] \x1b[32mBuilding CXX object CMakeFiles/orbbec_camera_msgs__rosidl_typesupport_c.dir/rosidl_typesupport_c/orbbec_camera_msgs/srv/get_bool__type_support.cpp.o\x1b[0m\n'}
[13.222799] (orbbec_camera_msgs) StdoutLine: {'line': b'[ 25%] \x1b[32mBuilding CXX object CMakeFiles/orbbec_camera_msgs__rosidl_typesupport_c.dir/rosidl_typesupport_c/orbbec_camera_msgs/srv/get_device_info__type_support.cpp.o\x1b[0m\n'}
[13.253840] (-) TimerEvent: {}
[13.255016] (orbbec_camera_msgs) StdoutLine: {'line': b'[ 26%] \x1b[32mBuilding CXX object CMakeFiles/orbbec_camera_msgs__rosidl_typesupport_cpp.dir/rosidl_typesupport_cpp/orbbec_camera_msgs/msg/metadata__type_support.cpp.o\x1b[0m\n'}
[13.287724] (orbbec_camera_msgs) StdoutLine: {'line': b'[ 27%] \x1b[32mBuilding CXX object CMakeFiles/orbbec_camera_msgs__rosidl_typesupport_c.dir/rosidl_typesupport_c/orbbec_camera_msgs/srv/get_camera_info__type_support.cpp.o\x1b[0m\n'}
[13.350942] (orbbec_camera_msgs) StdoutLine: {'line': b'[ 28%] \x1b[32mBuilding CXX object CMakeFiles/orbbec_camera_msgs__rosidl_typesupport_c.dir/rosidl_typesupport_c/orbbec_camera_msgs/srv/get_int32__type_support.cpp.o\x1b[0m\n'}
[13.354022] (-) TimerEvent: {}
[13.382934] (orbbec_camera_msgs) StdoutLine: {'line': b'[ 29%] \x1b[32mBuilding CXX object CMakeFiles/orbbec_camera_msgs__rosidl_typesupport_introspection_cpp.dir/rosidl_typesupport_introspection_cpp/orbbec_camera_msgs/msg/detail/extrinsics__type_support.cpp.o\x1b[0m\n'}
[13.422448] (orbbec_camera_msgs) StdoutLine: {'line': b'[ 30%] \x1b[32mBuilding CXX object CMakeFiles/orbbec_camera_msgs__rosidl_typesupport_c.dir/rosidl_typesupport_c/orbbec_camera_msgs/srv/get_string__type_support.cpp.o\x1b[0m\n'}
[13.454239] (-) TimerEvent: {}
[13.492875] (orbbec_camera_msgs) StdoutLine: {'line': b'[ 30%] \x1b[32mBuilding CXX object CMakeFiles/orbbec_camera_msgs__rosidl_typesupport_c.dir/rosidl_typesupport_c/orbbec_camera_msgs/srv/set_int32__type_support.cpp.o\x1b[0m\n'}
[13.509393] (orbbec_camera_msgs) StdoutLine: {'line': b'[ 30%] \x1b[32mBuilding C object CMakeFiles/orbbec_camera_msgs__rosidl_typesupport_introspection_c.dir/rosidl_typesupport_introspection_c/orbbec_camera_msgs/msg/detail/device_info__type_support.c.o\x1b[0m\n'}
[13.554467] (-) TimerEvent: {}
[13.574015] (orbbec_camera_msgs) StdoutLine: {'line': b'[ 31%] \x1b[32mBuilding CXX object CMakeFiles/orbbec_camera_msgs__rosidl_typesupport_fastrtps_c.dir/rosidl_typesupport_fastrtps_c/orbbec_camera_msgs/msg/detail/device_info__type_support_c.cpp.o\x1b[0m\n'}
[13.574485] (orbbec_camera_msgs) StdoutLine: {'line': b'[ 31%] \x1b[32mBuilding CXX object CMakeFiles/orbbec_camera_msgs__rosidl_typesupport_c.dir/rosidl_typesupport_c/orbbec_camera_msgs/srv/set_string__type_support.cpp.o\x1b[0m\n'}
[13.591080] (orbbec_camera_msgs) StdoutLine: {'line': b'[ 32%] \x1b[32mBuilding C object CMakeFiles/orbbec_camera_msgs__rosidl_typesupport_introspection_c.dir/rosidl_typesupport_introspection_c/orbbec_camera_msgs/msg/detail/extrinsics__type_support.c.o\x1b[0m\n'}
[13.641752] (orbbec_camera_msgs) StdoutLine: {'line': b'[ 33%] \x1b[32mBuilding CXX object CMakeFiles/orbbec_camera_msgs__rosidl_typesupport_c.dir/rosidl_typesupport_c/orbbec_camera_msgs/srv/set_stream_profile__type_support.cpp.o\x1b[0m\n'}
[13.654662] (-) TimerEvent: {}
[13.671011] (orbbec_camera_msgs) StdoutLine: {'line': b'[ 34%] \x1b[32mBuilding C object CMakeFiles/orbbec_camera_msgs__rosidl_typesupport_introspection_c.dir/rosidl_typesupport_introspection_c/orbbec_camera_msgs/msg/detail/metadata__type_support.c.o\x1b[0m\n'}
[13.705249] (orbbec_camera_msgs) StdoutLine: {'line': b'[ 35%] \x1b[32m\x1b[1mLinking CXX shared library liborbbec_camera_msgs__rosidl_typesupport_c.so\x1b[0m\n'}
[13.715006] (orbbec_camera_msgs) StdoutLine: {'line': b'[ 36%] \x1b[32mBuilding CXX object CMakeFiles/orbbec_camera_msgs__rosidl_typesupport_fastrtps_cpp.dir/rosidl_typesupport_fastrtps_cpp/orbbec_camera_msgs/msg/detail/dds_fastrtps/extrinsics__type_support.cpp.o\x1b[0m\n'}
[13.743243] (orbbec_camera_msgs) StdoutLine: {'line': b'[ 36%] \x1b[32mBuilding C object CMakeFiles/orbbec_camera_msgs__rosidl_typesupport_introspection_c.dir/rosidl_typesupport_introspection_c/orbbec_camera_msgs/msg/detail/imu_info__type_support.c.o\x1b[0m\n'}
[13.754900] (-) TimerEvent: {}
[13.797987] (orbbec_camera_msgs) StdoutLine: {'line': b'[ 36%] Built target orbbec_camera_msgs__rosidl_typesupport_c\n'}
[13.804856] (orbbec_camera_msgs) StdoutLine: {'line': b'[ 37%] \x1b[32mBuilding CXX object CMakeFiles/orbbec_camera_msgs__rosidl_typesupport_cpp.dir/rosidl_typesupport_cpp/orbbec_camera_msgs/msg/imu_info__type_support.cpp.o\x1b[0m\n'}
[13.815469] (orbbec_camera_msgs) StdoutLine: {'line': b'[ 37%] \x1b[32mBuilding CXX object CMakeFiles/orbbec_camera_msgs__rosidl_typesupport_cpp.dir/rosidl_typesupport_cpp/orbbec_camera_msgs/msg/rgbd__type_support.cpp.o\x1b[0m\n'}
[13.838093] (orbbec_camera_msgs) StdoutLine: {'line': b'[ 38%] \x1b[32mBuilding C object CMakeFiles/orbbec_camera_msgs__rosidl_typesupport_introspection_c.dir/rosidl_typesupport_introspection_c/orbbec_camera_msgs/msg/detail/rgbd__type_support.c.o\x1b[0m\n'}
[13.855110] (-) TimerEvent: {}
[13.919190] (orbbec_camera_msgs) StdoutLine: {'line': b'[ 39%] \x1b[32mBuilding C object CMakeFiles/orbbec_camera_msgs__rosidl_typesupport_introspection_c.dir/rosidl_typesupport_introspection_c/orbbec_camera_msgs/msg/detail/stream_profile__type_support.c.o\x1b[0m\n'}
[13.955336] (-) TimerEvent: {}
[13.993072] (orbbec_camera_msgs) StdoutLine: {'line': b'[ 40%] \x1b[32mBuilding C object CMakeFiles/orbbec_camera_msgs__rosidl_typesupport_introspection_c.dir/rosidl_typesupport_introspection_c/orbbec_camera_msgs/srv/detail/get_bool__type_support.c.o\x1b[0m\n'}
[14.055534] (-) TimerEvent: {}
[14.087880] (orbbec_camera_msgs) StdoutLine: {'line': b'[ 40%] \x1b[32mBuilding C object CMakeFiles/orbbec_camera_msgs__rosidl_typesupport_introspection_c.dir/rosidl_typesupport_introspection_c/orbbec_camera_msgs/srv/detail/get_device_info__type_support.c.o\x1b[0m\n'}
[14.155741] (-) TimerEvent: {}
[14.180420] (orbbec_camera_msgs) StdoutLine: {'line': b'[ 41%] \x1b[32mBuilding C object CMakeFiles/orbbec_camera_msgs__rosidl_typesupport_introspection_c.dir/rosidl_typesupport_introspection_c/orbbec_camera_msgs/srv/detail/get_camera_info__type_support.c.o\x1b[0m\n'}
[14.255944] (-) TimerEvent: {}
[14.262761] (orbbec_camera_msgs) StdoutLine: {'line': b'[ 42%] \x1b[32mBuilding CXX object CMakeFiles/orbbec_camera_msgs__rosidl_typesupport_introspection_cpp.dir/rosidl_typesupport_introspection_cpp/orbbec_camera_msgs/msg/detail/metadata__type_support.cpp.o\x1b[0m\n'}
[14.269406] (orbbec_camera_msgs) StdoutLine: {'line': b'[ 43%] \x1b[32mBuilding C object CMakeFiles/orbbec_camera_msgs__rosidl_typesupport_introspection_c.dir/rosidl_typesupport_introspection_c/orbbec_camera_msgs/srv/detail/get_int32__type_support.c.o\x1b[0m\n'}
[14.338991] (orbbec_camera_msgs) StdoutLine: {'line': b'[ 44%] \x1b[32mBuilding CXX object CMakeFiles/orbbec_camera_msgs__rosidl_typesupport_fastrtps_c.dir/rosidl_typesupport_fastrtps_c/orbbec_camera_msgs/msg/detail/extrinsics__type_support_c.cpp.o\x1b[0m\n'}
[14.344498] (orbbec_camera_msgs) StdoutLine: {'line': b'[ 45%] \x1b[32mBuilding C object CMakeFiles/orbbec_camera_msgs__rosidl_typesupport_introspection_c.dir/rosidl_typesupport_introspection_c/orbbec_camera_msgs/srv/detail/get_string__type_support.c.o\x1b[0m\n'}
[14.356144] (-) TimerEvent: {}
[14.370400] (orbbec_camera_msgs) StdoutLine: {'line': b'[ 45%] \x1b[32mBuilding C object CMakeFiles/orbbec_camera_msgs__rosidl_typesupport_introspection_c.dir/rosidl_typesupport_introspection_c/orbbec_camera_msgs/srv/detail/set_int32__type_support.c.o\x1b[0m\n'}
[14.417962] (orbbec_camera_msgs) StdoutLine: {'line': b'[ 46%] \x1b[32mBuilding CXX object CMakeFiles/orbbec_camera_msgs__rosidl_typesupport_introspection_cpp.dir/rosidl_typesupport_introspection_cpp/orbbec_camera_msgs/msg/detail/imu_info__type_support.cpp.o\x1b[0m\n'}
[14.438180] (orbbec_camera_msgs) StdoutLine: {'line': b'[ 47%] \x1b[32mBuilding CXX object CMakeFiles/orbbec_camera_msgs__rosidl_typesupport_cpp.dir/rosidl_typesupport_cpp/orbbec_camera_msgs/msg/stream_profile__type_support.cpp.o\x1b[0m\n'}
[14.455836] (orbbec_camera_msgs) StdoutLine: {'line': b'[ 48%] \x1b[32mBuilding C object CMakeFiles/orbbec_camera_msgs__rosidl_typesupport_introspection_c.dir/rosidl_typesupport_introspection_c/orbbec_camera_msgs/srv/detail/set_string__type_support.c.o\x1b[0m\n'}
[14.456295] (-) TimerEvent: {}
[14.532001] (orbbec_camera_msgs) StdoutLine: {'line': b'[ 49%] \x1b[32mBuilding C object CMakeFiles/orbbec_camera_msgs__rosidl_typesupport_introspection_c.dir/rosidl_typesupport_introspection_c/orbbec_camera_msgs/srv/detail/set_stream_profile__type_support.c.o\x1b[0m\n'}
[14.547654] (orbbec_camera_msgs) StdoutLine: {'line': b'[ 50%] \x1b[32mBuilding CXX object CMakeFiles/orbbec_camera_msgs__rosidl_typesupport_fastrtps_cpp.dir/rosidl_typesupport_fastrtps_cpp/orbbec_camera_msgs/msg/detail/dds_fastrtps/metadata__type_support.cpp.o\x1b[0m\n'}
[14.556536] (-) TimerEvent: {}
[14.616951] (orbbec_camera_msgs) StdoutLine: {'line': b'[ 51%] \x1b[32m\x1b[1mLinking C shared library liborbbec_camera_msgs__rosidl_typesupport_introspection_c.so\x1b[0m\n'}
[14.656731] (-) TimerEvent: {}
[14.707820] (orbbec_camera_msgs) StdoutLine: {'line': b'[ 51%] Built target orbbec_camera_msgs__rosidl_typesupport_introspection_c\n'}
[14.728139] (orbbec_camera_msgs) StdoutLine: {'line': b'[ 52%] \x1b[32mBuilding CXX object CMakeFiles/orbbec_camera_msgs__rosidl_typesupport_fastrtps_c.dir/rosidl_typesupport_fastrtps_c/orbbec_camera_msgs/msg/detail/metadata__type_support_c.cpp.o\x1b[0m\n'}
[14.756981] (-) TimerEvent: {}
[14.858327] (-) TimerEvent: {}
[14.959564] (-) TimerEvent: {}
[15.037199] (orbbec_camera_msgs) StdoutLine: {'line': b'[ 53%] \x1b[32mBuilding CXX object CMakeFiles/orbbec_camera_msgs__rosidl_typesupport_cpp.dir/rosidl_typesupport_cpp/orbbec_camera_msgs/srv/get_bool__type_support.cpp.o\x1b[0m\n'}
[15.048186] (orbbec_camera_msgs) StdoutLine: {'line': b'[ 53%] \x1b[32mBuilding CXX object CMakeFiles/orbbec_camera_msgs__rosidl_typesupport_fastrtps_c.dir/rosidl_typesupport_fastrtps_c/orbbec_camera_msgs/msg/detail/imu_info__type_support_c.cpp.o\x1b[0m\n'}
[15.059752] (-) TimerEvent: {}
[15.095618] (orbbec_camera_msgs) StdoutLine: {'line': b'[ 54%] \x1b[32mBuilding CXX object CMakeFiles/orbbec_camera_msgs__rosidl_typesupport_cpp.dir/rosidl_typesupport_cpp/orbbec_camera_msgs/srv/get_device_info__type_support.cpp.o\x1b[0m\n'}
[15.159941] (-) TimerEvent: {}
[15.220033] (orbbec_camera_msgs) StdoutLine: {'line': b'[ 54%] \x1b[32mBuilding CXX object CMakeFiles/orbbec_camera_msgs__rosidl_typesupport_introspection_cpp.dir/rosidl_typesupport_introspection_cpp/orbbec_camera_msgs/msg/detail/rgbd__type_support.cpp.o\x1b[0m\n'}
[15.260145] (-) TimerEvent: {}
[15.361476] (-) TimerEvent: {}
[15.384762] (orbbec_camera_msgs) StdoutLine: {'line': b'[ 55%] \x1b[32mBuilding CXX object CMakeFiles/orbbec_camera_msgs__rosidl_typesupport_fastrtps_cpp.dir/rosidl_typesupport_fastrtps_cpp/orbbec_camera_msgs/msg/detail/dds_fastrtps/imu_info__type_support.cpp.o\x1b[0m\n'}
[15.450183] (orbbec_camera_msgs) StdoutLine: {'line': b'[ 56%] \x1b[32mBuilding CXX object CMakeFiles/orbbec_camera_msgs__rosidl_typesupport_fastrtps_c.dir/rosidl_typesupport_fastrtps_c/orbbec_camera_msgs/msg/detail/rgbd__type_support_c.cpp.o\x1b[0m\n'}
[15.461705] (-) TimerEvent: {}
[15.563028] (-) TimerEvent: {}
[15.636150] (orbbec_camera_msgs) StdoutLine: {'line': b'[ 56%] \x1b[32mBuilding CXX object CMakeFiles/orbbec_camera_msgs__rosidl_typesupport_cpp.dir/rosidl_typesupport_cpp/orbbec_camera_msgs/srv/get_camera_info__type_support.cpp.o\x1b[0m\n'}
[15.663271] (-) TimerEvent: {}
[15.674074] (orbbec_camera_msgs) StdoutLine: {'line': b'[ 57%] \x1b[32mBuilding CXX object CMakeFiles/orbbec_camera_msgs__rosidl_typesupport_cpp.dir/rosidl_typesupport_cpp/orbbec_camera_msgs/srv/get_int32__type_support.cpp.o\x1b[0m\n'}
[15.738306] (orbbec_camera_msgs) StdoutLine: {'line': b'[ 58%] \x1b[32mBuilding CXX object CMakeFiles/orbbec_camera_msgs__rosidl_typesupport_fastrtps_c.dir/rosidl_typesupport_fastrtps_c/orbbec_camera_msgs/msg/detail/stream_profile__type_support_c.cpp.o\x1b[0m\n'}
[15.763463] (-) TimerEvent: {}
[15.864167] (-) TimerEvent: {}
[15.964953] (-) TimerEvent: {}
[16.059542] (orbbec_camera_msgs) StdoutLine: {'line': b'[ 59%] \x1b[32mBuilding CXX object CMakeFiles/orbbec_camera_msgs__rosidl_typesupport_introspection_cpp.dir/rosidl_typesupport_introspection_cpp/orbbec_camera_msgs/msg/detail/stream_profile__type_support.cpp.o\x1b[0m\n'}
[16.065171] (-) TimerEvent: {}
[16.166061] (orbbec_camera_msgs) StdoutLine: {'line': b'[ 60%] \x1b[32mBuilding CXX object CMakeFiles/orbbec_camera_msgs__rosidl_typesupport_fastrtps_c.dir/rosidl_typesupport_fastrtps_c/orbbec_camera_msgs/srv/detail/get_bool__type_support_c.cpp.o\x1b[0m\n'}
[16.166534] (-) TimerEvent: {}
[16.207013] (orbbec_camera_msgs) StdoutLine: {'line': b'[ 60%] \x1b[32mBuilding CXX object CMakeFiles/orbbec_camera_msgs__rosidl_typesupport_fastrtps_c.dir/rosidl_typesupport_fastrtps_c/orbbec_camera_msgs/srv/detail/get_device_info__type_support_c.cpp.o\x1b[0m\n'}
[16.237415] (orbbec_camera_msgs) StdoutLine: {'line': b'[ 61%] \x1b[32mBuilding CXX object CMakeFiles/orbbec_camera_msgs__rosidl_typesupport_cpp.dir/rosidl_typesupport_cpp/orbbec_camera_msgs/srv/get_string__type_support.cpp.o\x1b[0m\n'}
[16.240930] (orbbec_camera_msgs) StdoutLine: {'line': b'[ 61%] \x1b[32mBuilding CXX object CMakeFiles/orbbec_camera_msgs__rosidl_typesupport_fastrtps_cpp.dir/rosidl_typesupport_fastrtps_cpp/orbbec_camera_msgs/msg/detail/dds_fastrtps/rgbd__type_support.cpp.o\x1b[0m\n'}
[16.266798] (-) TimerEvent: {}
[16.367587] (-) TimerEvent: {}
[16.426771] (orbbec_camera_msgs) StdoutLine: {'line': b'[ 62%] \x1b[32mBuilding CXX object CMakeFiles/orbbec_camera_msgs__rosidl_typesupport_fastrtps_cpp.dir/rosidl_typesupport_fastrtps_cpp/orbbec_camera_msgs/msg/detail/dds_fastrtps/stream_profile__type_support.cpp.o\x1b[0m\n'}
[16.467798] (-) TimerEvent: {}
[16.568580] (-) TimerEvent: {}
[16.669382] (-) TimerEvent: {}
[16.770187] (-) TimerEvent: {}
[16.821206] (orbbec_camera_msgs) StdoutLine: {'line': b'[ 64%] \x1b[32mBuilding CXX object CMakeFiles/orbbec_camera_msgs__rosidl_typesupport_introspection_cpp.dir/rosidl_typesupport_introspection_cpp/orbbec_camera_msgs/srv/detail/get_bool__type_support.cpp.o\x1b[0m\n'}
[16.821950] (orbbec_camera_msgs) StdoutLine: {'line': b'[ 64%] \x1b[32mBuilding CXX object CMakeFiles/orbbec_camera_msgs__rosidl_typesupport_cpp.dir/rosidl_typesupport_cpp/orbbec_camera_msgs/srv/set_int32__type_support.cpp.o\x1b[0m\n'}
[16.870401] (-) TimerEvent: {}
[16.931803] (orbbec_camera_msgs) StdoutLine: {'line': b'[ 64%] \x1b[32mBuilding CXX object CMakeFiles/orbbec_camera_msgs__rosidl_typesupport_cpp.dir/rosidl_typesupport_cpp/orbbec_camera_msgs/srv/set_string__type_support.cpp.o\x1b[0m\n'}
[16.954600] (orbbec_camera_msgs) StdoutLine: {'line': b'[ 65%] \x1b[32mBuilding CXX object CMakeFiles/orbbec_camera_msgs__rosidl_typesupport_fastrtps_c.dir/rosidl_typesupport_fastrtps_c/orbbec_camera_msgs/srv/detail/get_camera_info__type_support_c.cpp.o\x1b[0m\n'}
[16.970607] (-) TimerEvent: {}
[17.071318] (-) TimerEvent: {}
[17.085751] (orbbec_camera_msgs) StdoutLine: {'line': b'[ 66%] \x1b[32mBuilding CXX object CMakeFiles/orbbec_camera_msgs__rosidl_typesupport_fastrtps_cpp.dir/rosidl_typesupport_fastrtps_cpp/orbbec_camera_msgs/srv/detail/dds_fastrtps/get_bool__type_support.cpp.o\x1b[0m\n'}
[17.171510] (-) TimerEvent: {}
[17.255048] (orbbec_camera_msgs) StdoutLine: {'line': b'[ 67%] \x1b[32mBuilding CXX object CMakeFiles/orbbec_camera_msgs__rosidl_typesupport_fastrtps_cpp.dir/rosidl_typesupport_fastrtps_cpp/orbbec_camera_msgs/srv/detail/dds_fastrtps/get_device_info__type_support.cpp.o\x1b[0m\n'}
[17.271727] (-) TimerEvent: {}
[17.358473] (orbbec_camera_msgs) StdoutLine: {'line': b'[ 67%] \x1b[32mBuilding CXX object CMakeFiles/orbbec_camera_msgs__rosidl_typesupport_fastrtps_cpp.dir/rosidl_typesupport_fastrtps_cpp/orbbec_camera_msgs/srv/detail/dds_fastrtps/get_camera_info__type_support.cpp.o\x1b[0m\n'}
[17.371940] (-) TimerEvent: {}
[17.473150] (-) TimerEvent: {}
[17.530922] (orbbec_camera_msgs) StdoutLine: {'line': b'[ 68%] \x1b[32mBuilding CXX object CMakeFiles/orbbec_camera_msgs__rosidl_typesupport_cpp.dir/rosidl_typesupport_cpp/orbbec_camera_msgs/srv/set_stream_profile__type_support.cpp.o\x1b[0m\n'}
[17.573369] (-) TimerEvent: {}
[17.652357] (orbbec_camera_msgs) StdoutLine: {'line': b'[ 69%] \x1b[32mBuilding CXX object CMakeFiles/orbbec_camera_msgs__rosidl_typesupport_introspection_cpp.dir/rosidl_typesupport_introspection_cpp/orbbec_camera_msgs/srv/detail/get_device_info__type_support.cpp.o\x1b[0m\n'}
[17.673578] (-) TimerEvent: {}
[17.723649] (orbbec_camera_msgs) StdoutLine: {'line': b'[ 70%] \x1b[32mBuilding CXX object CMakeFiles/orbbec_camera_msgs__rosidl_typesupport_fastrtps_c.dir/rosidl_typesupport_fastrtps_c/orbbec_camera_msgs/srv/detail/get_int32__type_support_c.cpp.o\x1b[0m\n'}
[17.773820] (-) TimerEvent: {}
[17.875067] (-) TimerEvent: {}
[17.960460] (orbbec_camera_msgs) StdoutLine: {'line': b'[ 71%] \x1b[32mBuilding CXX object CMakeFiles/orbbec_camera_msgs__rosidl_typesupport_fastrtps_cpp.dir/rosidl_typesupport_fastrtps_cpp/orbbec_camera_msgs/srv/detail/dds_fastrtps/get_int32__type_support.cpp.o\x1b[0m\n'}
[17.975314] (-) TimerEvent: {}
[18.076334] (orbbec_camera_msgs) StdoutLine: {'line': b'[ 72%] \x1b[32mBuilding CXX object CMakeFiles/orbbec_camera_msgs__rosidl_typesupport_fastrtps_cpp.dir/rosidl_typesupport_fastrtps_cpp/orbbec_camera_msgs/srv/detail/dds_fastrtps/get_string__type_support.cpp.o\x1b[0m\n'}
[18.076801] (-) TimerEvent: {}
[18.100827] (orbbec_camera_msgs) StdoutLine: {'line': b'[ 73%] \x1b[32m\x1b[1mLinking CXX shared library liborbbec_camera_msgs__rosidl_typesupport_cpp.so\x1b[0m\n'}
[18.177065] (-) TimerEvent: {}
[18.180096] (orbbec_camera_msgs) StdoutLine: {'line': b'[ 74%] \x1b[32mBuilding CXX object CMakeFiles/orbbec_camera_msgs__rosidl_typesupport_fastrtps_cpp.dir/rosidl_typesupport_fastrtps_cpp/orbbec_camera_msgs/srv/detail/dds_fastrtps/set_int32__type_support.cpp.o\x1b[0m\n'}
[18.180913] (orbbec_camera_msgs) StdoutLine: {'line': b'[ 74%] Built target orbbec_camera_msgs__rosidl_typesupport_cpp\n'}
[18.199603] (orbbec_camera_msgs) StdoutLine: {'line': b'[ 74%] \x1b[32mBuilding CXX object CMakeFiles/orbbec_camera_msgs__rosidl_typesupport_fastrtps_cpp.dir/rosidl_typesupport_fastrtps_cpp/orbbec_camera_msgs/srv/detail/dds_fastrtps/set_string__type_support.cpp.o\x1b[0m\n'}
[18.277293] (-) TimerEvent: {}
[18.378578] (-) TimerEvent: {}
[18.479888] (-) TimerEvent: {}
[18.492873] (orbbec_camera_msgs) StdoutLine: {'line': b'[ 75%] \x1b[32mBuilding CXX object CMakeFiles/orbbec_camera_msgs__rosidl_typesupport_fastrtps_c.dir/rosidl_typesupport_fastrtps_c/orbbec_camera_msgs/srv/detail/get_string__type_support_c.cpp.o\x1b[0m\n'}
[18.523563] (orbbec_camera_msgs) StdoutLine: {'line': b'[ 75%] \x1b[32mBuilding CXX object CMakeFiles/orbbec_camera_msgs__rosidl_typesupport_introspection_cpp.dir/rosidl_typesupport_introspection_cpp/orbbec_camera_msgs/srv/detail/get_camera_info__type_support.cpp.o\x1b[0m\n'}
[18.580087] (-) TimerEvent: {}
[18.681316] (-) TimerEvent: {}
[18.782565] (-) TimerEvent: {}
[18.833636] (orbbec_camera_msgs) StdoutLine: {'line': b'[ 76%] \x1b[32mBuilding CXX object CMakeFiles/orbbec_camera_msgs__rosidl_typesupport_fastrtps_cpp.dir/rosidl_typesupport_fastrtps_cpp/orbbec_camera_msgs/srv/detail/dds_fastrtps/set_stream_profile__type_support.cpp.o\x1b[0m\n'}
[18.882798] (-) TimerEvent: {}
[18.949382] (orbbec_camera_msgs) StdoutLine: {'line': b'[ 77%] \x1b[32mBuilding CXX object CMakeFiles/orbbec_camera_msgs__rosidl_typesupport_introspection_cpp.dir/rosidl_typesupport_introspection_cpp/orbbec_camera_msgs/srv/detail/get_int32__type_support.cpp.o\x1b[0m\n'}
[18.983041] (-) TimerEvent: {}
[18.993516] (orbbec_camera_msgs) StdoutLine: {'line': b'[ 78%] \x1b[32mBuilding CXX object CMakeFiles/orbbec_camera_msgs__rosidl_typesupport_introspection_cpp.dir/rosidl_typesupport_introspection_cpp/orbbec_camera_msgs/srv/detail/get_string__type_support.cpp.o\x1b[0m\n'}
[19.015652] (orbbec_camera_msgs) StdoutLine: {'line': b'[ 79%] \x1b[32mBuilding CXX object CMakeFiles/orbbec_camera_msgs__rosidl_typesupport_introspection_cpp.dir/rosidl_typesupport_introspection_cpp/orbbec_camera_msgs/srv/detail/set_int32__type_support.cpp.o\x1b[0m\n'}
[19.083292] (-) TimerEvent: {}
[19.184575] (-) TimerEvent: {}
[19.266781] (orbbec_camera_msgs) StdoutLine: {'line': b'[ 79%] \x1b[32mBuilding CXX object CMakeFiles/orbbec_camera_msgs__rosidl_typesupport_fastrtps_c.dir/rosidl_typesupport_fastrtps_c/orbbec_camera_msgs/srv/detail/set_int32__type_support_c.cpp.o\x1b[0m\n'}
[19.284798] (-) TimerEvent: {}
[19.376950] (orbbec_camera_msgs) StdoutLine: {'line': b'[ 79%] \x1b[32mBuilding CXX object CMakeFiles/orbbec_camera_msgs__rosidl_typesupport_introspection_cpp.dir/rosidl_typesupport_introspection_cpp/orbbec_camera_msgs/srv/detail/set_string__type_support.cpp.o\x1b[0m\n'}
[19.385014] (-) TimerEvent: {}
[19.486251] (-) TimerEvent: {}
[19.587595] (-) TimerEvent: {}
[19.688890] (-) TimerEvent: {}
[19.790063] (-) TimerEvent: {}
[19.793210] (orbbec_camera_msgs) StdoutLine: {'line': b'[ 80%] \x1b[32mBuilding CXX object CMakeFiles/orbbec_camera_msgs__rosidl_typesupport_fastrtps_c.dir/rosidl_typesupport_fastrtps_c/orbbec_camera_msgs/srv/detail/set_string__type_support_c.cpp.o\x1b[0m\n'}
[19.793787] (orbbec_camera_msgs) StdoutLine: {'line': b'[ 81%] \x1b[32mBuilding CXX object CMakeFiles/orbbec_camera_msgs__rosidl_typesupport_introspection_cpp.dir/rosidl_typesupport_introspection_cpp/orbbec_camera_msgs/srv/detail/set_stream_profile__type_support.cpp.o\x1b[0m\n'}
[19.813089] (orbbec_camera_msgs) StdoutLine: {'line': b'[ 82%] \x1b[32mBuilding CXX object CMakeFiles/orbbec_camera_msgs__rosidl_typesupport_fastrtps_c.dir/rosidl_typesupport_fastrtps_c/orbbec_camera_msgs/srv/detail/set_stream_profile__type_support_c.cpp.o\x1b[0m\n'}
[19.851993] (orbbec_camera_msgs) StdoutLine: {'line': b'[ 83%] \x1b[32m\x1b[1mLinking CXX shared library liborbbec_camera_msgs__rosidl_typesupport_fastrtps_cpp.so\x1b[0m\n'}
[19.890260] (-) TimerEvent: {}
[19.991455] (-) TimerEvent: {}
[20.052188] (orbbec_camera_msgs) StdoutLine: {'line': b'[ 83%] Built target orbbec_camera_msgs__rosidl_typesupport_fastrtps_cpp\n'}
[20.091634] (-) TimerEvent: {}
[20.192330] (-) TimerEvent: {}
[20.293020] (-) TimerEvent: {}
[20.393681] (-) TimerEvent: {}
[20.494312] (-) TimerEvent: {}
[20.513593] (orbbec_camera_msgs) StdoutLine: {'line': b'[ 84%] \x1b[32m\x1b[1mLinking CXX shared library liborbbec_camera_msgs__rosidl_typesupport_fastrtps_c.so\x1b[0m\n'}
[20.594497] (-) TimerEvent: {}
[20.648039] (orbbec_camera_msgs) StdoutLine: {'line': b'[ 85%] \x1b[32m\x1b[1mLinking CXX shared library liborbbec_camera_msgs__rosidl_typesupport_introspection_cpp.so\x1b[0m\n'}
[20.672055] (orbbec_camera_msgs) StdoutLine: {'line': b'[ 85%] Built target orbbec_camera_msgs__rosidl_typesupport_fastrtps_c\n'}
[20.694660] (-) TimerEvent: {}
[20.795296] (-) TimerEvent: {}
[20.810858] (orbbec_camera_msgs) StdoutLine: {'line': b'[ 85%] Built target orbbec_camera_msgs__rosidl_typesupport_introspection_cpp\n'}
[20.856379] (orbbec_camera_msgs) StdoutLine: {'line': b'[ 85%] Built target orbbec_camera_msgs\n'}
[20.895480] (-) TimerEvent: {}
[20.901127] (orbbec_camera_msgs) StdoutLine: {'line': b'[ 86%] \x1b[34m\x1b[1mGenerating Python code for ROS interfaces\x1b[0m\n'}
[20.995596] (-) TimerEvent: {}
[21.096108] (-) TimerEvent: {}
[21.196490] (-) TimerEvent: {}
[21.296836] (-) TimerEvent: {}
[21.397219] (-) TimerEvent: {}
[21.497521] (-) TimerEvent: {}
[21.597824] (-) TimerEvent: {}
[21.698174] (-) TimerEvent: {}
[21.798496] (-) TimerEvent: {}
[21.898780] (-) TimerEvent: {}
[21.999090] (-) TimerEvent: {}
[22.099380] (-) TimerEvent: {}
[22.199656] (-) TimerEvent: {}
[22.299958] (-) TimerEvent: {}
[22.400236] (-) TimerEvent: {}
[22.500467] (-) TimerEvent: {}
[22.600713] (-) TimerEvent: {}
[22.701011] (-) TimerEvent: {}
[22.801296] (-) TimerEvent: {}
[22.901538] (-) TimerEvent: {}
[23.001763] (-) TimerEvent: {}
[23.101991] (-) TimerEvent: {}
[23.202212] (-) TimerEvent: {}
[23.302462] (-) TimerEvent: {}
[23.402754] (-) TimerEvent: {}
[23.503052] (-) TimerEvent: {}
[23.603517] (-) TimerEvent: {}
[23.703937] (-) TimerEvent: {}
[23.804363] (-) TimerEvent: {}
[23.904611] (-) TimerEvent: {}
[24.004829] (-) TimerEvent: {}
[24.105070] (-) TimerEvent: {}
[24.205328] (-) TimerEvent: {}
[24.305642] (-) TimerEvent: {}
[24.406294] (-) TimerEvent: {}
[24.465705] (orbbec_camera_msgs) StdoutLine: {'line': b'[ 86%] Built target orbbec_camera_msgs__py\n'}
[24.506502] (-) TimerEvent: {}
[24.509151] (orbbec_camera_msgs) StdoutLine: {'line': b'[ 88%] \x1b[32mBuilding C object CMakeFiles/orbbec_camera_msgs__rosidl_generator_py.dir/rosidl_generator_py/orbbec_camera_msgs/msg/_device_info_s.c.o\x1b[0m\n'}
[24.509748] (orbbec_camera_msgs) StdoutLine: {'line': b'[ 89%] \x1b[32mBuilding C object CMakeFiles/orbbec_camera_msgs__rosidl_generator_py.dir/rosidl_generator_py/orbbec_camera_msgs/msg/_metadata_s.c.o\x1b[0m\n'}
[24.509967] (orbbec_camera_msgs) StdoutLine: {'line': b'[ 89%] \x1b[32mBuilding C object CMakeFiles/orbbec_camera_msgs__rosidl_generator_py.dir/rosidl_generator_py/orbbec_camera_msgs/msg/_extrinsics_s.c.o\x1b[0m\n'}
[24.510300] (orbbec_camera_msgs) StdoutLine: {'line': b'[ 89%] \x1b[32mBuilding C object CMakeFiles/orbbec_camera_msgs__rosidl_generator_py.dir/rosidl_generator_py/orbbec_camera_msgs/msg/_rgbd_s.c.o\x1b[0m\n'}
[24.510436] (orbbec_camera_msgs) StdoutLine: {'line': b'[ 89%] \x1b[32mBuilding C object CMakeFiles/orbbec_camera_msgs__rosidl_generator_py.dir/rosidl_generator_py/orbbec_camera_msgs/msg/_imu_info_s.c.o\x1b[0m\n'}
[24.517788] (orbbec_camera_msgs) StdoutLine: {'line': b'[ 90%] \x1b[32mBuilding C object CMakeFiles/orbbec_camera_msgs__rosidl_generator_py.dir/rosidl_generator_py/orbbec_camera_msgs/msg/_stream_profile_s.c.o\x1b[0m\n'}
[24.606715] (-) TimerEvent: {}
[24.707587] (-) TimerEvent: {}
[24.808279] (-) TimerEvent: {}
[24.809423] (orbbec_camera_msgs) StdoutLine: {'line': b'[ 92%] \x1b[32mBuilding C object CMakeFiles/orbbec_camera_msgs__rosidl_generator_py.dir/rosidl_generator_py/orbbec_camera_msgs/srv/_get_camera_info_s.c.o\x1b[0m\n'}
[24.809821] (orbbec_camera_msgs) StdoutLine: {'line': b'[ 92%] \x1b[32mBuilding C object CMakeFiles/orbbec_camera_msgs__rosidl_generator_py.dir/rosidl_generator_py/orbbec_camera_msgs/srv/_get_device_info_s.c.o\x1b[0m\n'}
[24.810003] (orbbec_camera_msgs) StdoutLine: {'line': b'[ 92%] \x1b[32mBuilding C object CMakeFiles/orbbec_camera_msgs__rosidl_generator_py.dir/rosidl_generator_py/orbbec_camera_msgs/srv/_get_bool_s.c.o\x1b[0m\n'}
[24.816722] (orbbec_camera_msgs) StdoutLine: {'line': b'[ 94%] \x1b[32mBuilding C object CMakeFiles/orbbec_camera_msgs__rosidl_generator_py.dir/rosidl_generator_py/orbbec_camera_msgs/srv/_get_string_s.c.o\x1b[0m\n'}
[24.817104] (orbbec_camera_msgs) StdoutLine: {'line': b'[ 94%] \x1b[32mBuilding C object CMakeFiles/orbbec_camera_msgs__rosidl_generator_py.dir/rosidl_generator_py/orbbec_camera_msgs/srv/_get_int32_s.c.o\x1b[0m\n'}
[24.834861] (orbbec_camera_msgs) StdoutLine: {'line': b'[ 95%] \x1b[32mBuilding C object CMakeFiles/orbbec_camera_msgs__rosidl_generator_py.dir/rosidl_generator_py/orbbec_camera_msgs/srv/_set_int32_s.c.o\x1b[0m\n'}
[24.908488] (-) TimerEvent: {}
[25.009176] (-) TimerEvent: {}
[25.030608] (orbbec_camera_msgs) StdoutLine: {'line': b'[ 96%] \x1b[32mBuilding C object CMakeFiles/orbbec_camera_msgs__rosidl_generator_py.dir/rosidl_generator_py/orbbec_camera_msgs/srv/_set_stream_profile_s.c.o\x1b[0m\n'}
[25.031258] (orbbec_camera_msgs) StdoutLine: {'line': b'[ 96%] \x1b[32mBuilding C object CMakeFiles/orbbec_camera_msgs__rosidl_generator_py.dir/rosidl_generator_py/orbbec_camera_msgs/srv/_set_string_s.c.o\x1b[0m\n'}
[25.109348] (-) TimerEvent: {}
[25.209944] (-) TimerEvent: {}
[25.255160] (orbbec_camera_msgs) StdoutLine: {'line': b'[ 97%] \x1b[32m\x1b[1mLinking C shared library rosidl_generator_py/orbbec_camera_msgs/liborbbec_camera_msgs__rosidl_generator_py.so\x1b[0m\n'}
[25.310048] (-) TimerEvent: {}
[25.360553] (orbbec_camera_msgs) StdoutLine: {'line': b'[ 97%] Built target orbbec_camera_msgs__rosidl_generator_py\n'}
[25.399418] (orbbec_camera_msgs) StdoutLine: {'line': b'[ 97%] \x1b[32mBuilding C object CMakeFiles/orbbec_camera_msgs__rosidl_typesupport_introspection_c__pyext.dir/rosidl_generator_py/orbbec_camera_msgs/_orbbec_camera_msgs_s.ep.rosidl_typesupport_introspection_c.c.o\x1b[0m\n'}
[25.399940] (orbbec_camera_msgs) StdoutLine: {'line': b'[ 97%] \x1b[32mBuilding C object CMakeFiles/orbbec_camera_msgs__rosidl_typesupport_fastrtps_c__pyext.dir/rosidl_generator_py/orbbec_camera_msgs/_orbbec_camera_msgs_s.ep.rosidl_typesupport_fastrtps_c.c.o\x1b[0m\n'}
[25.400116] (orbbec_camera_msgs) StdoutLine: {'line': b'[ 97%] \x1b[32mBuilding C object CMakeFiles/orbbec_camera_msgs__rosidl_typesupport_c__pyext.dir/rosidl_generator_py/orbbec_camera_msgs/_orbbec_camera_msgs_s.ep.rosidl_typesupport_c.c.o\x1b[0m\n'}
[25.410228] (-) TimerEvent: {}
[25.511560] (-) TimerEvent: {}
[25.612754] (-) TimerEvent: {}
[25.713824] (-) TimerEvent: {}
[25.772675] (orbbec_camera_msgs) StdoutLine: {'line': b'[ 99%] \x1b[32m\x1b[1mLinking C shared library rosidl_generator_py/orbbec_camera_msgs/orbbec_camera_msgs_s__rosidl_typesupport_c.cpython-310-aarch64-linux-gnu.so\x1b[0m\n'}
[25.773245] (orbbec_camera_msgs) StdoutLine: {'line': b'[ 99%] \x1b[32m\x1b[1mLinking C shared library rosidl_generator_py/orbbec_camera_msgs/orbbec_camera_msgs_s__rosidl_typesupport_introspection_c.cpython-310-aarch64-linux-gnu.so\x1b[0m\n'}
[25.773456] (orbbec_camera_msgs) StdoutLine: {'line': b'[100%] \x1b[32m\x1b[1mLinking C shared library rosidl_generator_py/orbbec_camera_msgs/orbbec_camera_msgs_s__rosidl_typesupport_fastrtps_c.cpython-310-aarch64-linux-gnu.so\x1b[0m\n'}
[25.814037] (-) TimerEvent: {}
[25.864303] (orbbec_camera_msgs) StdoutLine: {'line': b'[100%] Built target orbbec_camera_msgs__rosidl_typesupport_c__pyext\n'}
[25.864770] (orbbec_camera_msgs) StdoutLine: {'line': b'[100%] Built target orbbec_camera_msgs__rosidl_typesupport_introspection_c__pyext\n'}
[25.864927] (orbbec_camera_msgs) StdoutLine: {'line': b'[100%] Built target orbbec_camera_msgs__rosidl_typesupport_fastrtps_c__pyext\n'}
[25.892887] (orbbec_camera_msgs) CommandEnded: {'returncode': 0}
[25.895522] (orbbec_camera_msgs) JobProgress: {'identifier': 'orbbec_camera_msgs', 'progress': 'install'}
[25.914168] (-) TimerEvent: {}
[25.916440] (orbbec_camera_msgs) Command: {'cmd': ['/usr/bin/cmake', '--install', '/home/jetson/orbbec_ros2_ws/build/orbbec_camera_msgs'], 'cwd': '/home/jetson/orbbec_ros2_ws/build/orbbec_camera_msgs', 'env': OrderedDict([('LESSOPEN', '| /usr/bin/lesspipe %s'), ('no_proxy', 'localhost,127.0.0.1,::1'), ('LANGUAGE', 'en_US:en'), ('USER', 'jetson'), ('SSH_CLIENT', '192.168.43.64 60939 22'), ('LC_TIME', 'en_US.UTF-8'), ('XDG_SESSION_TYPE', 'tty'), ('SHLVL', '1'), ('LD_LIBRARY_PATH', '/home/jetson/yahboom_ws/install/interfaces/lib:/opt/ros/humble/opt/rviz_ogre_vendor/lib:/opt/ros/humble/lib/aarch64-linux-gnu:/opt/ros/humble/lib:/usr/local/lib:/usr/local/cuda-12.6/lib64:'), ('MOTD_SHOWN', 'pam'), ('HOME', '/home/jetson'), ('OLDPWD', '/home/jetson/orbbec_ros2_ws/src'), ('NO_PROXY', 'localhost,127.0.0.1,::1'), ('SSH_TTY', '/dev/pts/0'), ('JETSON_L4T', '36.4.7'), ('ROS_PYTHON_VERSION', '3'), ('JETSON_MODEL', 'NVIDIA Jetson Orin Nano Engineering Reference Developer Kit Super'), ('LC_MONETARY', 'en_US.UTF-8'), ('DBUS_SESSION_BUS_ADDRESS', 'unix:path=/run/user/1000/bus'), ('COLCON_PREFIX_PATH', '/home/jetson/yahboom_ws/install'), ('ROS_DISTRO', 'humble'), ('LOGNAME', 'jetson'), ('JETSON_MODULE', 'NVIDIA Jetson Orin Nano (4GB ram)'), ('JETSON_SERIAL_NUMBER', '1421725057752'), ('_', '/usr/bin/colcon'), ('ROS_VERSION', '2'), ('XDG_SESSION_CLASS', 'user'), ('TERM', 'xterm'), ('XDG_SESSION_ID', '3'), ('ISAAC_ROS_WS', '/home/jetson/workspaces/isaac_ros-dev/'), ('ROS_LOCALHOST_ONLY', '0'), ('PATH', '/home/jetson/.local/bin:/opt/ros/humble/bin:/usr/local/cuda-12.6/bin:/usr/local/sbin:/usr/local/bin:/usr/sbin:/usr/bin:/sbin:/bin:/usr/games:/usr/local/games:/snap/bin'), ('PAPERSIZE', 'letter'), ('LC_ADDRESS', 'en_US.UTF-8'), ('XDG_RUNTIME_DIR', '/run/user/1000'), ('DISPLAY', 'localhost:10.0'), ('LANG', 'en_US.UTF-8'), ('LC_TELEPHONE', 'en_US.UTF-8'), ('LS_COLORS', 'rs=0:di=01;34:ln=01;36:mh=00:pi=40;33:so=01;35:do=01;35:bd=40;33;01:cd=40;33;01:or=40;31;01:mi=00:su=37;41:sg=30;43:ca=30;41:tw=30;42:ow=34;42:st=37;44:ex=01;32:*.tar=01;31:*.tgz=01;31:*.arc=01;31:*.arj=01;31:*.taz=01;31:*.lha=01;31:*.lz4=01;31:*.lzh=01;31:*.lzma=01;31:*.tlz=01;31:*.txz=01;31:*.tzo=01;31:*.t7z=01;31:*.zip=01;31:*.z=01;31:*.dz=01;31:*.gz=01;31:*.lrz=01;31:*.lz=01;31:*.lzo=01;31:*.xz=01;31:*.zst=01;31:*.tzst=01;31:*.bz2=01;31:*.bz=01;31:*.tbz=01;31:*.tbz2=01;31:*.tz=01;31:*.deb=01;31:*.rpm=01;31:*.jar=01;31:*.war=01;31:*.ear=01;31:*.sar=01;31:*.rar=01;31:*.alz=01;31:*.ace=01;31:*.zoo=01;31:*.cpio=01;31:*.7z=01;31:*.rz=01;31:*.cab=01;31:*.wim=01;31:*.swm=01;31:*.dwm=01;31:*.esd=01;31:*.jpg=01;35:*.jpeg=01;35:*.mjpg=01;35:*.mjpeg=01;35:*.gif=01;35:*.bmp=01;35:*.pbm=01;35:*.pgm=01;35:*.ppm=01;35:*.tga=01;35:*.xbm=01;35:*.xpm=01;35:*.tif=01;35:*.tiff=01;35:*.png=01;35:*.svg=01;35:*.svgz=01;35:*.mng=01;35:*.pcx=01;35:*.mov=01;35:*.mpg=01;35:*.mpeg=01;35:*.m2v=01;35:*.mkv=01;35:*.webm=01;35:*.webp=01;35:*.ogm=01;35:*.mp4=01;35:*.m4v=01;35:*.mp4v=01;35:*.vob=01;35:*.qt=01;35:*.nuv=01;35:*.wmv=01;35:*.asf=01;35:*.rm=01;35:*.rmvb=01;35:*.flc=01;35:*.avi=01;35:*.fli=01;35:*.flv=01;35:*.gl=01;35:*.dl=01;35:*.xcf=01;35:*.xwd=01;35:*.yuv=01;35:*.cgm=01;35:*.emf=01;35:*.ogv=01;35:*.ogx=01;35:*.aac=00;36:*.au=00;36:*.flac=00;36:*.m4a=00;36:*.mid=00;36:*.midi=00;36:*.mka=00;36:*.mp3=00;36:*.mpc=00;36:*.ogg=00;36:*.ra=00;36:*.wav=00;36:*.oga=00;36:*.opus=00;36:*.spx=00;36:*.xspf=00;36:'), ('JETSON_SOC', 'tegra234'), ('ROS_DOMAIN_ID', '99'), ('AMENT_PREFIX_PATH', '/home/jetson/yahboom_ws/install/text_chat:/home/jetson/yahboom_ws/install/largemodel:/home/jetson/yahboom_ws/install/interfaces:/home/jetson/yahboom_ws/install/camera:/opt/ros/humble'), ('SHELL', '/bin/bash'), ('LC_NAME', 'en_US.UTF-8'), ('LESSCLOSE', '/usr/bin/lesspipe %s %s'), ('LC_MEASUREMENT', 'en_US.UTF-8'), ('LC_IDENTIFICATION', 'en_US.UTF-8'), ('JETSON_CUDA_ARCH_BIN', '8.7'), ('PWD', '/home/jetson/orbbec_ros2_ws/build/orbbec_camera_msgs'), ('SSH_CONNECTION', '192.168.43.64 60939 192.168.43.151 22'), ('XDG_DATA_DIRS', '/usr/share/gnome:/usr/local/share:/usr/share:/var/lib/snapd/desktop'), ('PYTHONPATH', '/home/jetson/yahboom_ws/install/text_chat/lib/python3.10/site-packages:/home/jetson/yahboom_ws/install/largemodel/lib/python3.10/site-packages:/home/jetson/yahboom_ws/install/interfaces/local/lib/python3.10/dist-packages:/home/jetson/yahboom_ws/install/camera/lib/python3.10/site-packages:/opt/ros/humble/lib/python3.10/site-packages:/opt/ros/humble/local/lib/python3.10/dist-packages:/usr/local/lib/python3.10/site-packages/:'), ('LC_NUMERIC', 'en_US.UTF-8'), ('LC_PAPER', 'en_US.UTF-8'), ('COLCON', '1'), ('JETSON_JETPACK', ''), ('CMAKE_PREFIX_PATH', '/home/jetson/yahboom_ws/install/interfaces:/home/jetson/yahboom_ws/install/text_chat:/home/jetson/yahboom_ws/install/largemodel:/home/jetson/yahboom_ws/install/camera:/opt/ros/humble'), ('JETSON_P_NUMBER', 'p3767-0004')]), 'shell': False}
[25.977258] (orbbec_camera_msgs) StdoutLine: {'line': b'-- Install configuration: ""\n'}
[25.993048] (orbbec_camera_msgs) StdoutLine: {'line': b'-- Execute custom install script\n'}
[25.994957] (orbbec_camera_msgs) StdoutLine: {'line': b'-- Symlinking: /home/jetson/orbbec_ros2_ws/install/orbbec_camera_msgs/share/ament_index/resource_index/rosidl_interfaces/orbbec_camera_msgs\n'}
[26.014442] (-) TimerEvent: {}
[26.023753] (orbbec_camera_msgs) StdoutLine: {'line': b'-- Symlinking: /home/jetson/orbbec_ros2_ws/install/orbbec_camera_msgs/include/orbbec_camera_msgs/orbbec_camera_msgs/msg/detail/device_info__functions.h\n'}
[26.042720] (orbbec_camera_msgs) StdoutLine: {'line': b'-- Symlinking: /home/jetson/orbbec_ros2_ws/install/orbbec_camera_msgs/include/orbbec_camera_msgs/orbbec_camera_msgs/msg/detail/device_info__struct.h\n'}
[26.061056] (orbbec_camera_msgs) StdoutLine: {'line': b'-- Symlinking: /home/jetson/orbbec_ros2_ws/install/orbbec_camera_msgs/include/orbbec_camera_msgs/orbbec_camera_msgs/msg/detail/device_info__type_support.h\n'}
[26.078691] (orbbec_camera_msgs) StdoutLine: {'line': b'-- Symlinking: /home/jetson/orbbec_ros2_ws/install/orbbec_camera_msgs/include/orbbec_camera_msgs/orbbec_camera_msgs/msg/detail/extrinsics__functions.h\n'}
[26.097332] (orbbec_camera_msgs) StdoutLine: {'line': b'-- Symlinking: /home/jetson/orbbec_ros2_ws/install/orbbec_camera_msgs/include/orbbec_camera_msgs/orbbec_camera_msgs/msg/detail/extrinsics__struct.h\n'}
[26.114565] (-) TimerEvent: {}
[26.114992] (orbbec_camera_msgs) StdoutLine: {'line': b'-- Symlinking: /home/jetson/orbbec_ros2_ws/install/orbbec_camera_msgs/include/orbbec_camera_msgs/orbbec_camera_msgs/msg/detail/extrinsics__type_support.h\n'}
[26.133328] (orbbec_camera_msgs) StdoutLine: {'line': b'-- Symlinking: /home/jetson/orbbec_ros2_ws/install/orbbec_camera_msgs/include/orbbec_camera_msgs/orbbec_camera_msgs/msg/detail/imu_info__functions.h\n'}
[26.150706] (orbbec_camera_msgs) StdoutLine: {'line': b'-- Symlinking: /home/jetson/orbbec_ros2_ws/install/orbbec_camera_msgs/include/orbbec_camera_msgs/orbbec_camera_msgs/msg/detail/imu_info__struct.h\n'}
[26.168340] (orbbec_camera_msgs) StdoutLine: {'line': b'-- Symlinking: /home/jetson/orbbec_ros2_ws/install/orbbec_camera_msgs/include/orbbec_camera_msgs/orbbec_camera_msgs/msg/detail/imu_info__type_support.h\n'}
[26.185869] (orbbec_camera_msgs) StdoutLine: {'line': b'-- Symlinking: /home/jetson/orbbec_ros2_ws/install/orbbec_camera_msgs/include/orbbec_camera_msgs/orbbec_camera_msgs/msg/detail/metadata__functions.h\n'}
[26.203162] (orbbec_camera_msgs) StdoutLine: {'line': b'-- Symlinking: /home/jetson/orbbec_ros2_ws/install/orbbec_camera_msgs/include/orbbec_camera_msgs/orbbec_camera_msgs/msg/detail/metadata__struct.h\n'}
[26.214672] (-) TimerEvent: {}
[26.221903] (orbbec_camera_msgs) StdoutLine: {'line': b'-- Symlinking: /home/jetson/orbbec_ros2_ws/install/orbbec_camera_msgs/include/orbbec_camera_msgs/orbbec_camera_msgs/msg/detail/metadata__type_support.h\n'}
[26.239228] (orbbec_camera_msgs) StdoutLine: {'line': b'-- Symlinking: /home/jetson/orbbec_ros2_ws/install/orbbec_camera_msgs/include/orbbec_camera_msgs/orbbec_camera_msgs/msg/detail/rgbd__functions.h\n'}
[26.258174] (orbbec_camera_msgs) StdoutLine: {'line': b'-- Symlinking: /home/jetson/orbbec_ros2_ws/install/orbbec_camera_msgs/include/orbbec_camera_msgs/orbbec_camera_msgs/msg/detail/rgbd__struct.h\n'}
[26.276101] (orbbec_camera_msgs) StdoutLine: {'line': b'-- Symlinking: /home/jetson/orbbec_ros2_ws/install/orbbec_camera_msgs/include/orbbec_camera_msgs/orbbec_camera_msgs/msg/detail/rgbd__type_support.h\n'}
[26.294429] (orbbec_camera_msgs) StdoutLine: {'line': b'-- Symlinking: /home/jetson/orbbec_ros2_ws/install/orbbec_camera_msgs/include/orbbec_camera_msgs/orbbec_camera_msgs/msg/detail/stream_profile__functions.h\n'}
[26.313030] (orbbec_camera_msgs) StdoutLine: {'line': b'-- Symlinking: /home/jetson/orbbec_ros2_ws/install/orbbec_camera_msgs/include/orbbec_camera_msgs/orbbec_camera_msgs/msg/detail/stream_profile__struct.h\n'}
[26.314751] (-) TimerEvent: {}
[26.330716] (orbbec_camera_msgs) StdoutLine: {'line': b'-- Symlinking: /home/jetson/orbbec_ros2_ws/install/orbbec_camera_msgs/include/orbbec_camera_msgs/orbbec_camera_msgs/msg/detail/stream_profile__type_support.h\n'}
[26.348972] (orbbec_camera_msgs) StdoutLine: {'line': b'-- Symlinking: /home/jetson/orbbec_ros2_ws/install/orbbec_camera_msgs/include/orbbec_camera_msgs/orbbec_camera_msgs/msg/device_info.h\n'}
[26.366818] (orbbec_camera_msgs) StdoutLine: {'line': b'-- Symlinking: /home/jetson/orbbec_ros2_ws/install/orbbec_camera_msgs/include/orbbec_camera_msgs/orbbec_camera_msgs/msg/extrinsics.h\n'}
[26.385505] (orbbec_camera_msgs) StdoutLine: {'line': b'-- Symlinking: /home/jetson/orbbec_ros2_ws/install/orbbec_camera_msgs/include/orbbec_camera_msgs/orbbec_camera_msgs/msg/imu_info.h\n'}
[26.403418] (orbbec_camera_msgs) StdoutLine: {'line': b'-- Symlinking: /home/jetson/orbbec_ros2_ws/install/orbbec_camera_msgs/include/orbbec_camera_msgs/orbbec_camera_msgs/msg/metadata.h\n'}
[26.414861] (-) TimerEvent: {}
[26.421476] (orbbec_camera_msgs) StdoutLine: {'line': b'-- Symlinking: /home/jetson/orbbec_ros2_ws/install/orbbec_camera_msgs/include/orbbec_camera_msgs/orbbec_camera_msgs/msg/rgbd.h\n'}
[26.438924] (orbbec_camera_msgs) StdoutLine: {'line': b'-- Symlinking: /home/jetson/orbbec_ros2_ws/install/orbbec_camera_msgs/include/orbbec_camera_msgs/orbbec_camera_msgs/msg/rosidl_generator_c__visibility_control.h\n'}
[26.457507] (orbbec_camera_msgs) StdoutLine: {'line': b'-- Symlinking: /home/jetson/orbbec_ros2_ws/install/orbbec_camera_msgs/include/orbbec_camera_msgs/orbbec_camera_msgs/msg/stream_profile.h\n'}
[26.475914] (orbbec_camera_msgs) StdoutLine: {'line': b'-- Symlinking: /home/jetson/orbbec_ros2_ws/install/orbbec_camera_msgs/include/orbbec_camera_msgs/orbbec_camera_msgs/srv/detail/get_bool__functions.h\n'}
[26.494948] (orbbec_camera_msgs) StdoutLine: {'line': b'-- Symlinking: /home/jetson/orbbec_ros2_ws/install/orbbec_camera_msgs/include/orbbec_camera_msgs/orbbec_camera_msgs/srv/detail/get_bool__struct.h\n'}
[26.513349] (orbbec_camera_msgs) StdoutLine: {'line': b'-- Symlinking: /home/jetson/orbbec_ros2_ws/install/orbbec_camera_msgs/include/orbbec_camera_msgs/orbbec_camera_msgs/srv/detail/get_bool__type_support.h\n'}
[26.514940] (-) TimerEvent: {}
[26.532133] (orbbec_camera_msgs) StdoutLine: {'line': b'-- Symlinking: /home/jetson/orbbec_ros2_ws/install/orbbec_camera_msgs/include/orbbec_camera_msgs/orbbec_camera_msgs/srv/detail/get_camera_info__functions.h\n'}
[26.550202] (orbbec_camera_msgs) StdoutLine: {'line': b'-- Symlinking: /home/jetson/orbbec_ros2_ws/install/orbbec_camera_msgs/include/orbbec_camera_msgs/orbbec_camera_msgs/srv/detail/get_camera_info__struct.h\n'}
[26.569121] (orbbec_camera_msgs) StdoutLine: {'line': b'-- Symlinking: /home/jetson/orbbec_ros2_ws/install/orbbec_camera_msgs/include/orbbec_camera_msgs/orbbec_camera_msgs/srv/detail/get_camera_info__type_support.h\n'}
[26.589006] (orbbec_camera_msgs) StdoutLine: {'line': b'-- Symlinking: /home/jetson/orbbec_ros2_ws/install/orbbec_camera_msgs/include/orbbec_camera_msgs/orbbec_camera_msgs/srv/detail/get_device_info__functions.h\n'}
[26.609271] (orbbec_camera_msgs) StdoutLine: {'line': b'-- Symlinking: /home/jetson/orbbec_ros2_ws/install/orbbec_camera_msgs/include/orbbec_camera_msgs/orbbec_camera_msgs/srv/detail/get_device_info__struct.h\n'}
[26.615050] (-) TimerEvent: {}
[26.627693] (orbbec_camera_msgs) StdoutLine: {'line': b'-- Symlinking: /home/jetson/orbbec_ros2_ws/install/orbbec_camera_msgs/include/orbbec_camera_msgs/orbbec_camera_msgs/srv/detail/get_device_info__type_support.h\n'}
[26.646463] (orbbec_camera_msgs) StdoutLine: {'line': b'-- Symlinking: /home/jetson/orbbec_ros2_ws/install/orbbec_camera_msgs/include/orbbec_camera_msgs/orbbec_camera_msgs/srv/detail/get_int32__functions.h\n'}
[26.665200] (orbbec_camera_msgs) StdoutLine: {'line': b'-- Symlinking: /home/jetson/orbbec_ros2_ws/install/orbbec_camera_msgs/include/orbbec_camera_msgs/orbbec_camera_msgs/srv/detail/get_int32__struct.h\n'}
[26.682943] (orbbec_camera_msgs) StdoutLine: {'line': b'-- Symlinking: /home/jetson/orbbec_ros2_ws/install/orbbec_camera_msgs/include/orbbec_camera_msgs/orbbec_camera_msgs/srv/detail/get_int32__type_support.h\n'}
[26.700694] (orbbec_camera_msgs) StdoutLine: {'line': b'-- Symlinking: /home/jetson/orbbec_ros2_ws/install/orbbec_camera_msgs/include/orbbec_camera_msgs/orbbec_camera_msgs/srv/detail/get_string__functions.h\n'}
[26.715177] (-) TimerEvent: {}
[26.719595] (orbbec_camera_msgs) StdoutLine: {'line': b'-- Symlinking: /home/jetson/orbbec_ros2_ws/install/orbbec_camera_msgs/include/orbbec_camera_msgs/orbbec_camera_msgs/srv/detail/get_string__struct.h\n'}
[26.737567] (orbbec_camera_msgs) StdoutLine: {'line': b'-- Symlinking: /home/jetson/orbbec_ros2_ws/install/orbbec_camera_msgs/include/orbbec_camera_msgs/orbbec_camera_msgs/srv/detail/get_string__type_support.h\n'}
[26.754890] (orbbec_camera_msgs) StdoutLine: {'line': b'-- Symlinking: /home/jetson/orbbec_ros2_ws/install/orbbec_camera_msgs/include/orbbec_camera_msgs/orbbec_camera_msgs/srv/detail/set_int32__functions.h\n'}
[26.772370] (orbbec_camera_msgs) StdoutLine: {'line': b'-- Symlinking: /home/jetson/orbbec_ros2_ws/install/orbbec_camera_msgs/include/orbbec_camera_msgs/orbbec_camera_msgs/srv/detail/set_int32__struct.h\n'}
[26.793396] (orbbec_camera_msgs) StdoutLine: {'line': b'-- Symlinking: /home/jetson/orbbec_ros2_ws/install/orbbec_camera_msgs/include/orbbec_camera_msgs/orbbec_camera_msgs/srv/detail/set_int32__type_support.h\n'}
[26.812291] (orbbec_camera_msgs) StdoutLine: {'line': b'-- Symlinking: /home/jetson/orbbec_ros2_ws/install/orbbec_camera_msgs/include/orbbec_camera_msgs/orbbec_camera_msgs/srv/detail/set_stream_profile__functions.h\n'}
[26.815271] (-) TimerEvent: {}
[26.830124] (orbbec_camera_msgs) StdoutLine: {'line': b'-- Symlinking: /home/jetson/orbbec_ros2_ws/install/orbbec_camera_msgs/include/orbbec_camera_msgs/orbbec_camera_msgs/srv/detail/set_stream_profile__struct.h\n'}
[26.848636] (orbbec_camera_msgs) StdoutLine: {'line': b'-- Symlinking: /home/jetson/orbbec_ros2_ws/install/orbbec_camera_msgs/include/orbbec_camera_msgs/orbbec_camera_msgs/srv/detail/set_stream_profile__type_support.h\n'}
[26.866540] (orbbec_camera_msgs) StdoutLine: {'line': b'-- Symlinking: /home/jetson/orbbec_ros2_ws/install/orbbec_camera_msgs/include/orbbec_camera_msgs/orbbec_camera_msgs/srv/detail/set_string__functions.h\n'}
[26.885347] (orbbec_camera_msgs) StdoutLine: {'line': b'-- Symlinking: /home/jetson/orbbec_ros2_ws/install/orbbec_camera_msgs/include/orbbec_camera_msgs/orbbec_camera_msgs/srv/detail/set_string__struct.h\n'}
[26.903477] (orbbec_camera_msgs) StdoutLine: {'line': b'-- Symlinking: /home/jetson/orbbec_ros2_ws/install/orbbec_camera_msgs/include/orbbec_camera_msgs/orbbec_camera_msgs/srv/detail/set_string__type_support.h\n'}
[26.915421] (-) TimerEvent: {}
[26.920813] (orbbec_camera_msgs) StdoutLine: {'line': b'-- Symlinking: /home/jetson/orbbec_ros2_ws/install/orbbec_camera_msgs/include/orbbec_camera_msgs/orbbec_camera_msgs/srv/get_bool.h\n'}
[26.938430] (orbbec_camera_msgs) StdoutLine: {'line': b'-- Symlinking: /home/jetson/orbbec_ros2_ws/install/orbbec_camera_msgs/include/orbbec_camera_msgs/orbbec_camera_msgs/srv/get_camera_info.h\n'}
[26.956141] (orbbec_camera_msgs) StdoutLine: {'line': b'-- Symlinking: /home/jetson/orbbec_ros2_ws/install/orbbec_camera_msgs/include/orbbec_camera_msgs/orbbec_camera_msgs/srv/get_device_info.h\n'}
[26.974384] (orbbec_camera_msgs) StdoutLine: {'line': b'-- Symlinking: /home/jetson/orbbec_ros2_ws/install/orbbec_camera_msgs/include/orbbec_camera_msgs/orbbec_camera_msgs/srv/get_int32.h\n'}
[26.992271] (orbbec_camera_msgs) StdoutLine: {'line': b'-- Symlinking: /home/jetson/orbbec_ros2_ws/install/orbbec_camera_msgs/include/orbbec_camera_msgs/orbbec_camera_msgs/srv/get_string.h\n'}
[27.010424] (orbbec_camera_msgs) StdoutLine: {'line': b'-- Symlinking: /home/jetson/orbbec_ros2_ws/install/orbbec_camera_msgs/include/orbbec_camera_msgs/orbbec_camera_msgs/srv/set_int32.h\n'}
[27.015528] (-) TimerEvent: {}
[27.028451] (orbbec_camera_msgs) StdoutLine: {'line': b'-- Symlinking: /home/jetson/orbbec_ros2_ws/install/orbbec_camera_msgs/include/orbbec_camera_msgs/orbbec_camera_msgs/srv/set_stream_profile.h\n'}
[27.046584] (orbbec_camera_msgs) StdoutLine: {'line': b'-- Symlinking: /home/jetson/orbbec_ros2_ws/install/orbbec_camera_msgs/include/orbbec_camera_msgs/orbbec_camera_msgs/srv/set_string.h\n'}
[27.064454] (orbbec_camera_msgs) StdoutLine: {'line': b'-- Symlinking: /home/jetson/orbbec_ros2_ws/install/orbbec_camera_msgs/share/orbbec_camera_msgs/environment/library_path.sh\n'}
[27.082828] (orbbec_camera_msgs) StdoutLine: {'line': b'-- Symlinking: /home/jetson/orbbec_ros2_ws/install/orbbec_camera_msgs/share/orbbec_camera_msgs/environment/library_path.dsv\n'}
[27.102686] (orbbec_camera_msgs) StdoutLine: {'line': b'-- Symlinking: /home/jetson/orbbec_ros2_ws/install/orbbec_camera_msgs/include/orbbec_camera_msgs/orbbec_camera_msgs/msg/detail/device_info__rosidl_typesupport_fastrtps_c.h\n'}
[27.115666] (-) TimerEvent: {}
[27.120295] (orbbec_camera_msgs) StdoutLine: {'line': b'-- Symlinking: /home/jetson/orbbec_ros2_ws/install/orbbec_camera_msgs/include/orbbec_camera_msgs/orbbec_camera_msgs/msg/detail/extrinsics__rosidl_typesupport_fastrtps_c.h\n'}
[27.138408] (orbbec_camera_msgs) StdoutLine: {'line': b'-- Symlinking: /home/jetson/orbbec_ros2_ws/install/orbbec_camera_msgs/include/orbbec_camera_msgs/orbbec_camera_msgs/msg/detail/imu_info__rosidl_typesupport_fastrtps_c.h\n'}
[27.156482] (orbbec_camera_msgs) StdoutLine: {'line': b'-- Symlinking: /home/jetson/orbbec_ros2_ws/install/orbbec_camera_msgs/include/orbbec_camera_msgs/orbbec_camera_msgs/msg/detail/metadata__rosidl_typesupport_fastrtps_c.h\n'}
[27.174909] (orbbec_camera_msgs) StdoutLine: {'line': b'-- Symlinking: /home/jetson/orbbec_ros2_ws/install/orbbec_camera_msgs/include/orbbec_camera_msgs/orbbec_camera_msgs/msg/detail/rgbd__rosidl_typesupport_fastrtps_c.h\n'}
[27.193491] (orbbec_camera_msgs) StdoutLine: {'line': b'-- Symlinking: /home/jetson/orbbec_ros2_ws/install/orbbec_camera_msgs/include/orbbec_camera_msgs/orbbec_camera_msgs/msg/detail/stream_profile__rosidl_typesupport_fastrtps_c.h\n'}
[27.211214] (orbbec_camera_msgs) StdoutLine: {'line': b'-- Symlinking: /home/jetson/orbbec_ros2_ws/install/orbbec_camera_msgs/include/orbbec_camera_msgs/orbbec_camera_msgs/msg/rosidl_typesupport_fastrtps_c__visibility_control.h\n'}
[27.215753] (-) TimerEvent: {}
[27.230167] (orbbec_camera_msgs) StdoutLine: {'line': b'-- Symlinking: /home/jetson/orbbec_ros2_ws/install/orbbec_camera_msgs/include/orbbec_camera_msgs/orbbec_camera_msgs/srv/detail/get_bool__rosidl_typesupport_fastrtps_c.h\n'}
[27.248602] (orbbec_camera_msgs) StdoutLine: {'line': b'-- Symlinking: /home/jetson/orbbec_ros2_ws/install/orbbec_camera_msgs/include/orbbec_camera_msgs/orbbec_camera_msgs/srv/detail/get_camera_info__rosidl_typesupport_fastrtps_c.h\n'}
[27.266936] (orbbec_camera_msgs) StdoutLine: {'line': b'-- Symlinking: /home/jetson/orbbec_ros2_ws/install/orbbec_camera_msgs/include/orbbec_camera_msgs/orbbec_camera_msgs/srv/detail/get_device_info__rosidl_typesupport_fastrtps_c.h\n'}
[27.285628] (orbbec_camera_msgs) StdoutLine: {'line': b'-- Symlinking: /home/jetson/orbbec_ros2_ws/install/orbbec_camera_msgs/include/orbbec_camera_msgs/orbbec_camera_msgs/srv/detail/get_int32__rosidl_typesupport_fastrtps_c.h\n'}
[27.303576] (orbbec_camera_msgs) StdoutLine: {'line': b'-- Symlinking: /home/jetson/orbbec_ros2_ws/install/orbbec_camera_msgs/include/orbbec_camera_msgs/orbbec_camera_msgs/srv/detail/get_string__rosidl_typesupport_fastrtps_c.h\n'}
[27.315882] (-) TimerEvent: {}
[27.321837] (orbbec_camera_msgs) StdoutLine: {'line': b'-- Symlinking: /home/jetson/orbbec_ros2_ws/install/orbbec_camera_msgs/include/orbbec_camera_msgs/orbbec_camera_msgs/srv/detail/set_int32__rosidl_typesupport_fastrtps_c.h\n'}
[27.339066] (orbbec_camera_msgs) StdoutLine: {'line': b'-- Symlinking: /home/jetson/orbbec_ros2_ws/install/orbbec_camera_msgs/include/orbbec_camera_msgs/orbbec_camera_msgs/srv/detail/set_stream_profile__rosidl_typesupport_fastrtps_c.h\n'}
[27.357798] (orbbec_camera_msgs) StdoutLine: {'line': b'-- Symlinking: /home/jetson/orbbec_ros2_ws/install/orbbec_camera_msgs/include/orbbec_camera_msgs/orbbec_camera_msgs/srv/detail/set_string__rosidl_typesupport_fastrtps_c.h\n'}
[27.376180] (orbbec_camera_msgs) StdoutLine: {'line': b'-- Symlinking: /home/jetson/orbbec_ros2_ws/install/orbbec_camera_msgs/include/orbbec_camera_msgs/orbbec_camera_msgs/msg/detail/device_info__rosidl_typesupport_introspection_c.h\n'}
[27.395265] (orbbec_camera_msgs) StdoutLine: {'line': b'-- Symlinking: /home/jetson/orbbec_ros2_ws/install/orbbec_camera_msgs/include/orbbec_camera_msgs/orbbec_camera_msgs/msg/detail/extrinsics__rosidl_typesupport_introspection_c.h\n'}
[27.413310] (orbbec_camera_msgs) StdoutLine: {'line': b'-- Symlinking: /home/jetson/orbbec_ros2_ws/install/orbbec_camera_msgs/include/orbbec_camera_msgs/orbbec_camera_msgs/msg/detail/imu_info__rosidl_typesupport_introspection_c.h\n'}
[27.415966] (-) TimerEvent: {}
[27.431105] (orbbec_camera_msgs) StdoutLine: {'line': b'-- Symlinking: /home/jetson/orbbec_ros2_ws/install/orbbec_camera_msgs/include/orbbec_camera_msgs/orbbec_camera_msgs/msg/detail/metadata__rosidl_typesupport_introspection_c.h\n'}
[27.449436] (orbbec_camera_msgs) StdoutLine: {'line': b'-- Symlinking: /home/jetson/orbbec_ros2_ws/install/orbbec_camera_msgs/include/orbbec_camera_msgs/orbbec_camera_msgs/msg/detail/rgbd__rosidl_typesupport_introspection_c.h\n'}
[27.467159] (orbbec_camera_msgs) StdoutLine: {'line': b'-- Symlinking: /home/jetson/orbbec_ros2_ws/install/orbbec_camera_msgs/include/orbbec_camera_msgs/orbbec_camera_msgs/msg/detail/stream_profile__rosidl_typesupport_introspection_c.h\n'}
[27.485400] (orbbec_camera_msgs) StdoutLine: {'line': b'-- Symlinking: /home/jetson/orbbec_ros2_ws/install/orbbec_camera_msgs/include/orbbec_camera_msgs/orbbec_camera_msgs/msg/rosidl_typesupport_introspection_c__visibility_control.h\n'}
[27.502979] (orbbec_camera_msgs) StdoutLine: {'line': b'-- Symlinking: /home/jetson/orbbec_ros2_ws/install/orbbec_camera_msgs/include/orbbec_camera_msgs/orbbec_camera_msgs/srv/detail/get_bool__rosidl_typesupport_introspection_c.h\n'}
[27.516095] (-) TimerEvent: {}
[27.519967] (orbbec_camera_msgs) StdoutLine: {'line': b'-- Symlinking: /home/jetson/orbbec_ros2_ws/install/orbbec_camera_msgs/include/orbbec_camera_msgs/orbbec_camera_msgs/srv/detail/get_camera_info__rosidl_typesupport_introspection_c.h\n'}
[27.538214] (orbbec_camera_msgs) StdoutLine: {'line': b'-- Symlinking: /home/jetson/orbbec_ros2_ws/install/orbbec_camera_msgs/include/orbbec_camera_msgs/orbbec_camera_msgs/srv/detail/get_device_info__rosidl_typesupport_introspection_c.h\n'}
[27.556082] (orbbec_camera_msgs) StdoutLine: {'line': b'-- Symlinking: /home/jetson/orbbec_ros2_ws/install/orbbec_camera_msgs/include/orbbec_camera_msgs/orbbec_camera_msgs/srv/detail/get_int32__rosidl_typesupport_introspection_c.h\n'}
[27.573619] (orbbec_camera_msgs) StdoutLine: {'line': b'-- Symlinking: /home/jetson/orbbec_ros2_ws/install/orbbec_camera_msgs/include/orbbec_camera_msgs/orbbec_camera_msgs/srv/detail/get_string__rosidl_typesupport_introspection_c.h\n'}
[27.591014] (orbbec_camera_msgs) StdoutLine: {'line': b'-- Symlinking: /home/jetson/orbbec_ros2_ws/install/orbbec_camera_msgs/include/orbbec_camera_msgs/orbbec_camera_msgs/srv/detail/set_int32__rosidl_typesupport_introspection_c.h\n'}
[27.609502] (orbbec_camera_msgs) StdoutLine: {'line': b'-- Symlinking: /home/jetson/orbbec_ros2_ws/install/orbbec_camera_msgs/include/orbbec_camera_msgs/orbbec_camera_msgs/srv/detail/set_stream_profile__rosidl_typesupport_introspection_c.h\n'}
[27.616188] (-) TimerEvent: {}
[27.627288] (orbbec_camera_msgs) StdoutLine: {'line': b'-- Symlinking: /home/jetson/orbbec_ros2_ws/install/orbbec_camera_msgs/include/orbbec_camera_msgs/orbbec_camera_msgs/srv/detail/set_string__rosidl_typesupport_introspection_c.h\n'}
[27.648239] (orbbec_camera_msgs) StdoutLine: {'line': b'-- Symlinking: /home/jetson/orbbec_ros2_ws/install/orbbec_camera_msgs/include/orbbec_camera_msgs/orbbec_camera_msgs/msg/detail/device_info__builder.hpp\n'}
[27.668471] (orbbec_camera_msgs) StdoutLine: {'line': b'-- Symlinking: /home/jetson/orbbec_ros2_ws/install/orbbec_camera_msgs/include/orbbec_camera_msgs/orbbec_camera_msgs/msg/detail/device_info__struct.hpp\n'}
[27.686560] (orbbec_camera_msgs) StdoutLine: {'line': b'-- Symlinking: /home/jetson/orbbec_ros2_ws/install/orbbec_camera_msgs/include/orbbec_camera_msgs/orbbec_camera_msgs/msg/detail/device_info__traits.hpp\n'}
[27.704686] (orbbec_camera_msgs) StdoutLine: {'line': b'-- Symlinking: /home/jetson/orbbec_ros2_ws/install/orbbec_camera_msgs/include/orbbec_camera_msgs/orbbec_camera_msgs/msg/detail/device_info__type_support.hpp\n'}
[27.716317] (-) TimerEvent: {}
[27.721977] (orbbec_camera_msgs) StdoutLine: {'line': b'-- Symlinking: /home/jetson/orbbec_ros2_ws/install/orbbec_camera_msgs/include/orbbec_camera_msgs/orbbec_camera_msgs/msg/detail/extrinsics__builder.hpp\n'}
[27.740294] (orbbec_camera_msgs) StdoutLine: {'line': b'-- Symlinking: /home/jetson/orbbec_ros2_ws/install/orbbec_camera_msgs/include/orbbec_camera_msgs/orbbec_camera_msgs/msg/detail/extrinsics__struct.hpp\n'}
[27.758785] (orbbec_camera_msgs) StdoutLine: {'line': b'-- Symlinking: /home/jetson/orbbec_ros2_ws/install/orbbec_camera_msgs/include/orbbec_camera_msgs/orbbec_camera_msgs/msg/detail/extrinsics__traits.hpp\n'}
[27.776917] (orbbec_camera_msgs) StdoutLine: {'line': b'-- Symlinking: /home/jetson/orbbec_ros2_ws/install/orbbec_camera_msgs/include/orbbec_camera_msgs/orbbec_camera_msgs/msg/detail/extrinsics__type_support.hpp\n'}
[27.796687] (orbbec_camera_msgs) StdoutLine: {'line': b'-- Symlinking: /home/jetson/orbbec_ros2_ws/install/orbbec_camera_msgs/include/orbbec_camera_msgs/orbbec_camera_msgs/msg/detail/imu_info__builder.hpp\n'}
[27.814218] (orbbec_camera_msgs) StdoutLine: {'line': b'-- Symlinking: /home/jetson/orbbec_ros2_ws/install/orbbec_camera_msgs/include/orbbec_camera_msgs/orbbec_camera_msgs/msg/detail/imu_info__struct.hpp\n'}
[27.816400] (-) TimerEvent: {}
[27.832536] (orbbec_camera_msgs) StdoutLine: {'line': b'-- Symlinking: /home/jetson/orbbec_ros2_ws/install/orbbec_camera_msgs/include/orbbec_camera_msgs/orbbec_camera_msgs/msg/detail/imu_info__traits.hpp\n'}
[27.850134] (orbbec_camera_msgs) StdoutLine: {'line': b'-- Symlinking: /home/jetson/orbbec_ros2_ws/install/orbbec_camera_msgs/include/orbbec_camera_msgs/orbbec_camera_msgs/msg/detail/imu_info__type_support.hpp\n'}
[27.868307] (orbbec_camera_msgs) StdoutLine: {'line': b'-- Symlinking: /home/jetson/orbbec_ros2_ws/install/orbbec_camera_msgs/include/orbbec_camera_msgs/orbbec_camera_msgs/msg/detail/metadata__builder.hpp\n'}
[27.886697] (orbbec_camera_msgs) StdoutLine: {'line': b'-- Symlinking: /home/jetson/orbbec_ros2_ws/install/orbbec_camera_msgs/include/orbbec_camera_msgs/orbbec_camera_msgs/msg/detail/metadata__struct.hpp\n'}
[27.904678] (orbbec_camera_msgs) StdoutLine: {'line': b'-- Symlinking: /home/jetson/orbbec_ros2_ws/install/orbbec_camera_msgs/include/orbbec_camera_msgs/orbbec_camera_msgs/msg/detail/metadata__traits.hpp\n'}
[27.916544] (-) TimerEvent: {}
[27.922676] (orbbec_camera_msgs) StdoutLine: {'line': b'-- Symlinking: /home/jetson/orbbec_ros2_ws/install/orbbec_camera_msgs/include/orbbec_camera_msgs/orbbec_camera_msgs/msg/detail/metadata__type_support.hpp\n'}
[27.940838] (orbbec_camera_msgs) StdoutLine: {'line': b'-- Symlinking: /home/jetson/orbbec_ros2_ws/install/orbbec_camera_msgs/include/orbbec_camera_msgs/orbbec_camera_msgs/msg/detail/rgbd__builder.hpp\n'}
[27.958641] (orbbec_camera_msgs) StdoutLine: {'line': b'-- Symlinking: /home/jetson/orbbec_ros2_ws/install/orbbec_camera_msgs/include/orbbec_camera_msgs/orbbec_camera_msgs/msg/detail/rgbd__struct.hpp\n'}
[27.976471] (orbbec_camera_msgs) StdoutLine: {'line': b'-- Symlinking: /home/jetson/orbbec_ros2_ws/install/orbbec_camera_msgs/include/orbbec_camera_msgs/orbbec_camera_msgs/msg/detail/rgbd__traits.hpp\n'}
[27.993852] (orbbec_camera_msgs) StdoutLine: {'line': b'-- Symlinking: /home/jetson/orbbec_ros2_ws/install/orbbec_camera_msgs/include/orbbec_camera_msgs/orbbec_camera_msgs/msg/detail/rgbd__type_support.hpp\n'}
[28.011643] (orbbec_camera_msgs) StdoutLine: {'line': b'-- Symlinking: /home/jetson/orbbec_ros2_ws/install/orbbec_camera_msgs/include/orbbec_camera_msgs/orbbec_camera_msgs/msg/detail/stream_profile__builder.hpp\n'}
[28.016637] (-) TimerEvent: {}
[28.029433] (orbbec_camera_msgs) StdoutLine: {'line': b'-- Symlinking: /home/jetson/orbbec_ros2_ws/install/orbbec_camera_msgs/include/orbbec_camera_msgs/orbbec_camera_msgs/msg/detail/stream_profile__struct.hpp\n'}
[28.046762] (orbbec_camera_msgs) StdoutLine: {'line': b'-- Symlinking: /home/jetson/orbbec_ros2_ws/install/orbbec_camera_msgs/include/orbbec_camera_msgs/orbbec_camera_msgs/msg/detail/stream_profile__traits.hpp\n'}
[28.064608] (orbbec_camera_msgs) StdoutLine: {'line': b'-- Symlinking: /home/jetson/orbbec_ros2_ws/install/orbbec_camera_msgs/include/orbbec_camera_msgs/orbbec_camera_msgs/msg/detail/stream_profile__type_support.hpp\n'}
[28.081822] (orbbec_camera_msgs) StdoutLine: {'line': b'-- Symlinking: /home/jetson/orbbec_ros2_ws/install/orbbec_camera_msgs/include/orbbec_camera_msgs/orbbec_camera_msgs/msg/device_info.hpp\n'}
[28.099248] (orbbec_camera_msgs) StdoutLine: {'line': b'-- Symlinking: /home/jetson/orbbec_ros2_ws/install/orbbec_camera_msgs/include/orbbec_camera_msgs/orbbec_camera_msgs/msg/extrinsics.hpp\n'}
[28.116777] (-) TimerEvent: {}
[28.117387] (orbbec_camera_msgs) StdoutLine: {'line': b'-- Symlinking: /home/jetson/orbbec_ros2_ws/install/orbbec_camera_msgs/include/orbbec_camera_msgs/orbbec_camera_msgs/msg/imu_info.hpp\n'}
[28.135410] (orbbec_camera_msgs) StdoutLine: {'line': b'-- Symlinking: /home/jetson/orbbec_ros2_ws/install/orbbec_camera_msgs/include/orbbec_camera_msgs/orbbec_camera_msgs/msg/metadata.hpp\n'}
[28.152454] (orbbec_camera_msgs) StdoutLine: {'line': b'-- Symlinking: /home/jetson/orbbec_ros2_ws/install/orbbec_camera_msgs/include/orbbec_camera_msgs/orbbec_camera_msgs/msg/rgbd.hpp\n'}
[28.169604] (orbbec_camera_msgs) StdoutLine: {'line': b'-- Symlinking: /home/jetson/orbbec_ros2_ws/install/orbbec_camera_msgs/include/orbbec_camera_msgs/orbbec_camera_msgs/msg/rosidl_generator_cpp__visibility_control.hpp\n'}
[28.187037] (orbbec_camera_msgs) StdoutLine: {'line': b'-- Symlinking: /home/jetson/orbbec_ros2_ws/install/orbbec_camera_msgs/include/orbbec_camera_msgs/orbbec_camera_msgs/msg/stream_profile.hpp\n'}
[28.204900] (orbbec_camera_msgs) StdoutLine: {'line': b'-- Symlinking: /home/jetson/orbbec_ros2_ws/install/orbbec_camera_msgs/include/orbbec_camera_msgs/orbbec_camera_msgs/srv/detail/get_bool__builder.hpp\n'}
[28.216903] (-) TimerEvent: {}
[28.222851] (orbbec_camera_msgs) StdoutLine: {'line': b'-- Symlinking: /home/jetson/orbbec_ros2_ws/install/orbbec_camera_msgs/include/orbbec_camera_msgs/orbbec_camera_msgs/srv/detail/get_bool__struct.hpp\n'}
[28.240889] (orbbec_camera_msgs) StdoutLine: {'line': b'-- Symlinking: /home/jetson/orbbec_ros2_ws/install/orbbec_camera_msgs/include/orbbec_camera_msgs/orbbec_camera_msgs/srv/detail/get_bool__traits.hpp\n'}
[28.257985] (orbbec_camera_msgs) StdoutLine: {'line': b'-- Symlinking: /home/jetson/orbbec_ros2_ws/install/orbbec_camera_msgs/include/orbbec_camera_msgs/orbbec_camera_msgs/srv/detail/get_bool__type_support.hpp\n'}
[28.275752] (orbbec_camera_msgs) StdoutLine: {'line': b'-- Symlinking: /home/jetson/orbbec_ros2_ws/install/orbbec_camera_msgs/include/orbbec_camera_msgs/orbbec_camera_msgs/srv/detail/get_camera_info__builder.hpp\n'}
[28.293518] (orbbec_camera_msgs) StdoutLine: {'line': b'-- Symlinking: /home/jetson/orbbec_ros2_ws/install/orbbec_camera_msgs/include/orbbec_camera_msgs/orbbec_camera_msgs/srv/detail/get_camera_info__struct.hpp\n'}
[28.310747] (orbbec_camera_msgs) StdoutLine: {'line': b'-- Symlinking: /home/jetson/orbbec_ros2_ws/install/orbbec_camera_msgs/include/orbbec_camera_msgs/orbbec_camera_msgs/srv/detail/get_camera_info__traits.hpp\n'}
[28.317000] (-) TimerEvent: {}
[28.360492] (orbbec_camera_msgs) StdoutLine: {'line': b'-- Symlinking: /home/jetson/orbbec_ros2_ws/install/orbbec_camera_msgs/include/orbbec_camera_msgs/orbbec_camera_msgs/srv/detail/get_camera_info__type_support.hpp\n'}
[28.379212] (orbbec_camera_msgs) StdoutLine: {'line': b'-- Symlinking: /home/jetson/orbbec_ros2_ws/install/orbbec_camera_msgs/include/orbbec_camera_msgs/orbbec_camera_msgs/srv/detail/get_device_info__builder.hpp\n'}
[28.398105] (orbbec_camera_msgs) StdoutLine: {'line': b'-- Symlinking: /home/jetson/orbbec_ros2_ws/install/orbbec_camera_msgs/include/orbbec_camera_msgs/orbbec_camera_msgs/srv/detail/get_device_info__struct.hpp\n'}
[28.416894] (orbbec_camera_msgs) StdoutLine: {'line': b'-- Symlinking: /home/jetson/orbbec_ros2_ws/install/orbbec_camera_msgs/include/orbbec_camera_msgs/orbbec_camera_msgs/srv/detail/get_device_info__traits.hpp\n'}
[28.417205] (-) TimerEvent: {}
[28.434515] (orbbec_camera_msgs) StdoutLine: {'line': b'-- Symlinking: /home/jetson/orbbec_ros2_ws/install/orbbec_camera_msgs/include/orbbec_camera_msgs/orbbec_camera_msgs/srv/detail/get_device_info__type_support.hpp\n'}
[28.452448] (orbbec_camera_msgs) StdoutLine: {'line': b'-- Symlinking: /home/jetson/orbbec_ros2_ws/install/orbbec_camera_msgs/include/orbbec_camera_msgs/orbbec_camera_msgs/srv/detail/get_int32__builder.hpp\n'}
[28.470914] (orbbec_camera_msgs) StdoutLine: {'line': b'-- Symlinking: /home/jetson/orbbec_ros2_ws/install/orbbec_camera_msgs/include/orbbec_camera_msgs/orbbec_camera_msgs/srv/detail/get_int32__struct.hpp\n'}
[28.489264] (orbbec_camera_msgs) StdoutLine: {'line': b'-- Symlinking: /home/jetson/orbbec_ros2_ws/install/orbbec_camera_msgs/include/orbbec_camera_msgs/orbbec_camera_msgs/srv/detail/get_int32__traits.hpp\n'}
[28.517371] (-) TimerEvent: {}
[28.544362] (orbbec_camera_msgs) StdoutLine: {'line': b'-- Symlinking: /home/jetson/orbbec_ros2_ws/install/orbbec_camera_msgs/include/orbbec_camera_msgs/orbbec_camera_msgs/srv/detail/get_int32__type_support.hpp\n'}
[28.562644] (orbbec_camera_msgs) StdoutLine: {'line': b'-- Symlinking: /home/jetson/orbbec_ros2_ws/install/orbbec_camera_msgs/include/orbbec_camera_msgs/orbbec_camera_msgs/srv/detail/get_string__builder.hpp\n'}
[28.580923] (orbbec_camera_msgs) StdoutLine: {'line': b'-- Symlinking: /home/jetson/orbbec_ros2_ws/install/orbbec_camera_msgs/include/orbbec_camera_msgs/orbbec_camera_msgs/srv/detail/get_string__struct.hpp\n'}
[28.599016] (orbbec_camera_msgs) StdoutLine: {'line': b'-- Symlinking: /home/jetson/orbbec_ros2_ws/install/orbbec_camera_msgs/include/orbbec_camera_msgs/orbbec_camera_msgs/srv/detail/get_string__traits.hpp\n'}
[28.616892] (orbbec_camera_msgs) StdoutLine: {'line': b'-- Symlinking: /home/jetson/orbbec_ros2_ws/install/orbbec_camera_msgs/include/orbbec_camera_msgs/orbbec_camera_msgs/srv/detail/get_string__type_support.hpp\n'}
[28.617439] (-) TimerEvent: {}
[28.635280] (orbbec_camera_msgs) StdoutLine: {'line': b'-- Symlinking: /home/jetson/orbbec_ros2_ws/install/orbbec_camera_msgs/include/orbbec_camera_msgs/orbbec_camera_msgs/srv/detail/set_int32__builder.hpp\n'}
[28.652878] (orbbec_camera_msgs) StdoutLine: {'line': b'-- Symlinking: /home/jetson/orbbec_ros2_ws/install/orbbec_camera_msgs/include/orbbec_camera_msgs/orbbec_camera_msgs/srv/detail/set_int32__struct.hpp\n'}
[28.717604] (-) TimerEvent: {}
[28.732459] (orbbec_camera_msgs) StdoutLine: {'line': b'-- Symlinking: /home/jetson/orbbec_ros2_ws/install/orbbec_camera_msgs/include/orbbec_camera_msgs/orbbec_camera_msgs/srv/detail/set_int32__traits.hpp\n'}
[28.750799] (orbbec_camera_msgs) StdoutLine: {'line': b'-- Symlinking: /home/jetson/orbbec_ros2_ws/install/orbbec_camera_msgs/include/orbbec_camera_msgs/orbbec_camera_msgs/srv/detail/set_int32__type_support.hpp\n'}
[28.769627] (orbbec_camera_msgs) StdoutLine: {'line': b'-- Symlinking: /home/jetson/orbbec_ros2_ws/install/orbbec_camera_msgs/include/orbbec_camera_msgs/orbbec_camera_msgs/srv/detail/set_stream_profile__builder.hpp\n'}
[28.787434] (orbbec_camera_msgs) StdoutLine: {'line': b'-- Symlinking: /home/jetson/orbbec_ros2_ws/install/orbbec_camera_msgs/include/orbbec_camera_msgs/orbbec_camera_msgs/srv/detail/set_stream_profile__struct.hpp\n'}
[28.806550] (orbbec_camera_msgs) StdoutLine: {'line': b'-- Symlinking: /home/jetson/orbbec_ros2_ws/install/orbbec_camera_msgs/include/orbbec_camera_msgs/orbbec_camera_msgs/srv/detail/set_stream_profile__traits.hpp\n'}
[28.817698] (-) TimerEvent: {}
[28.825267] (orbbec_camera_msgs) StdoutLine: {'line': b'-- Symlinking: /home/jetson/orbbec_ros2_ws/install/orbbec_camera_msgs/include/orbbec_camera_msgs/orbbec_camera_msgs/srv/detail/set_stream_profile__type_support.hpp\n'}
[28.843012] (orbbec_camera_msgs) StdoutLine: {'line': b'-- Symlinking: /home/jetson/orbbec_ros2_ws/install/orbbec_camera_msgs/include/orbbec_camera_msgs/orbbec_camera_msgs/srv/detail/set_string__builder.hpp\n'}
[28.861611] (orbbec_camera_msgs) StdoutLine: {'line': b'-- Symlinking: /home/jetson/orbbec_ros2_ws/install/orbbec_camera_msgs/include/orbbec_camera_msgs/orbbec_camera_msgs/srv/detail/set_string__struct.hpp\n'}
[28.881977] (orbbec_camera_msgs) StdoutLine: {'line': b'-- Symlinking: /home/jetson/orbbec_ros2_ws/install/orbbec_camera_msgs/include/orbbec_camera_msgs/orbbec_camera_msgs/srv/detail/set_string__traits.hpp\n'}
[28.901705] (orbbec_camera_msgs) StdoutLine: {'line': b'-- Symlinking: /home/jetson/orbbec_ros2_ws/install/orbbec_camera_msgs/include/orbbec_camera_msgs/orbbec_camera_msgs/srv/detail/set_string__type_support.hpp\n'}
[28.917827] (-) TimerEvent: {}
[28.920061] (orbbec_camera_msgs) StdoutLine: {'line': b'-- Symlinking: /home/jetson/orbbec_ros2_ws/install/orbbec_camera_msgs/include/orbbec_camera_msgs/orbbec_camera_msgs/srv/get_bool.hpp\n'}
[28.938454] (orbbec_camera_msgs) StdoutLine: {'line': b'-- Symlinking: /home/jetson/orbbec_ros2_ws/install/orbbec_camera_msgs/include/orbbec_camera_msgs/orbbec_camera_msgs/srv/get_camera_info.hpp\n'}
[28.956562] (orbbec_camera_msgs) StdoutLine: {'line': b'-- Symlinking: /home/jetson/orbbec_ros2_ws/install/orbbec_camera_msgs/include/orbbec_camera_msgs/orbbec_camera_msgs/srv/get_device_info.hpp\n'}
[28.975090] (orbbec_camera_msgs) StdoutLine: {'line': b'-- Symlinking: /home/jetson/orbbec_ros2_ws/install/orbbec_camera_msgs/include/orbbec_camera_msgs/orbbec_camera_msgs/srv/get_int32.hpp\n'}
[28.994220] (orbbec_camera_msgs) StdoutLine: {'line': b'-- Symlinking: /home/jetson/orbbec_ros2_ws/install/orbbec_camera_msgs/include/orbbec_camera_msgs/orbbec_camera_msgs/srv/get_string.hpp\n'}
[29.012405] (orbbec_camera_msgs) StdoutLine: {'line': b'-- Symlinking: /home/jetson/orbbec_ros2_ws/install/orbbec_camera_msgs/include/orbbec_camera_msgs/orbbec_camera_msgs/srv/set_int32.hpp\n'}
[29.017928] (-) TimerEvent: {}
[29.031423] (orbbec_camera_msgs) StdoutLine: {'line': b'-- Symlinking: /home/jetson/orbbec_ros2_ws/install/orbbec_camera_msgs/include/orbbec_camera_msgs/orbbec_camera_msgs/srv/set_stream_profile.hpp\n'}
[29.048708] (orbbec_camera_msgs) StdoutLine: {'line': b'-- Symlinking: /home/jetson/orbbec_ros2_ws/install/orbbec_camera_msgs/include/orbbec_camera_msgs/orbbec_camera_msgs/srv/set_string.hpp\n'}
[29.068645] (orbbec_camera_msgs) StdoutLine: {'line': b'-- Symlinking: /home/jetson/orbbec_ros2_ws/install/orbbec_camera_msgs/include/orbbec_camera_msgs/orbbec_camera_msgs/msg/detail/device_info__rosidl_typesupport_fastrtps_cpp.hpp\n'}
[29.087702] (orbbec_camera_msgs) StdoutLine: {'line': b'-- Symlinking: /home/jetson/orbbec_ros2_ws/install/orbbec_camera_msgs/include/orbbec_camera_msgs/orbbec_camera_msgs/msg/detail/extrinsics__rosidl_typesupport_fastrtps_cpp.hpp\n'}
[29.105566] (orbbec_camera_msgs) StdoutLine: {'line': b'-- Symlinking: /home/jetson/orbbec_ros2_ws/install/orbbec_camera_msgs/include/orbbec_camera_msgs/orbbec_camera_msgs/msg/detail/imu_info__rosidl_typesupport_fastrtps_cpp.hpp\n'}
[29.118053] (-) TimerEvent: {}
[29.123218] (orbbec_camera_msgs) StdoutLine: {'line': b'-- Symlinking: /home/jetson/orbbec_ros2_ws/install/orbbec_camera_msgs/include/orbbec_camera_msgs/orbbec_camera_msgs/msg/detail/metadata__rosidl_typesupport_fastrtps_cpp.hpp\n'}
[29.141222] (orbbec_camera_msgs) StdoutLine: {'line': b'-- Symlinking: /home/jetson/orbbec_ros2_ws/install/orbbec_camera_msgs/include/orbbec_camera_msgs/orbbec_camera_msgs/msg/detail/rgbd__rosidl_typesupport_fastrtps_cpp.hpp\n'}
[29.159078] (orbbec_camera_msgs) StdoutLine: {'line': b'-- Symlinking: /home/jetson/orbbec_ros2_ws/install/orbbec_camera_msgs/include/orbbec_camera_msgs/orbbec_camera_msgs/msg/detail/stream_profile__rosidl_typesupport_fastrtps_cpp.hpp\n'}
[29.177550] (orbbec_camera_msgs) StdoutLine: {'line': b'-- Symlinking: /home/jetson/orbbec_ros2_ws/install/orbbec_camera_msgs/include/orbbec_camera_msgs/orbbec_camera_msgs/msg/rosidl_typesupport_fastrtps_cpp__visibility_control.h\n'}
[29.195034] (orbbec_camera_msgs) StdoutLine: {'line': b'-- Symlinking: /home/jetson/orbbec_ros2_ws/install/orbbec_camera_msgs/include/orbbec_camera_msgs/orbbec_camera_msgs/srv/detail/get_bool__rosidl_typesupport_fastrtps_cpp.hpp\n'}
[29.213185] (orbbec_camera_msgs) StdoutLine: {'line': b'-- Symlinking: /home/jetson/orbbec_ros2_ws/install/orbbec_camera_msgs/include/orbbec_camera_msgs/orbbec_camera_msgs/srv/detail/get_camera_info__rosidl_typesupport_fastrtps_cpp.hpp\n'}
[29.218148] (-) TimerEvent: {}
[29.230869] (orbbec_camera_msgs) StdoutLine: {'line': b'-- Symlinking: /home/jetson/orbbec_ros2_ws/install/orbbec_camera_msgs/include/orbbec_camera_msgs/orbbec_camera_msgs/srv/detail/get_device_info__rosidl_typesupport_fastrtps_cpp.hpp\n'}
[29.249440] (orbbec_camera_msgs) StdoutLine: {'line': b'-- Symlinking: /home/jetson/orbbec_ros2_ws/install/orbbec_camera_msgs/include/orbbec_camera_msgs/orbbec_camera_msgs/srv/detail/get_int32__rosidl_typesupport_fastrtps_cpp.hpp\n'}
[29.266688] (orbbec_camera_msgs) StdoutLine: {'line': b'-- Symlinking: /home/jetson/orbbec_ros2_ws/install/orbbec_camera_msgs/include/orbbec_camera_msgs/orbbec_camera_msgs/srv/detail/get_string__rosidl_typesupport_fastrtps_cpp.hpp\n'}
[29.285584] (orbbec_camera_msgs) StdoutLine: {'line': b'-- Symlinking: /home/jetson/orbbec_ros2_ws/install/orbbec_camera_msgs/include/orbbec_camera_msgs/orbbec_camera_msgs/srv/detail/set_int32__rosidl_typesupport_fastrtps_cpp.hpp\n'}
[29.303254] (orbbec_camera_msgs) StdoutLine: {'line': b'-- Symlinking: /home/jetson/orbbec_ros2_ws/install/orbbec_camera_msgs/include/orbbec_camera_msgs/orbbec_camera_msgs/srv/detail/set_stream_profile__rosidl_typesupport_fastrtps_cpp.hpp\n'}
[29.318266] (-) TimerEvent: {}
[29.321873] (orbbec_camera_msgs) StdoutLine: {'line': b'-- Symlinking: /home/jetson/orbbec_ros2_ws/install/orbbec_camera_msgs/include/orbbec_camera_msgs/orbbec_camera_msgs/srv/detail/set_string__rosidl_typesupport_fastrtps_cpp.hpp\n'}
[29.340643] (orbbec_camera_msgs) StdoutLine: {'line': b'-- Symlinking: /home/jetson/orbbec_ros2_ws/install/orbbec_camera_msgs/include/orbbec_camera_msgs/orbbec_camera_msgs/msg/detail/device_info__rosidl_typesupport_introspection_cpp.hpp\n'}
[29.359054] (orbbec_camera_msgs) StdoutLine: {'line': b'-- Symlinking: /home/jetson/orbbec_ros2_ws/install/orbbec_camera_msgs/include/orbbec_camera_msgs/orbbec_camera_msgs/msg/detail/extrinsics__rosidl_typesupport_introspection_cpp.hpp\n'}
[29.377770] (orbbec_camera_msgs) StdoutLine: {'line': b'-- Symlinking: /home/jetson/orbbec_ros2_ws/install/orbbec_camera_msgs/include/orbbec_camera_msgs/orbbec_camera_msgs/msg/detail/imu_info__rosidl_typesupport_introspection_cpp.hpp\n'}
[29.394943] (orbbec_camera_msgs) StdoutLine: {'line': b'-- Symlinking: /home/jetson/orbbec_ros2_ws/install/orbbec_camera_msgs/include/orbbec_camera_msgs/orbbec_camera_msgs/msg/detail/metadata__rosidl_typesupport_introspection_cpp.hpp\n'}
[29.412904] (orbbec_camera_msgs) StdoutLine: {'line': b'-- Symlinking: /home/jetson/orbbec_ros2_ws/install/orbbec_camera_msgs/include/orbbec_camera_msgs/orbbec_camera_msgs/msg/detail/rgbd__rosidl_typesupport_introspection_cpp.hpp\n'}
[29.418352] (-) TimerEvent: {}
[29.430738] (orbbec_camera_msgs) StdoutLine: {'line': b'-- Symlinking: /home/jetson/orbbec_ros2_ws/install/orbbec_camera_msgs/include/orbbec_camera_msgs/orbbec_camera_msgs/msg/detail/stream_profile__rosidl_typesupport_introspection_cpp.hpp\n'}
[29.451074] (orbbec_camera_msgs) StdoutLine: {'line': b'-- Symlinking: /home/jetson/orbbec_ros2_ws/install/orbbec_camera_msgs/include/orbbec_camera_msgs/orbbec_camera_msgs/srv/detail/get_bool__rosidl_typesupport_introspection_cpp.hpp\n'}
[29.470159] (orbbec_camera_msgs) StdoutLine: {'line': b'-- Symlinking: /home/jetson/orbbec_ros2_ws/install/orbbec_camera_msgs/include/orbbec_camera_msgs/orbbec_camera_msgs/srv/detail/get_camera_info__rosidl_typesupport_introspection_cpp.hpp\n'}
[29.487662] (orbbec_camera_msgs) StdoutLine: {'line': b'-- Symlinking: /home/jetson/orbbec_ros2_ws/install/orbbec_camera_msgs/include/orbbec_camera_msgs/orbbec_camera_msgs/srv/detail/get_device_info__rosidl_typesupport_introspection_cpp.hpp\n'}
[29.505449] (orbbec_camera_msgs) StdoutLine: {'line': b'-- Symlinking: /home/jetson/orbbec_ros2_ws/install/orbbec_camera_msgs/include/orbbec_camera_msgs/orbbec_camera_msgs/srv/detail/get_int32__rosidl_typesupport_introspection_cpp.hpp\n'}
[29.518469] (-) TimerEvent: {}
[29.526152] (orbbec_camera_msgs) StdoutLine: {'line': b'-- Symlinking: /home/jetson/orbbec_ros2_ws/install/orbbec_camera_msgs/include/orbbec_camera_msgs/orbbec_camera_msgs/srv/detail/get_string__rosidl_typesupport_introspection_cpp.hpp\n'}
[29.544762] (orbbec_camera_msgs) StdoutLine: {'line': b'-- Symlinking: /home/jetson/orbbec_ros2_ws/install/orbbec_camera_msgs/include/orbbec_camera_msgs/orbbec_camera_msgs/srv/detail/set_int32__rosidl_typesupport_introspection_cpp.hpp\n'}
[29.562320] (orbbec_camera_msgs) StdoutLine: {'line': b'-- Symlinking: /home/jetson/orbbec_ros2_ws/install/orbbec_camera_msgs/include/orbbec_camera_msgs/orbbec_camera_msgs/srv/detail/set_stream_profile__rosidl_typesupport_introspection_cpp.hpp\n'}
[29.580168] (orbbec_camera_msgs) StdoutLine: {'line': b'-- Symlinking: /home/jetson/orbbec_ros2_ws/install/orbbec_camera_msgs/include/orbbec_camera_msgs/orbbec_camera_msgs/srv/detail/set_string__rosidl_typesupport_introspection_cpp.hpp\n'}
[29.598432] (orbbec_camera_msgs) StdoutLine: {'line': b'-- Symlinking: /home/jetson/orbbec_ros2_ws/install/orbbec_camera_msgs/share/orbbec_camera_msgs/environment/pythonpath.sh\n'}
[29.616466] (orbbec_camera_msgs) StdoutLine: {'line': b'-- Symlinking: /home/jetson/orbbec_ros2_ws/install/orbbec_camera_msgs/share/orbbec_camera_msgs/environment/pythonpath.dsv\n'}
[29.618554] (-) TimerEvent: {}
[29.635940] (orbbec_camera_msgs) StdoutLine: {'line': b'-- Symlinking: /home/jetson/orbbec_ros2_ws/install/orbbec_camera_msgs/local/lib/python3.10/dist-packages/orbbec_camera_msgs-1.5.22-py3.10.egg-info/PKG-INFO\n'}
[29.654785] (orbbec_camera_msgs) StdoutLine: {'line': b'-- Symlinking: /home/jetson/orbbec_ros2_ws/install/orbbec_camera_msgs/local/lib/python3.10/dist-packages/orbbec_camera_msgs-1.5.22-py3.10.egg-info/SOURCES.txt\n'}
[29.673404] (orbbec_camera_msgs) StdoutLine: {'line': b'-- Symlinking: /home/jetson/orbbec_ros2_ws/install/orbbec_camera_msgs/local/lib/python3.10/dist-packages/orbbec_camera_msgs-1.5.22-py3.10.egg-info/dependency_links.txt\n'}
[29.690888] (orbbec_camera_msgs) StdoutLine: {'line': b'-- Symlinking: /home/jetson/orbbec_ros2_ws/install/orbbec_camera_msgs/local/lib/python3.10/dist-packages/orbbec_camera_msgs-1.5.22-py3.10.egg-info/top_level.txt\n'}
[29.710161] (orbbec_camera_msgs) StdoutLine: {'line': b'-- Symlinking: /home/jetson/orbbec_ros2_ws/install/orbbec_camera_msgs/local/lib/python3.10/dist-packages/orbbec_camera_msgs/__init__.py\n'}
[29.718675] (-) TimerEvent: {}
[29.729809] (orbbec_camera_msgs) StdoutLine: {'line': b'-- Symlinking: /home/jetson/orbbec_ros2_ws/install/orbbec_camera_msgs/local/lib/python3.10/dist-packages/orbbec_camera_msgs/_orbbec_camera_msgs_s.ep.rosidl_typesupport_c.c\n'}
[29.749834] (orbbec_camera_msgs) StdoutLine: {'line': b'-- Symlinking: /home/jetson/orbbec_ros2_ws/install/orbbec_camera_msgs/local/lib/python3.10/dist-packages/orbbec_camera_msgs/_orbbec_camera_msgs_s.ep.rosidl_typesupport_fastrtps_c.c\n'}
[29.767545] (orbbec_camera_msgs) StdoutLine: {'line': b'-- Symlinking: /home/jetson/orbbec_ros2_ws/install/orbbec_camera_msgs/local/lib/python3.10/dist-packages/orbbec_camera_msgs/_orbbec_camera_msgs_s.ep.rosidl_typesupport_introspection_c.c\n'}
[29.785567] (orbbec_camera_msgs) StdoutLine: {'line': b'-- Symlinking: /home/jetson/orbbec_ros2_ws/install/orbbec_camera_msgs/local/lib/python3.10/dist-packages/orbbec_camera_msgs/liborbbec_camera_msgs__rosidl_generator_py.so\n'}
[29.803346] (orbbec_camera_msgs) StdoutLine: {'line': b'-- Symlinking: /home/jetson/orbbec_ros2_ws/install/orbbec_camera_msgs/local/lib/python3.10/dist-packages/orbbec_camera_msgs/msg/__init__.py\n'}
[29.818784] (-) TimerEvent: {}
[29.821755] (orbbec_camera_msgs) StdoutLine: {'line': b'-- Symlinking: /home/jetson/orbbec_ros2_ws/install/orbbec_camera_msgs/local/lib/python3.10/dist-packages/orbbec_camera_msgs/msg/_device_info.py\n'}
[29.839071] (orbbec_camera_msgs) StdoutLine: {'line': b'-- Symlinking: /home/jetson/orbbec_ros2_ws/install/orbbec_camera_msgs/local/lib/python3.10/dist-packages/orbbec_camera_msgs/msg/_device_info_s.c\n'}
[29.857304] (orbbec_camera_msgs) StdoutLine: {'line': b'-- Symlinking: /home/jetson/orbbec_ros2_ws/install/orbbec_camera_msgs/local/lib/python3.10/dist-packages/orbbec_camera_msgs/msg/_extrinsics.py\n'}
[29.874965] (orbbec_camera_msgs) StdoutLine: {'line': b'-- Symlinking: /home/jetson/orbbec_ros2_ws/install/orbbec_camera_msgs/local/lib/python3.10/dist-packages/orbbec_camera_msgs/msg/_extrinsics_s.c\n'}
[29.892405] (orbbec_camera_msgs) StdoutLine: {'line': b'-- Symlinking: /home/jetson/orbbec_ros2_ws/install/orbbec_camera_msgs/local/lib/python3.10/dist-packages/orbbec_camera_msgs/msg/_imu_info.py\n'}
[29.910654] (orbbec_camera_msgs) StdoutLine: {'line': b'-- Symlinking: /home/jetson/orbbec_ros2_ws/install/orbbec_camera_msgs/local/lib/python3.10/dist-packages/orbbec_camera_msgs/msg/_imu_info_s.c\n'}
[29.918895] (-) TimerEvent: {}
[29.929946] (orbbec_camera_msgs) StdoutLine: {'line': b'-- Symlinking: /home/jetson/orbbec_ros2_ws/install/orbbec_camera_msgs/local/lib/python3.10/dist-packages/orbbec_camera_msgs/msg/_metadata.py\n'}
[29.947032] (orbbec_camera_msgs) StdoutLine: {'line': b'-- Symlinking: /home/jetson/orbbec_ros2_ws/install/orbbec_camera_msgs/local/lib/python3.10/dist-packages/orbbec_camera_msgs/msg/_metadata_s.c\n'}
[29.966146] (orbbec_camera_msgs) StdoutLine: {'line': b'-- Symlinking: /home/jetson/orbbec_ros2_ws/install/orbbec_camera_msgs/local/lib/python3.10/dist-packages/orbbec_camera_msgs/msg/_rgbd.py\n'}
[29.984868] (orbbec_camera_msgs) StdoutLine: {'line': b'-- Symlinking: /home/jetson/orbbec_ros2_ws/install/orbbec_camera_msgs/local/lib/python3.10/dist-packages/orbbec_camera_msgs/msg/_rgbd_s.c\n'}
[30.002649] (orbbec_camera_msgs) StdoutLine: {'line': b'-- Symlinking: /home/jetson/orbbec_ros2_ws/install/orbbec_camera_msgs/local/lib/python3.10/dist-packages/orbbec_camera_msgs/msg/_stream_profile.py\n'}
[30.019058] (-) TimerEvent: {}
[30.022673] (orbbec_camera_msgs) StdoutLine: {'line': b'-- Symlinking: /home/jetson/orbbec_ros2_ws/install/orbbec_camera_msgs/local/lib/python3.10/dist-packages/orbbec_camera_msgs/msg/_stream_profile_s.c\n'}
[30.042112] (orbbec_camera_msgs) StdoutLine: {'line': b'-- Symlinking: /home/jetson/orbbec_ros2_ws/install/orbbec_camera_msgs/local/lib/python3.10/dist-packages/orbbec_camera_msgs/orbbec_camera_msgs_s__rosidl_typesupport_c.cpython-310-aarch64-linux-gnu.so\n'}
[30.059950] (orbbec_camera_msgs) StdoutLine: {'line': b'-- Symlinking: /home/jetson/orbbec_ros2_ws/install/orbbec_camera_msgs/local/lib/python3.10/dist-packages/orbbec_camera_msgs/orbbec_camera_msgs_s__rosidl_typesupport_fastrtps_c.cpython-310-aarch64-linux-gnu.so\n'}
[30.077946] (orbbec_camera_msgs) StdoutLine: {'line': b'-- Symlinking: /home/jetson/orbbec_ros2_ws/install/orbbec_camera_msgs/local/lib/python3.10/dist-packages/orbbec_camera_msgs/orbbec_camera_msgs_s__rosidl_typesupport_introspection_c.cpython-310-aarch64-linux-gnu.so\n'}
[30.097135] (orbbec_camera_msgs) StdoutLine: {'line': b'-- Symlinking: /home/jetson/orbbec_ros2_ws/install/orbbec_camera_msgs/local/lib/python3.10/dist-packages/orbbec_camera_msgs/srv/__init__.py\n'}
[30.114826] (orbbec_camera_msgs) StdoutLine: {'line': b'-- Symlinking: /home/jetson/orbbec_ros2_ws/install/orbbec_camera_msgs/local/lib/python3.10/dist-packages/orbbec_camera_msgs/srv/_get_bool.py\n'}
[30.119158] (-) TimerEvent: {}
[30.135328] (orbbec_camera_msgs) StdoutLine: {'line': b'-- Symlinking: /home/jetson/orbbec_ros2_ws/install/orbbec_camera_msgs/local/lib/python3.10/dist-packages/orbbec_camera_msgs/srv/_get_bool_s.c\n'}
[30.153842] (orbbec_camera_msgs) StdoutLine: {'line': b'-- Symlinking: /home/jetson/orbbec_ros2_ws/install/orbbec_camera_msgs/local/lib/python3.10/dist-packages/orbbec_camera_msgs/srv/_get_camera_info.py\n'}
[30.172833] (orbbec_camera_msgs) StdoutLine: {'line': b'-- Symlinking: /home/jetson/orbbec_ros2_ws/install/orbbec_camera_msgs/local/lib/python3.10/dist-packages/orbbec_camera_msgs/srv/_get_camera_info_s.c\n'}
[30.190680] (orbbec_camera_msgs) StdoutLine: {'line': b'-- Symlinking: /home/jetson/orbbec_ros2_ws/install/orbbec_camera_msgs/local/lib/python3.10/dist-packages/orbbec_camera_msgs/srv/_get_device_info.py\n'}
[30.208355] (orbbec_camera_msgs) StdoutLine: {'line': b'-- Symlinking: /home/jetson/orbbec_ros2_ws/install/orbbec_camera_msgs/local/lib/python3.10/dist-packages/orbbec_camera_msgs/srv/_get_device_info_s.c\n'}
[30.219275] (-) TimerEvent: {}
[30.226604] (orbbec_camera_msgs) StdoutLine: {'line': b'-- Symlinking: /home/jetson/orbbec_ros2_ws/install/orbbec_camera_msgs/local/lib/python3.10/dist-packages/orbbec_camera_msgs/srv/_get_int32.py\n'}
[30.244500] (orbbec_camera_msgs) StdoutLine: {'line': b'-- Symlinking: /home/jetson/orbbec_ros2_ws/install/orbbec_camera_msgs/local/lib/python3.10/dist-packages/orbbec_camera_msgs/srv/_get_int32_s.c\n'}
[30.262547] (orbbec_camera_msgs) StdoutLine: {'line': b'-- Symlinking: /home/jetson/orbbec_ros2_ws/install/orbbec_camera_msgs/local/lib/python3.10/dist-packages/orbbec_camera_msgs/srv/_get_string.py\n'}
[30.280575] (orbbec_camera_msgs) StdoutLine: {'line': b'-- Symlinking: /home/jetson/orbbec_ros2_ws/install/orbbec_camera_msgs/local/lib/python3.10/dist-packages/orbbec_camera_msgs/srv/_get_string_s.c\n'}
[30.298089] (orbbec_camera_msgs) StdoutLine: {'line': b'-- Symlinking: /home/jetson/orbbec_ros2_ws/install/orbbec_camera_msgs/local/lib/python3.10/dist-packages/orbbec_camera_msgs/srv/_set_int32.py\n'}
[30.316113] (orbbec_camera_msgs) StdoutLine: {'line': b'-- Symlinking: /home/jetson/orbbec_ros2_ws/install/orbbec_camera_msgs/local/lib/python3.10/dist-packages/orbbec_camera_msgs/srv/_set_int32_s.c\n'}
[30.319367] (-) TimerEvent: {}
[30.334491] (orbbec_camera_msgs) StdoutLine: {'line': b'-- Symlinking: /home/jetson/orbbec_ros2_ws/install/orbbec_camera_msgs/local/lib/python3.10/dist-packages/orbbec_camera_msgs/srv/_set_stream_profile.py\n'}
[30.352562] (orbbec_camera_msgs) StdoutLine: {'line': b'-- Symlinking: /home/jetson/orbbec_ros2_ws/install/orbbec_camera_msgs/local/lib/python3.10/dist-packages/orbbec_camera_msgs/srv/_set_stream_profile_s.c\n'}
[30.369924] (orbbec_camera_msgs) StdoutLine: {'line': b'-- Symlinking: /home/jetson/orbbec_ros2_ws/install/orbbec_camera_msgs/local/lib/python3.10/dist-packages/orbbec_camera_msgs/srv/_set_string.py\n'}
[30.387543] (orbbec_camera_msgs) StdoutLine: {'line': b'-- Symlinking: /home/jetson/orbbec_ros2_ws/install/orbbec_camera_msgs/local/lib/python3.10/dist-packages/orbbec_camera_msgs/srv/_set_string_s.c\n'}
[30.406541] (orbbec_camera_msgs) StdoutLine: {'line': b'-- Up-to-date symlink: /home/jetson/orbbec_ros2_ws/install/orbbec_camera_msgs/local/lib/python3.10/dist-packages/orbbec_camera_msgs/orbbec_camera_msgs_s__rosidl_typesupport_fastrtps_c.cpython-310-aarch64-linux-gnu.so\n'}
[30.407114] (orbbec_camera_msgs) StdoutLine: {'line': b'-- Up-to-date symlink: /home/jetson/orbbec_ros2_ws/install/orbbec_camera_msgs/local/lib/python3.10/dist-packages/orbbec_camera_msgs/orbbec_camera_msgs_s__rosidl_typesupport_introspection_c.cpython-310-aarch64-linux-gnu.so\n'}
[30.407723] (orbbec_camera_msgs) StdoutLine: {'line': b'-- Up-to-date symlink: /home/jetson/orbbec_ros2_ws/install/orbbec_camera_msgs/local/lib/python3.10/dist-packages/orbbec_camera_msgs/orbbec_camera_msgs_s__rosidl_typesupport_c.cpython-310-aarch64-linux-gnu.so\n'}
[30.408471] (orbbec_camera_msgs) StdoutLine: {'line': b'-- Symlinking: /home/jetson/orbbec_ros2_ws/install/orbbec_camera_msgs/share/ament_index/resource_index/rust_packages/orbbec_camera_msgs\n'}
[30.419475] (-) TimerEvent: {}
[30.428672] (orbbec_camera_msgs) StdoutLine: {'line': b'-- Symlinking: /home/jetson/orbbec_ros2_ws/install/orbbec_camera_msgs/share/orbbec_camera_msgs/rust/Cargo.toml\n'}
[30.446871] (orbbec_camera_msgs) StdoutLine: {'line': b'-- Symlinking: /home/jetson/orbbec_ros2_ws/install/orbbec_camera_msgs/share/orbbec_camera_msgs/rust/build.rs\n'}
[30.464745] (orbbec_camera_msgs) StdoutLine: {'line': b'-- Symlinking: /home/jetson/orbbec_ros2_ws/install/orbbec_camera_msgs/share/orbbec_camera_msgs/rust/src/lib.rs\n'}
[30.482792] (orbbec_camera_msgs) StdoutLine: {'line': b'-- Symlinking: /home/jetson/orbbec_ros2_ws/install/orbbec_camera_msgs/share/orbbec_camera_msgs/rust/src/msg.rs\n'}
[30.501862] (orbbec_camera_msgs) StdoutLine: {'line': b'-- Symlinking: /home/jetson/orbbec_ros2_ws/install/orbbec_camera_msgs/share/orbbec_camera_msgs/rust/src/msg/rmw.rs\n'}
[30.519573] (orbbec_camera_msgs) StdoutLine: {'line': b'-- Symlinking: /home/jetson/orbbec_ros2_ws/install/orbbec_camera_msgs/share/orbbec_camera_msgs/rust/src/srv.rs\n'}
[30.519941] (-) TimerEvent: {}
[30.539444] (orbbec_camera_msgs) StdoutLine: {'line': b'-- Symlinking: /home/jetson/orbbec_ros2_ws/install/orbbec_camera_msgs/share/orbbec_camera_msgs/rust/src/srv/rmw.rs\n'}
[30.557904] (orbbec_camera_msgs) StdoutLine: {'line': b'-- Symlinking: /home/jetson/orbbec_ros2_ws/install/orbbec_camera_msgs/share/orbbec_camera_msgs/msg/DeviceInfo.idl\n'}
[30.575824] (orbbec_camera_msgs) StdoutLine: {'line': b'-- Symlinking: /home/jetson/orbbec_ros2_ws/install/orbbec_camera_msgs/share/orbbec_camera_msgs/msg/Extrinsics.idl\n'}
[30.593815] (orbbec_camera_msgs) StdoutLine: {'line': b'-- Symlinking: /home/jetson/orbbec_ros2_ws/install/orbbec_camera_msgs/share/orbbec_camera_msgs/msg/Metadata.idl\n'}
[30.612375] (orbbec_camera_msgs) StdoutLine: {'line': b'-- Symlinking: /home/jetson/orbbec_ros2_ws/install/orbbec_camera_msgs/share/orbbec_camera_msgs/msg/IMUInfo.idl\n'}
[30.620056] (-) TimerEvent: {}
[30.629982] (orbbec_camera_msgs) StdoutLine: {'line': b'-- Symlinking: /home/jetson/orbbec_ros2_ws/install/orbbec_camera_msgs/share/orbbec_camera_msgs/msg/RGBD.idl\n'}
[30.648449] (orbbec_camera_msgs) StdoutLine: {'line': b'-- Symlinking: /home/jetson/orbbec_ros2_ws/install/orbbec_camera_msgs/share/orbbec_camera_msgs/msg/StreamProfile.idl\n'}
[30.666524] (orbbec_camera_msgs) StdoutLine: {'line': b'-- Symlinking: /home/jetson/orbbec_ros2_ws/install/orbbec_camera_msgs/share/orbbec_camera_msgs/srv/GetBool.idl\n'}
[30.685321] (orbbec_camera_msgs) StdoutLine: {'line': b'-- Symlinking: /home/jetson/orbbec_ros2_ws/install/orbbec_camera_msgs/share/orbbec_camera_msgs/srv/GetDeviceInfo.idl\n'}
[30.703408] (orbbec_camera_msgs) StdoutLine: {'line': b'-- Symlinking: /home/jetson/orbbec_ros2_ws/install/orbbec_camera_msgs/share/orbbec_camera_msgs/srv/GetCameraInfo.idl\n'}
[30.720158] (-) TimerEvent: {}
[30.721942] (orbbec_camera_msgs) StdoutLine: {'line': b'-- Symlinking: /home/jetson/orbbec_ros2_ws/install/orbbec_camera_msgs/share/orbbec_camera_msgs/srv/GetInt32.idl\n'}
[30.741105] (orbbec_camera_msgs) StdoutLine: {'line': b'-- Symlinking: /home/jetson/orbbec_ros2_ws/install/orbbec_camera_msgs/share/orbbec_camera_msgs/srv/GetString.idl\n'}
[30.758739] (orbbec_camera_msgs) StdoutLine: {'line': b'-- Symlinking: /home/jetson/orbbec_ros2_ws/install/orbbec_camera_msgs/share/orbbec_camera_msgs/srv/SetInt32.idl\n'}
[30.776815] (orbbec_camera_msgs) StdoutLine: {'line': b'-- Symlinking: /home/jetson/orbbec_ros2_ws/install/orbbec_camera_msgs/share/orbbec_camera_msgs/srv/SetString.idl\n'}
[30.795010] (orbbec_camera_msgs) StdoutLine: {'line': b'-- Symlinking: /home/jetson/orbbec_ros2_ws/install/orbbec_camera_msgs/share/orbbec_camera_msgs/srv/SetStreamProfile.idl\n'}
[30.814067] (orbbec_camera_msgs) StdoutLine: {'line': b'-- Symlinking: /home/jetson/orbbec_ros2_ws/install/orbbec_camera_msgs/share/orbbec_camera_msgs/msg/DeviceInfo.msg\n'}
[30.820258] (-) TimerEvent: {}
[30.832089] (orbbec_camera_msgs) StdoutLine: {'line': b'-- Symlinking: /home/jetson/orbbec_ros2_ws/install/orbbec_camera_msgs/share/orbbec_camera_msgs/msg/Extrinsics.msg\n'}
[30.850372] (orbbec_camera_msgs) StdoutLine: {'line': b'-- Symlinking: /home/jetson/orbbec_ros2_ws/install/orbbec_camera_msgs/share/orbbec_camera_msgs/msg/Metadata.msg\n'}
[30.868153] (orbbec_camera_msgs) StdoutLine: {'line': b'-- Symlinking: /home/jetson/orbbec_ros2_ws/install/orbbec_camera_msgs/share/orbbec_camera_msgs/msg/IMUInfo.msg\n'}
[30.885649] (orbbec_camera_msgs) StdoutLine: {'line': b'-- Symlinking: /home/jetson/orbbec_ros2_ws/install/orbbec_camera_msgs/share/orbbec_camera_msgs/msg/RGBD.msg\n'}
[30.903583] (orbbec_camera_msgs) StdoutLine: {'line': b'-- Symlinking: /home/jetson/orbbec_ros2_ws/install/orbbec_camera_msgs/share/orbbec_camera_msgs/msg/StreamProfile.msg\n'}
[30.920360] (-) TimerEvent: {}
[30.922616] (orbbec_camera_msgs) StdoutLine: {'line': b'-- Symlinking: /home/jetson/orbbec_ros2_ws/install/orbbec_camera_msgs/share/orbbec_camera_msgs/srv/GetBool.srv\n'}
[30.941076] (orbbec_camera_msgs) StdoutLine: {'line': b'-- Symlinking: /home/jetson/orbbec_ros2_ws/install/orbbec_camera_msgs/share/orbbec_camera_msgs/srv/GetBool_Request.msg\n'}
[30.959416] (orbbec_camera_msgs) StdoutLine: {'line': b'-- Symlinking: /home/jetson/orbbec_ros2_ws/install/orbbec_camera_msgs/share/orbbec_camera_msgs/srv/GetBool_Response.msg\n'}
[30.977921] (orbbec_camera_msgs) StdoutLine: {'line': b'-- Symlinking: /home/jetson/orbbec_ros2_ws/install/orbbec_camera_msgs/share/orbbec_camera_msgs/srv/GetDeviceInfo.srv\n'}
[30.995668] (orbbec_camera_msgs) StdoutLine: {'line': b'-- Symlinking: /home/jetson/orbbec_ros2_ws/install/orbbec_camera_msgs/share/orbbec_camera_msgs/srv/GetDeviceInfo_Request.msg\n'}
[31.013553] (orbbec_camera_msgs) StdoutLine: {'line': b'-- Symlinking: /home/jetson/orbbec_ros2_ws/install/orbbec_camera_msgs/share/orbbec_camera_msgs/srv/GetDeviceInfo_Response.msg\n'}
[31.020462] (-) TimerEvent: {}
[31.031732] (orbbec_camera_msgs) StdoutLine: {'line': b'-- Symlinking: /home/jetson/orbbec_ros2_ws/install/orbbec_camera_msgs/share/orbbec_camera_msgs/srv/GetCameraInfo.srv\n'}
[31.049670] (orbbec_camera_msgs) StdoutLine: {'line': b'-- Symlinking: /home/jetson/orbbec_ros2_ws/install/orbbec_camera_msgs/share/orbbec_camera_msgs/srv/GetCameraInfo_Request.msg\n'}
[31.067569] (orbbec_camera_msgs) StdoutLine: {'line': b'-- Symlinking: /home/jetson/orbbec_ros2_ws/install/orbbec_camera_msgs/share/orbbec_camera_msgs/srv/GetCameraInfo_Response.msg\n'}
[31.085411] (orbbec_camera_msgs) StdoutLine: {'line': b'-- Symlinking: /home/jetson/orbbec_ros2_ws/install/orbbec_camera_msgs/share/orbbec_camera_msgs/srv/GetInt32.srv\n'}
[31.103776] (orbbec_camera_msgs) StdoutLine: {'line': b'-- Symlinking: /home/jetson/orbbec_ros2_ws/install/orbbec_camera_msgs/share/orbbec_camera_msgs/srv/GetInt32_Request.msg\n'}
[31.120569] (-) TimerEvent: {}
[31.121678] (orbbec_camera_msgs) StdoutLine: {'line': b'-- Symlinking: /home/jetson/orbbec_ros2_ws/install/orbbec_camera_msgs/share/orbbec_camera_msgs/srv/GetInt32_Response.msg\n'}
[31.139921] (orbbec_camera_msgs) StdoutLine: {'line': b'-- Symlinking: /home/jetson/orbbec_ros2_ws/install/orbbec_camera_msgs/share/orbbec_camera_msgs/srv/GetString.srv\n'}
[31.158192] (orbbec_camera_msgs) StdoutLine: {'line': b'-- Symlinking: /home/jetson/orbbec_ros2_ws/install/orbbec_camera_msgs/share/orbbec_camera_msgs/srv/GetString_Request.msg\n'}
[31.176263] (orbbec_camera_msgs) StdoutLine: {'line': b'-- Symlinking: /home/jetson/orbbec_ros2_ws/install/orbbec_camera_msgs/share/orbbec_camera_msgs/srv/GetString_Response.msg\n'}
[31.194491] (orbbec_camera_msgs) StdoutLine: {'line': b'-- Symlinking: /home/jetson/orbbec_ros2_ws/install/orbbec_camera_msgs/share/orbbec_camera_msgs/srv/SetInt32.srv\n'}
[31.212825] (orbbec_camera_msgs) StdoutLine: {'line': b'-- Symlinking: /home/jetson/orbbec_ros2_ws/install/orbbec_camera_msgs/share/orbbec_camera_msgs/srv/SetInt32_Request.msg\n'}
[31.220670] (-) TimerEvent: {}
[31.230816] (orbbec_camera_msgs) StdoutLine: {'line': b'-- Symlinking: /home/jetson/orbbec_ros2_ws/install/orbbec_camera_msgs/share/orbbec_camera_msgs/srv/SetInt32_Response.msg\n'}
[31.249642] (orbbec_camera_msgs) StdoutLine: {'line': b'-- Symlinking: /home/jetson/orbbec_ros2_ws/install/orbbec_camera_msgs/share/orbbec_camera_msgs/srv/SetString.srv\n'}
[31.268016] (orbbec_camera_msgs) StdoutLine: {'line': b'-- Symlinking: /home/jetson/orbbec_ros2_ws/install/orbbec_camera_msgs/share/orbbec_camera_msgs/srv/SetString_Request.msg\n'}
[31.285249] (orbbec_camera_msgs) StdoutLine: {'line': b'-- Symlinking: /home/jetson/orbbec_ros2_ws/install/orbbec_camera_msgs/share/orbbec_camera_msgs/srv/SetString_Response.msg\n'}
[31.303210] (orbbec_camera_msgs) StdoutLine: {'line': b'-- Symlinking: /home/jetson/orbbec_ros2_ws/install/orbbec_camera_msgs/share/orbbec_camera_msgs/srv/SetStreamProfile.srv\n'}
[31.320779] (-) TimerEvent: {}
[31.321191] (orbbec_camera_msgs) StdoutLine: {'line': b'-- Symlinking: /home/jetson/orbbec_ros2_ws/install/orbbec_camera_msgs/share/orbbec_camera_msgs/srv/SetStreamProfile_Request.msg\n'}
[31.340067] (orbbec_camera_msgs) StdoutLine: {'line': b'-- Symlinking: /home/jetson/orbbec_ros2_ws/install/orbbec_camera_msgs/share/orbbec_camera_msgs/srv/SetStreamProfile_Response.msg\n'}
[31.388662] (orbbec_camera_msgs) StdoutLine: {'line': b'-- Symlinking: /home/jetson/orbbec_ros2_ws/install/orbbec_camera_msgs/share/ament_index/resource_index/package_run_dependencies/orbbec_camera_msgs\n'}
[31.406817] (orbbec_camera_msgs) StdoutLine: {'line': b'-- Symlinking: /home/jetson/orbbec_ros2_ws/install/orbbec_camera_msgs/share/ament_index/resource_index/parent_prefix_path/orbbec_camera_msgs\n'}
[31.420887] (-) TimerEvent: {}
[31.426367] (orbbec_camera_msgs) StdoutLine: {'line': b'-- Symlinking: /home/jetson/orbbec_ros2_ws/install/orbbec_camera_msgs/share/orbbec_camera_msgs/environment/ament_prefix_path.sh\n'}
[31.445171] (orbbec_camera_msgs) StdoutLine: {'line': b'-- Symlinking: /home/jetson/orbbec_ros2_ws/install/orbbec_camera_msgs/share/orbbec_camera_msgs/environment/ament_prefix_path.dsv\n'}
[31.462972] (orbbec_camera_msgs) StdoutLine: {'line': b'-- Symlinking: /home/jetson/orbbec_ros2_ws/install/orbbec_camera_msgs/share/orbbec_camera_msgs/environment/path.sh\n'}
[31.481513] (orbbec_camera_msgs) StdoutLine: {'line': b'-- Symlinking: /home/jetson/orbbec_ros2_ws/install/orbbec_camera_msgs/share/orbbec_camera_msgs/environment/path.dsv\n'}
[31.499406] (orbbec_camera_msgs) StdoutLine: {'line': b'-- Symlinking: /home/jetson/orbbec_ros2_ws/install/orbbec_camera_msgs/share/orbbec_camera_msgs/local_setup.bash\n'}
[31.517333] (orbbec_camera_msgs) StdoutLine: {'line': b'-- Symlinking: /home/jetson/orbbec_ros2_ws/install/orbbec_camera_msgs/share/orbbec_camera_msgs/local_setup.sh\n'}
[31.520982] (-) TimerEvent: {}
[31.536108] (orbbec_camera_msgs) StdoutLine: {'line': b'-- Symlinking: /home/jetson/orbbec_ros2_ws/install/orbbec_camera_msgs/share/orbbec_camera_msgs/local_setup.zsh\n'}
[31.554602] (orbbec_camera_msgs) StdoutLine: {'line': b'-- Symlinking: /home/jetson/orbbec_ros2_ws/install/orbbec_camera_msgs/share/orbbec_camera_msgs/local_setup.dsv\n'}
[31.573295] (orbbec_camera_msgs) StdoutLine: {'line': b'-- Symlinking: /home/jetson/orbbec_ros2_ws/install/orbbec_camera_msgs/share/orbbec_camera_msgs/package.dsv\n'}
[31.591326] (orbbec_camera_msgs) StdoutLine: {'line': b'-- Symlinking: /home/jetson/orbbec_ros2_ws/install/orbbec_camera_msgs/share/ament_index/resource_index/packages/orbbec_camera_msgs\n'}
[31.609668] (orbbec_camera_msgs) StdoutLine: {'line': b'-- Symlinking: /home/jetson/orbbec_ros2_ws/install/orbbec_camera_msgs/share/orbbec_camera_msgs/cmake/rosidl_cmake-extras.cmake\n'}
[31.621090] (-) TimerEvent: {}
[31.627973] (orbbec_camera_msgs) StdoutLine: {'line': b'-- Symlinking: /home/jetson/orbbec_ros2_ws/install/orbbec_camera_msgs/share/orbbec_camera_msgs/cmake/ament_cmake_export_dependencies-extras.cmake\n'}
[31.646402] (orbbec_camera_msgs) StdoutLine: {'line': b'-- Symlinking: /home/jetson/orbbec_ros2_ws/install/orbbec_camera_msgs/share/orbbec_camera_msgs/cmake/ament_cmake_export_include_directories-extras.cmake\n'}
[31.664843] (orbbec_camera_msgs) StdoutLine: {'line': b'-- Symlinking: /home/jetson/orbbec_ros2_ws/install/orbbec_camera_msgs/share/orbbec_camera_msgs/cmake/ament_cmake_export_libraries-extras.cmake\n'}
[31.682993] (orbbec_camera_msgs) StdoutLine: {'line': b'-- Symlinking: /home/jetson/orbbec_ros2_ws/install/orbbec_camera_msgs/share/orbbec_camera_msgs/cmake/ament_cmake_export_targets-extras.cmake\n'}
[31.701378] (orbbec_camera_msgs) StdoutLine: {'line': b'-- Symlinking: /home/jetson/orbbec_ros2_ws/install/orbbec_camera_msgs/share/orbbec_camera_msgs/cmake/rosidl_cmake_export_typesupport_targets-extras.cmake\n'}
[31.719381] (orbbec_camera_msgs) StdoutLine: {'line': b'-- Symlinking: /home/jetson/orbbec_ros2_ws/install/orbbec_camera_msgs/share/orbbec_camera_msgs/cmake/rosidl_cmake_export_typesupport_libraries-extras.cmake\n'}
[31.721177] (-) TimerEvent: {}
[31.737634] (orbbec_camera_msgs) StdoutLine: {'line': b'-- Symlinking: /home/jetson/orbbec_ros2_ws/install/orbbec_camera_msgs/share/orbbec_camera_msgs/cmake/orbbec_camera_msgsConfig.cmake\n'}
[31.755763] (orbbec_camera_msgs) StdoutLine: {'line': b'-- Symlinking: /home/jetson/orbbec_ros2_ws/install/orbbec_camera_msgs/share/orbbec_camera_msgs/cmake/orbbec_camera_msgsConfig-version.cmake\n'}
[31.773406] (orbbec_camera_msgs) StdoutLine: {'line': b'-- Symlinking: /home/jetson/orbbec_ros2_ws/install/orbbec_camera_msgs/share/orbbec_camera_msgs/package.xml\n'}
[31.821306] (-) TimerEvent: {}
[31.822978] (orbbec_camera_msgs) StdoutLine: {'line': b'-- Installing: /home/jetson/orbbec_ros2_ws/install/orbbec_camera_msgs/lib/liborbbec_camera_msgs__rosidl_generator_c.so\n'}
[31.829905] (orbbec_camera_msgs) StdoutLine: {'line': b'-- Set runtime path of "/home/jetson/orbbec_ros2_ws/install/orbbec_camera_msgs/lib/liborbbec_camera_msgs__rosidl_generator_c.so" to ""\n'}
[31.830266] (orbbec_camera_msgs) StdoutLine: {'line': b'-- Installing: /home/jetson/orbbec_ros2_ws/install/orbbec_camera_msgs/lib/liborbbec_camera_msgs__rosidl_typesupport_fastrtps_c.so\n'}
[31.831708] (orbbec_camera_msgs) StdoutLine: {'line': b'-- Set runtime path of "/home/jetson/orbbec_ros2_ws/install/orbbec_camera_msgs/lib/liborbbec_camera_msgs__rosidl_typesupport_fastrtps_c.so" to ""\n'}
[31.832099] (orbbec_camera_msgs) StdoutLine: {'line': b'-- Installing: /home/jetson/orbbec_ros2_ws/install/orbbec_camera_msgs/lib/liborbbec_camera_msgs__rosidl_typesupport_introspection_c.so\n'}
[31.833228] (orbbec_camera_msgs) StdoutLine: {'line': b'-- Set runtime path of "/home/jetson/orbbec_ros2_ws/install/orbbec_camera_msgs/lib/liborbbec_camera_msgs__rosidl_typesupport_introspection_c.so" to ""\n'}
[31.833541] (orbbec_camera_msgs) StdoutLine: {'line': b'-- Installing: /home/jetson/orbbec_ros2_ws/install/orbbec_camera_msgs/lib/liborbbec_camera_msgs__rosidl_typesupport_c.so\n'}
[31.834592] (orbbec_camera_msgs) StdoutLine: {'line': b'-- Set runtime path of "/home/jetson/orbbec_ros2_ws/install/orbbec_camera_msgs/lib/liborbbec_camera_msgs__rosidl_typesupport_c.so" to ""\n'}
[31.834893] (orbbec_camera_msgs) StdoutLine: {'line': b'-- Installing: /home/jetson/orbbec_ros2_ws/install/orbbec_camera_msgs/lib/liborbbec_camera_msgs__rosidl_typesupport_fastrtps_cpp.so\n'}
[31.836504] (orbbec_camera_msgs) StdoutLine: {'line': b'-- Set runtime path of "/home/jetson/orbbec_ros2_ws/install/orbbec_camera_msgs/lib/liborbbec_camera_msgs__rosidl_typesupport_fastrtps_cpp.so" to ""\n'}
[31.836825] (orbbec_camera_msgs) StdoutLine: {'line': b'-- Installing: /home/jetson/orbbec_ros2_ws/install/orbbec_camera_msgs/lib/liborbbec_camera_msgs__rosidl_typesupport_introspection_cpp.so\n'}
[31.838454] (orbbec_camera_msgs) StdoutLine: {'line': b'-- Set runtime path of "/home/jetson/orbbec_ros2_ws/install/orbbec_camera_msgs/lib/liborbbec_camera_msgs__rosidl_typesupport_introspection_cpp.so" to ""\n'}
[31.838742] (orbbec_camera_msgs) StdoutLine: {'line': b'-- Installing: /home/jetson/orbbec_ros2_ws/install/orbbec_camera_msgs/lib/liborbbec_camera_msgs__rosidl_typesupport_cpp.so\n'}
[31.839941] (orbbec_camera_msgs) StdoutLine: {'line': b'-- Set runtime path of "/home/jetson/orbbec_ros2_ws/install/orbbec_camera_msgs/lib/liborbbec_camera_msgs__rosidl_typesupport_cpp.so" to ""\n'}
[31.921428] (-) TimerEvent: {}
[31.950557] (orbbec_camera_msgs) StdoutLine: {'line': b"Listing '/home/jetson/orbbec_ros2_ws/install/orbbec_camera_msgs/local/lib/python3.10/dist-packages/orbbec_camera_msgs'...\n"}
[31.950968] (orbbec_camera_msgs) StdoutLine: {'line': b"Compiling '/home/jetson/orbbec_ros2_ws/install/orbbec_camera_msgs/local/lib/python3.10/dist-packages/orbbec_camera_msgs/__init__.py'...\n"}
[31.951143] (orbbec_camera_msgs) StdoutLine: {'line': b"Listing '/home/jetson/orbbec_ros2_ws/install/orbbec_camera_msgs/local/lib/python3.10/dist-packages/orbbec_camera_msgs/msg'...\n"}
[31.951274] (orbbec_camera_msgs) StdoutLine: {'line': b"Compiling '/home/jetson/orbbec_ros2_ws/install/orbbec_camera_msgs/local/lib/python3.10/dist-packages/orbbec_camera_msgs/msg/__init__.py'...\n"}
[31.951386] (orbbec_camera_msgs) StdoutLine: {'line': b"Compiling '/home/jetson/orbbec_ros2_ws/install/orbbec_camera_msgs/local/lib/python3.10/dist-packages/orbbec_camera_msgs/msg/_device_info.py'...\n"}
[31.951492] (orbbec_camera_msgs) StdoutLine: {'line': b"Compiling '/home/jetson/orbbec_ros2_ws/install/orbbec_camera_msgs/local/lib/python3.10/dist-packages/orbbec_camera_msgs/msg/_extrinsics.py'...\n"}
[31.951594] (orbbec_camera_msgs) StdoutLine: {'line': b"Compiling '/home/jetson/orbbec_ros2_ws/install/orbbec_camera_msgs/local/lib/python3.10/dist-packages/orbbec_camera_msgs/msg/_imu_info.py'...\n"}
[31.951692] (orbbec_camera_msgs) StdoutLine: {'line': b"Compiling '/home/jetson/orbbec_ros2_ws/install/orbbec_camera_msgs/local/lib/python3.10/dist-packages/orbbec_camera_msgs/msg/_metadata.py'...\n"}
[31.951790] (orbbec_camera_msgs) StdoutLine: {'line': b"Compiling '/home/jetson/orbbec_ros2_ws/install/orbbec_camera_msgs/local/lib/python3.10/dist-packages/orbbec_camera_msgs/msg/_rgbd.py'...\n"}
[31.951886] (orbbec_camera_msgs) StdoutLine: {'line': b"Compiling '/home/jetson/orbbec_ros2_ws/install/orbbec_camera_msgs/local/lib/python3.10/dist-packages/orbbec_camera_msgs/msg/_stream_profile.py'...\n"}
[31.951982] (orbbec_camera_msgs) StdoutLine: {'line': b"Listing '/home/jetson/orbbec_ros2_ws/install/orbbec_camera_msgs/local/lib/python3.10/dist-packages/orbbec_camera_msgs/srv'...\n"}
[31.952080] (orbbec_camera_msgs) StdoutLine: {'line': b"Compiling '/home/jetson/orbbec_ros2_ws/install/orbbec_camera_msgs/local/lib/python3.10/dist-packages/orbbec_camera_msgs/srv/__init__.py'...\n"}
[31.952214] (orbbec_camera_msgs) StdoutLine: {'line': b"Compiling '/home/jetson/orbbec_ros2_ws/install/orbbec_camera_msgs/local/lib/python3.10/dist-packages/orbbec_camera_msgs/srv/_get_bool.py'...\n"}
[31.952313] (orbbec_camera_msgs) StdoutLine: {'line': b"Compiling '/home/jetson/orbbec_ros2_ws/install/orbbec_camera_msgs/local/lib/python3.10/dist-packages/orbbec_camera_msgs/srv/_get_camera_info.py'...\n"}
[31.952411] (orbbec_camera_msgs) StdoutLine: {'line': b"Compiling '/home/jetson/orbbec_ros2_ws/install/orbbec_camera_msgs/local/lib/python3.10/dist-packages/orbbec_camera_msgs/srv/_get_device_info.py'...\n"}
[31.952510] (orbbec_camera_msgs) StdoutLine: {'line': b"Compiling '/home/jetson/orbbec_ros2_ws/install/orbbec_camera_msgs/local/lib/python3.10/dist-packages/orbbec_camera_msgs/srv/_get_int32.py'...\n"}
[31.952608] (orbbec_camera_msgs) StdoutLine: {'line': b"Compiling '/home/jetson/orbbec_ros2_ws/install/orbbec_camera_msgs/local/lib/python3.10/dist-packages/orbbec_camera_msgs/srv/_get_string.py'...\n"}
[31.952705] (orbbec_camera_msgs) StdoutLine: {'line': b"Compiling '/home/jetson/orbbec_ros2_ws/install/orbbec_camera_msgs/local/lib/python3.10/dist-packages/orbbec_camera_msgs/srv/_set_int32.py'...\n"}
[31.952804] (orbbec_camera_msgs) StdoutLine: {'line': b"Compiling '/home/jetson/orbbec_ros2_ws/install/orbbec_camera_msgs/local/lib/python3.10/dist-packages/orbbec_camera_msgs/srv/_set_stream_profile.py'...\n"}
[31.952902] (orbbec_camera_msgs) StdoutLine: {'line': b"Compiling '/home/jetson/orbbec_ros2_ws/install/orbbec_camera_msgs/local/lib/python3.10/dist-packages/orbbec_camera_msgs/srv/_set_string.py'...\n"}
[31.962125] (orbbec_camera_msgs) StdoutLine: {'line': b'-- Installing: /home/jetson/orbbec_ros2_ws/install/orbbec_camera_msgs/lib/liborbbec_camera_msgs__rosidl_generator_py.so\n'}
[31.963029] (orbbec_camera_msgs) StdoutLine: {'line': b'-- Set runtime path of "/home/jetson/orbbec_ros2_ws/install/orbbec_camera_msgs/lib/liborbbec_camera_msgs__rosidl_generator_py.so" to ""\n'}
[31.963275] (orbbec_camera_msgs) StdoutLine: {'line': b'-- Installing: /home/jetson/orbbec_ros2_ws/install/orbbec_camera_msgs/share/orbbec_camera_msgs/cmake/export_orbbec_camera_msgs__rosidl_generator_cExport.cmake\n'}
[31.963783] (orbbec_camera_msgs) StdoutLine: {'line': b'-- Installing: /home/jetson/orbbec_ros2_ws/install/orbbec_camera_msgs/share/orbbec_camera_msgs/cmake/export_orbbec_camera_msgs__rosidl_generator_cExport-noconfig.cmake\n'}
[31.964328] (orbbec_camera_msgs) StdoutLine: {'line': b'-- Installing: /home/jetson/orbbec_ros2_ws/install/orbbec_camera_msgs/share/orbbec_camera_msgs/cmake/export_orbbec_camera_msgs__rosidl_typesupport_fastrtps_cExport.cmake\n'}
[31.964848] (orbbec_camera_msgs) StdoutLine: {'line': b'-- Installing: /home/jetson/orbbec_ros2_ws/install/orbbec_camera_msgs/share/orbbec_camera_msgs/cmake/export_orbbec_camera_msgs__rosidl_typesupport_fastrtps_cExport-noconfig.cmake\n'}
[31.965397] (orbbec_camera_msgs) StdoutLine: {'line': b'-- Installing: /home/jetson/orbbec_ros2_ws/install/orbbec_camera_msgs/share/orbbec_camera_msgs/cmake/orbbec_camera_msgs__rosidl_typesupport_introspection_cExport.cmake\n'}
[31.965939] (orbbec_camera_msgs) StdoutLine: {'line': b'-- Installing: /home/jetson/orbbec_ros2_ws/install/orbbec_camera_msgs/share/orbbec_camera_msgs/cmake/orbbec_camera_msgs__rosidl_typesupport_introspection_cExport-noconfig.cmake\n'}
[31.966469] (orbbec_camera_msgs) StdoutLine: {'line': b'-- Installing: /home/jetson/orbbec_ros2_ws/install/orbbec_camera_msgs/share/orbbec_camera_msgs/cmake/orbbec_camera_msgs__rosidl_typesupport_cExport.cmake\n'}
[31.967026] (orbbec_camera_msgs) StdoutLine: {'line': b'-- Installing: /home/jetson/orbbec_ros2_ws/install/orbbec_camera_msgs/share/orbbec_camera_msgs/cmake/orbbec_camera_msgs__rosidl_typesupport_cExport-noconfig.cmake\n'}
[31.967591] (orbbec_camera_msgs) StdoutLine: {'line': b'-- Installing: /home/jetson/orbbec_ros2_ws/install/orbbec_camera_msgs/share/orbbec_camera_msgs/cmake/export_orbbec_camera_msgs__rosidl_generator_cppExport.cmake\n'}
[31.968128] (orbbec_camera_msgs) StdoutLine: {'line': b'-- Installing: /home/jetson/orbbec_ros2_ws/install/orbbec_camera_msgs/share/orbbec_camera_msgs/cmake/export_orbbec_camera_msgs__rosidl_typesupport_fastrtps_cppExport.cmake\n'}
[31.968633] (orbbec_camera_msgs) StdoutLine: {'line': b'-- Installing: /home/jetson/orbbec_ros2_ws/install/orbbec_camera_msgs/share/orbbec_camera_msgs/cmake/export_orbbec_camera_msgs__rosidl_typesupport_fastrtps_cppExport-noconfig.cmake\n'}
[31.969155] (orbbec_camera_msgs) StdoutLine: {'line': b'-- Installing: /home/jetson/orbbec_ros2_ws/install/orbbec_camera_msgs/share/orbbec_camera_msgs/cmake/orbbec_camera_msgs__rosidl_typesupport_introspection_cppExport.cmake\n'}
[31.969667] (orbbec_camera_msgs) StdoutLine: {'line': b'-- Installing: /home/jetson/orbbec_ros2_ws/install/orbbec_camera_msgs/share/orbbec_camera_msgs/cmake/orbbec_camera_msgs__rosidl_typesupport_introspection_cppExport-noconfig.cmake\n'}
[31.970200] (orbbec_camera_msgs) StdoutLine: {'line': b'-- Installing: /home/jetson/orbbec_ros2_ws/install/orbbec_camera_msgs/share/orbbec_camera_msgs/cmake/orbbec_camera_msgs__rosidl_typesupport_cppExport.cmake\n'}
[31.970699] (orbbec_camera_msgs) StdoutLine: {'line': b'-- Installing: /home/jetson/orbbec_ros2_ws/install/orbbec_camera_msgs/share/orbbec_camera_msgs/cmake/orbbec_camera_msgs__rosidl_typesupport_cppExport-noconfig.cmake\n'}
[31.971271] (orbbec_camera_msgs) StdoutLine: {'line': b'-- Installing: /home/jetson/orbbec_ros2_ws/install/orbbec_camera_msgs/share/orbbec_camera_msgs/cmake/export_orbbec_camera_msgs__rosidl_generator_pyExport.cmake\n'}
[31.971784] (orbbec_camera_msgs) StdoutLine: {'line': b'-- Installing: /home/jetson/orbbec_ros2_ws/install/orbbec_camera_msgs/share/orbbec_camera_msgs/cmake/export_orbbec_camera_msgs__rosidl_generator_pyExport-noconfig.cmake\n'}
[31.978901] (orbbec_camera_msgs) CommandEnded: {'returncode': 0}
[32.022199] (-) TimerEvent: {}
[32.045547] (orbbec_camera_msgs) JobEnded: {'identifier': 'orbbec_camera_msgs', 'rc': 0}
[32.048035] (orbbec_description) JobStarted: {'identifier': 'orbbec_description'}
[32.060398] (orbbec_description) JobProgress: {'identifier': 'orbbec_description', 'progress': 'cmake'}
[32.061671] (orbbec_description) Command: {'cmd': ['/usr/bin/cmake', '/home/jetson/orbbec_ros2_ws/src/OrbbecSDK_ROS2/orbbec_description', '-DAMENT_CMAKE_SYMLINK_INSTALL=1', '-DCMAKE_INSTALL_PREFIX=/home/jetson/orbbec_ros2_ws/install/orbbec_description'], 'cwd': '/home/jetson/orbbec_ros2_ws/build/orbbec_description', 'env': OrderedDict([('LESSOPEN', '| /usr/bin/lesspipe %s'), ('no_proxy', 'localhost,127.0.0.1,::1'), ('LANGUAGE', 'en_US:en'), ('USER', 'jetson'), ('SSH_CLIENT', '192.168.43.64 60939 22'), ('LC_TIME', 'en_US.UTF-8'), ('XDG_SESSION_TYPE', 'tty'), ('SHLVL', '1'), ('LD_LIBRARY_PATH', '/home/jetson/yahboom_ws/install/interfaces/lib:/opt/ros/humble/opt/rviz_ogre_vendor/lib:/opt/ros/humble/lib/aarch64-linux-gnu:/opt/ros/humble/lib:/usr/local/lib:/usr/local/cuda-12.6/lib64:'), ('MOTD_SHOWN', 'pam'), ('HOME', '/home/jetson'), ('OLDPWD', '/home/jetson/orbbec_ros2_ws/src'), ('NO_PROXY', 'localhost,127.0.0.1,::1'), ('SSH_TTY', '/dev/pts/0'), ('JETSON_L4T', '36.4.7'), ('ROS_PYTHON_VERSION', '3'), ('JETSON_MODEL', 'NVIDIA Jetson Orin Nano Engineering Reference Developer Kit Super'), ('LC_MONETARY', 'en_US.UTF-8'), ('DBUS_SESSION_BUS_ADDRESS', 'unix:path=/run/user/1000/bus'), ('COLCON_PREFIX_PATH', '/home/jetson/yahboom_ws/install'), ('ROS_DISTRO', 'humble'), ('LOGNAME', 'jetson'), ('JETSON_MODULE', 'NVIDIA Jetson Orin Nano (4GB ram)'), ('JETSON_SERIAL_NUMBER', '1421725057752'), ('_', '/usr/bin/colcon'), ('ROS_VERSION', '2'), ('XDG_SESSION_CLASS', 'user'), ('TERM', 'xterm'), ('XDG_SESSION_ID', '3'), ('ISAAC_ROS_WS', '/home/jetson/workspaces/isaac_ros-dev/'), ('ROS_LOCALHOST_ONLY', '0'), ('PATH', '/home/jetson/.local/bin:/opt/ros/humble/bin:/usr/local/cuda-12.6/bin:/usr/local/sbin:/usr/local/bin:/usr/sbin:/usr/bin:/sbin:/bin:/usr/games:/usr/local/games:/snap/bin'), ('PAPERSIZE', 'letter'), ('LC_ADDRESS', 'en_US.UTF-8'), ('XDG_RUNTIME_DIR', '/run/user/1000'), ('DISPLAY', 'localhost:10.0'), ('LANG', 'en_US.UTF-8'), ('LC_TELEPHONE', 'en_US.UTF-8'), ('LS_COLORS', 'rs=0:di=01;34:ln=01;36:mh=00:pi=40;33:so=01;35:do=01;35:bd=40;33;01:cd=40;33;01:or=40;31;01:mi=00:su=37;41:sg=30;43:ca=30;41:tw=30;42:ow=34;42:st=37;44:ex=01;32:*.tar=01;31:*.tgz=01;31:*.arc=01;31:*.arj=01;31:*.taz=01;31:*.lha=01;31:*.lz4=01;31:*.lzh=01;31:*.lzma=01;31:*.tlz=01;31:*.txz=01;31:*.tzo=01;31:*.t7z=01;31:*.zip=01;31:*.z=01;31:*.dz=01;31:*.gz=01;31:*.lrz=01;31:*.lz=01;31:*.lzo=01;31:*.xz=01;31:*.zst=01;31:*.tzst=01;31:*.bz2=01;31:*.bz=01;31:*.tbz=01;31:*.tbz2=01;31:*.tz=01;31:*.deb=01;31:*.rpm=01;31:*.jar=01;31:*.war=01;31:*.ear=01;31:*.sar=01;31:*.rar=01;31:*.alz=01;31:*.ace=01;31:*.zoo=01;31:*.cpio=01;31:*.7z=01;31:*.rz=01;31:*.cab=01;31:*.wim=01;31:*.swm=01;31:*.dwm=01;31:*.esd=01;31:*.jpg=01;35:*.jpeg=01;35:*.mjpg=01;35:*.mjpeg=01;35:*.gif=01;35:*.bmp=01;35:*.pbm=01;35:*.pgm=01;35:*.ppm=01;35:*.tga=01;35:*.xbm=01;35:*.xpm=01;35:*.tif=01;35:*.tiff=01;35:*.png=01;35:*.svg=01;35:*.svgz=01;35:*.mng=01;35:*.pcx=01;35:*.mov=01;35:*.mpg=01;35:*.mpeg=01;35:*.m2v=01;35:*.mkv=01;35:*.webm=01;35:*.webp=01;35:*.ogm=01;35:*.mp4=01;35:*.m4v=01;35:*.mp4v=01;35:*.vob=01;35:*.qt=01;35:*.nuv=01;35:*.wmv=01;35:*.asf=01;35:*.rm=01;35:*.rmvb=01;35:*.flc=01;35:*.avi=01;35:*.fli=01;35:*.flv=01;35:*.gl=01;35:*.dl=01;35:*.xcf=01;35:*.xwd=01;35:*.yuv=01;35:*.cgm=01;35:*.emf=01;35:*.ogv=01;35:*.ogx=01;35:*.aac=00;36:*.au=00;36:*.flac=00;36:*.m4a=00;36:*.mid=00;36:*.midi=00;36:*.mka=00;36:*.mp3=00;36:*.mpc=00;36:*.ogg=00;36:*.ra=00;36:*.wav=00;36:*.oga=00;36:*.opus=00;36:*.spx=00;36:*.xspf=00;36:'), ('JETSON_SOC', 'tegra234'), ('ROS_DOMAIN_ID', '99'), ('AMENT_PREFIX_PATH', '/home/jetson/yahboom_ws/install/text_chat:/home/jetson/yahboom_ws/install/largemodel:/home/jetson/yahboom_ws/install/interfaces:/home/jetson/yahboom_ws/install/camera:/opt/ros/humble'), ('SHELL', '/bin/bash'), ('LC_NAME', 'en_US.UTF-8'), ('LESSCLOSE', '/usr/bin/lesspipe %s %s'), ('LC_MEASUREMENT', 'en_US.UTF-8'), ('LC_IDENTIFICATION', 'en_US.UTF-8'), ('JETSON_CUDA_ARCH_BIN', '8.7'), ('PWD', '/home/jetson/orbbec_ros2_ws/build/orbbec_description'), ('SSH_CONNECTION', '192.168.43.64 60939 192.168.43.151 22'), ('XDG_DATA_DIRS', '/usr/share/gnome:/usr/local/share:/usr/share:/var/lib/snapd/desktop'), ('PYTHONPATH', '/home/jetson/yahboom_ws/install/text_chat/lib/python3.10/site-packages:/home/jetson/yahboom_ws/install/largemodel/lib/python3.10/site-packages:/home/jetson/yahboom_ws/install/interfaces/local/lib/python3.10/dist-packages:/home/jetson/yahboom_ws/install/camera/lib/python3.10/site-packages:/opt/ros/humble/lib/python3.10/site-packages:/opt/ros/humble/local/lib/python3.10/dist-packages:/usr/local/lib/python3.10/site-packages/:'), ('LC_NUMERIC', 'en_US.UTF-8'), ('LC_PAPER', 'en_US.UTF-8'), ('COLCON', '1'), ('JETSON_JETPACK', ''), ('CMAKE_PREFIX_PATH', '/home/jetson/yahboom_ws/install/interfaces:/home/jetson/yahboom_ws/install/text_chat:/home/jetson/yahboom_ws/install/largemodel:/home/jetson/yahboom_ws/install/camera:/opt/ros/humble'), ('JETSON_P_NUMBER', 'p3767-0004')]), 'shell': False}
[32.122365] (-) TimerEvent: {}
[32.198698] (orbbec_description) StdoutLine: {'line': b'-- The C compiler identification is GNU 11.4.0\n'}
[32.222544] (-) TimerEvent: {}
[32.311853] (orbbec_description) StdoutLine: {'line': b'-- The CXX compiler identification is GNU 11.4.0\n'}
[32.322662] (-) TimerEvent: {}
[32.336743] (orbbec_description) StdoutLine: {'line': b'-- Detecting C compiler ABI info\n'}
[32.422878] (-) TimerEvent: {}
[32.500020] (orbbec_description) StdoutLine: {'line': b'-- Detecting C compiler ABI info - done\n'}
[32.522961] (-) TimerEvent: {}
[32.524618] (orbbec_description) StdoutLine: {'line': b'-- Check for working C compiler: /usr/bin/cc - skipped\n'}
[32.525490] (orbbec_description) StdoutLine: {'line': b'-- Detecting C compile features\n'}
[32.526795] (orbbec_description) StdoutLine: {'line': b'-- Detecting C compile features - done\n'}
[32.537372] (orbbec_description) StdoutLine: {'line': b'-- Detecting CXX compiler ABI info\n'}
[32.623223] (-) TimerEvent: {}
[32.703390] (orbbec_description) StdoutLine: {'line': b'-- Detecting CXX compiler ABI info - done\n'}
[32.723314] (-) TimerEvent: {}
[32.729019] (orbbec_description) StdoutLine: {'line': b'-- Check for working CXX compiler: /usr/bin/c++ - skipped\n'}
[32.729971] (orbbec_description) StdoutLine: {'line': b'-- Detecting CXX compile features\n'}
[32.731665] (orbbec_description) StdoutLine: {'line': b'-- Detecting CXX compile features - done\n'}
[32.739795] (orbbec_description) StdoutLine: {'line': b'-- Found ament_cmake: 1.3.11 (/opt/ros/humble/share/ament_cmake/cmake)\n'}
[32.823443] (-) TimerEvent: {}
[32.923964] (-) TimerEvent: {}
[33.024564] (-) TimerEvent: {}
[33.086084] (orbbec_description) StdoutLine: {'line': b'-- Found Python3: /usr/bin/python3 (found version "3.10.12") found components: Interpreter \n'}
[33.124732] (-) TimerEvent: {}
[33.220723] (orbbec_description) StdoutLine: {'line': b'-- Override CMake install command with custom implementation using symlinks instead of copying resources\n'}
[33.224815] (-) TimerEvent: {}
[33.325353] (-) TimerEvent: {}
[33.425915] (-) TimerEvent: {}
[33.482945] (orbbec_description) StdoutLine: {'line': b'-- Configuring done\n'}
[33.492416] (orbbec_description) StdoutLine: {'line': b'-- Generating done\n'}
[33.497277] (orbbec_description) StdoutLine: {'line': b'-- Build files have been written to: /home/jetson/orbbec_ros2_ws/build/orbbec_description\n'}
[33.510907] (orbbec_description) CommandEnded: {'returncode': 0}
[33.512775] (orbbec_description) JobProgress: {'identifier': 'orbbec_description', 'progress': 'build'}
[33.514145] (orbbec_description) Command: {'cmd': ['/usr/bin/cmake', '--build', '/home/jetson/orbbec_ros2_ws/build/orbbec_description', '--', '-j6', '-l6'], 'cwd': '/home/jetson/orbbec_ros2_ws/build/orbbec_description', 'env': OrderedDict([('LESSOPEN', '| /usr/bin/lesspipe %s'), ('no_proxy', 'localhost,127.0.0.1,::1'), ('LANGUAGE', 'en_US:en'), ('USER', 'jetson'), ('SSH_CLIENT', '192.168.43.64 60939 22'), ('LC_TIME', 'en_US.UTF-8'), ('XDG_SESSION_TYPE', 'tty'), ('SHLVL', '1'), ('LD_LIBRARY_PATH', '/home/jetson/yahboom_ws/install/interfaces/lib:/opt/ros/humble/opt/rviz_ogre_vendor/lib:/opt/ros/humble/lib/aarch64-linux-gnu:/opt/ros/humble/lib:/usr/local/lib:/usr/local/cuda-12.6/lib64:'), ('MOTD_SHOWN', 'pam'), ('HOME', '/home/jetson'), ('OLDPWD', '/home/jetson/orbbec_ros2_ws/src'), ('NO_PROXY', 'localhost,127.0.0.1,::1'), ('SSH_TTY', '/dev/pts/0'), ('JETSON_L4T', '36.4.7'), ('ROS_PYTHON_VERSION', '3'), ('JETSON_MODEL', 'NVIDIA Jetson Orin Nano Engineering Reference Developer Kit Super'), ('LC_MONETARY', 'en_US.UTF-8'), ('DBUS_SESSION_BUS_ADDRESS', 'unix:path=/run/user/1000/bus'), ('COLCON_PREFIX_PATH', '/home/jetson/yahboom_ws/install'), ('ROS_DISTRO', 'humble'), ('LOGNAME', 'jetson'), ('JETSON_MODULE', 'NVIDIA Jetson Orin Nano (4GB ram)'), ('JETSON_SERIAL_NUMBER', '1421725057752'), ('_', '/usr/bin/colcon'), ('ROS_VERSION', '2'), ('XDG_SESSION_CLASS', 'user'), ('TERM', 'xterm'), ('XDG_SESSION_ID', '3'), ('ISAAC_ROS_WS', '/home/jetson/workspaces/isaac_ros-dev/'), ('ROS_LOCALHOST_ONLY', '0'), ('PATH', '/home/jetson/.local/bin:/opt/ros/humble/bin:/usr/local/cuda-12.6/bin:/usr/local/sbin:/usr/local/bin:/usr/sbin:/usr/bin:/sbin:/bin:/usr/games:/usr/local/games:/snap/bin'), ('PAPERSIZE', 'letter'), ('LC_ADDRESS', 'en_US.UTF-8'), ('XDG_RUNTIME_DIR', '/run/user/1000'), ('DISPLAY', 'localhost:10.0'), ('LANG', 'en_US.UTF-8'), ('LC_TELEPHONE', 'en_US.UTF-8'), ('LS_COLORS', 'rs=0:di=01;34:ln=01;36:mh=00:pi=40;33:so=01;35:do=01;35:bd=40;33;01:cd=40;33;01:or=40;31;01:mi=00:su=37;41:sg=30;43:ca=30;41:tw=30;42:ow=34;42:st=37;44:ex=01;32:*.tar=01;31:*.tgz=01;31:*.arc=01;31:*.arj=01;31:*.taz=01;31:*.lha=01;31:*.lz4=01;31:*.lzh=01;31:*.lzma=01;31:*.tlz=01;31:*.txz=01;31:*.tzo=01;31:*.t7z=01;31:*.zip=01;31:*.z=01;31:*.dz=01;31:*.gz=01;31:*.lrz=01;31:*.lz=01;31:*.lzo=01;31:*.xz=01;31:*.zst=01;31:*.tzst=01;31:*.bz2=01;31:*.bz=01;31:*.tbz=01;31:*.tbz2=01;31:*.tz=01;31:*.deb=01;31:*.rpm=01;31:*.jar=01;31:*.war=01;31:*.ear=01;31:*.sar=01;31:*.rar=01;31:*.alz=01;31:*.ace=01;31:*.zoo=01;31:*.cpio=01;31:*.7z=01;31:*.rz=01;31:*.cab=01;31:*.wim=01;31:*.swm=01;31:*.dwm=01;31:*.esd=01;31:*.jpg=01;35:*.jpeg=01;35:*.mjpg=01;35:*.mjpeg=01;35:*.gif=01;35:*.bmp=01;35:*.pbm=01;35:*.pgm=01;35:*.ppm=01;35:*.tga=01;35:*.xbm=01;35:*.xpm=01;35:*.tif=01;35:*.tiff=01;35:*.png=01;35:*.svg=01;35:*.svgz=01;35:*.mng=01;35:*.pcx=01;35:*.mov=01;35:*.mpg=01;35:*.mpeg=01;35:*.m2v=01;35:*.mkv=01;35:*.webm=01;35:*.webp=01;35:*.ogm=01;35:*.mp4=01;35:*.m4v=01;35:*.mp4v=01;35:*.vob=01;35:*.qt=01;35:*.nuv=01;35:*.wmv=01;35:*.asf=01;35:*.rm=01;35:*.rmvb=01;35:*.flc=01;35:*.avi=01;35:*.fli=01;35:*.flv=01;35:*.gl=01;35:*.dl=01;35:*.xcf=01;35:*.xwd=01;35:*.yuv=01;35:*.cgm=01;35:*.emf=01;35:*.ogv=01;35:*.ogx=01;35:*.aac=00;36:*.au=00;36:*.flac=00;36:*.m4a=00;36:*.mid=00;36:*.midi=00;36:*.mka=00;36:*.mp3=00;36:*.mpc=00;36:*.ogg=00;36:*.ra=00;36:*.wav=00;36:*.oga=00;36:*.opus=00;36:*.spx=00;36:*.xspf=00;36:'), ('JETSON_SOC', 'tegra234'), ('ROS_DOMAIN_ID', '99'), ('AMENT_PREFIX_PATH', '/home/jetson/yahboom_ws/install/text_chat:/home/jetson/yahboom_ws/install/largemodel:/home/jetson/yahboom_ws/install/interfaces:/home/jetson/yahboom_ws/install/camera:/opt/ros/humble'), ('SHELL', '/bin/bash'), ('LC_NAME', 'en_US.UTF-8'), ('LESSCLOSE', '/usr/bin/lesspipe %s %s'), ('LC_MEASUREMENT', 'en_US.UTF-8'), ('LC_IDENTIFICATION', 'en_US.UTF-8'), ('JETSON_CUDA_ARCH_BIN', '8.7'), ('PWD', '/home/jetson/orbbec_ros2_ws/build/orbbec_description'), ('SSH_CONNECTION', '192.168.43.64 60939 192.168.43.151 22'), ('XDG_DATA_DIRS', '/usr/share/gnome:/usr/local/share:/usr/share:/var/lib/snapd/desktop'), ('PYTHONPATH', '/home/jetson/yahboom_ws/install/text_chat/lib/python3.10/site-packages:/home/jetson/yahboom_ws/install/largemodel/lib/python3.10/site-packages:/home/jetson/yahboom_ws/install/interfaces/local/lib/python3.10/dist-packages:/home/jetson/yahboom_ws/install/camera/lib/python3.10/site-packages:/opt/ros/humble/lib/python3.10/site-packages:/opt/ros/humble/local/lib/python3.10/dist-packages:/usr/local/lib/python3.10/site-packages/:'), ('LC_NUMERIC', 'en_US.UTF-8'), ('LC_PAPER', 'en_US.UTF-8'), ('COLCON', '1'), ('JETSON_JETPACK', ''), ('CMAKE_PREFIX_PATH', '/home/jetson/yahboom_ws/install/interfaces:/home/jetson/yahboom_ws/install/text_chat:/home/jetson/yahboom_ws/install/largemodel:/home/jetson/yahboom_ws/install/camera:/opt/ros/humble'), ('JETSON_P_NUMBER', 'p3767-0004')]), 'shell': False}
[33.526039] (-) TimerEvent: {}
[33.591716] (orbbec_description) CommandEnded: {'returncode': 0}
[33.593812] (orbbec_description) JobProgress: {'identifier': 'orbbec_description', 'progress': 'install'}
[33.594464] (orbbec_description) Command: {'cmd': ['/usr/bin/cmake', '--install', '/home/jetson/orbbec_ros2_ws/build/orbbec_description'], 'cwd': '/home/jetson/orbbec_ros2_ws/build/orbbec_description', 'env': OrderedDict([('LESSOPEN', '| /usr/bin/lesspipe %s'), ('no_proxy', 'localhost,127.0.0.1,::1'), ('LANGUAGE', 'en_US:en'), ('USER', 'jetson'), ('SSH_CLIENT', '192.168.43.64 60939 22'), ('LC_TIME', 'en_US.UTF-8'), ('XDG_SESSION_TYPE', 'tty'), ('SHLVL', '1'), ('LD_LIBRARY_PATH', '/home/jetson/yahboom_ws/install/interfaces/lib:/opt/ros/humble/opt/rviz_ogre_vendor/lib:/opt/ros/humble/lib/aarch64-linux-gnu:/opt/ros/humble/lib:/usr/local/lib:/usr/local/cuda-12.6/lib64:'), ('MOTD_SHOWN', 'pam'), ('HOME', '/home/jetson'), ('OLDPWD', '/home/jetson/orbbec_ros2_ws/src'), ('NO_PROXY', 'localhost,127.0.0.1,::1'), ('SSH_TTY', '/dev/pts/0'), ('JETSON_L4T', '36.4.7'), ('ROS_PYTHON_VERSION', '3'), ('JETSON_MODEL', 'NVIDIA Jetson Orin Nano Engineering Reference Developer Kit Super'), ('LC_MONETARY', 'en_US.UTF-8'), ('DBUS_SESSION_BUS_ADDRESS', 'unix:path=/run/user/1000/bus'), ('COLCON_PREFIX_PATH', '/home/jetson/yahboom_ws/install'), ('ROS_DISTRO', 'humble'), ('LOGNAME', 'jetson'), ('JETSON_MODULE', 'NVIDIA Jetson Orin Nano (4GB ram)'), ('JETSON_SERIAL_NUMBER', '1421725057752'), ('_', '/usr/bin/colcon'), ('ROS_VERSION', '2'), ('XDG_SESSION_CLASS', 'user'), ('TERM', 'xterm'), ('XDG_SESSION_ID', '3'), ('ISAAC_ROS_WS', '/home/jetson/workspaces/isaac_ros-dev/'), ('ROS_LOCALHOST_ONLY', '0'), ('PATH', '/home/jetson/.local/bin:/opt/ros/humble/bin:/usr/local/cuda-12.6/bin:/usr/local/sbin:/usr/local/bin:/usr/sbin:/usr/bin:/sbin:/bin:/usr/games:/usr/local/games:/snap/bin'), ('PAPERSIZE', 'letter'), ('LC_ADDRESS', 'en_US.UTF-8'), ('XDG_RUNTIME_DIR', '/run/user/1000'), ('DISPLAY', 'localhost:10.0'), ('LANG', 'en_US.UTF-8'), ('LC_TELEPHONE', 'en_US.UTF-8'), ('LS_COLORS', 'rs=0:di=01;34:ln=01;36:mh=00:pi=40;33:so=01;35:do=01;35:bd=40;33;01:cd=40;33;01:or=40;31;01:mi=00:su=37;41:sg=30;43:ca=30;41:tw=30;42:ow=34;42:st=37;44:ex=01;32:*.tar=01;31:*.tgz=01;31:*.arc=01;31:*.arj=01;31:*.taz=01;31:*.lha=01;31:*.lz4=01;31:*.lzh=01;31:*.lzma=01;31:*.tlz=01;31:*.txz=01;31:*.tzo=01;31:*.t7z=01;31:*.zip=01;31:*.z=01;31:*.dz=01;31:*.gz=01;31:*.lrz=01;31:*.lz=01;31:*.lzo=01;31:*.xz=01;31:*.zst=01;31:*.tzst=01;31:*.bz2=01;31:*.bz=01;31:*.tbz=01;31:*.tbz2=01;31:*.tz=01;31:*.deb=01;31:*.rpm=01;31:*.jar=01;31:*.war=01;31:*.ear=01;31:*.sar=01;31:*.rar=01;31:*.alz=01;31:*.ace=01;31:*.zoo=01;31:*.cpio=01;31:*.7z=01;31:*.rz=01;31:*.cab=01;31:*.wim=01;31:*.swm=01;31:*.dwm=01;31:*.esd=01;31:*.jpg=01;35:*.jpeg=01;35:*.mjpg=01;35:*.mjpeg=01;35:*.gif=01;35:*.bmp=01;35:*.pbm=01;35:*.pgm=01;35:*.ppm=01;35:*.tga=01;35:*.xbm=01;35:*.xpm=01;35:*.tif=01;35:*.tiff=01;35:*.png=01;35:*.svg=01;35:*.svgz=01;35:*.mng=01;35:*.pcx=01;35:*.mov=01;35:*.mpg=01;35:*.mpeg=01;35:*.m2v=01;35:*.mkv=01;35:*.webm=01;35:*.webp=01;35:*.ogm=01;35:*.mp4=01;35:*.m4v=01;35:*.mp4v=01;35:*.vob=01;35:*.qt=01;35:*.nuv=01;35:*.wmv=01;35:*.asf=01;35:*.rm=01;35:*.rmvb=01;35:*.flc=01;35:*.avi=01;35:*.fli=01;35:*.flv=01;35:*.gl=01;35:*.dl=01;35:*.xcf=01;35:*.xwd=01;35:*.yuv=01;35:*.cgm=01;35:*.emf=01;35:*.ogv=01;35:*.ogx=01;35:*.aac=00;36:*.au=00;36:*.flac=00;36:*.m4a=00;36:*.mid=00;36:*.midi=00;36:*.mka=00;36:*.mp3=00;36:*.mpc=00;36:*.ogg=00;36:*.ra=00;36:*.wav=00;36:*.oga=00;36:*.opus=00;36:*.spx=00;36:*.xspf=00;36:'), ('JETSON_SOC', 'tegra234'), ('ROS_DOMAIN_ID', '99'), ('AMENT_PREFIX_PATH', '/home/jetson/yahboom_ws/install/text_chat:/home/jetson/yahboom_ws/install/largemodel:/home/jetson/yahboom_ws/install/interfaces:/home/jetson/yahboom_ws/install/camera:/opt/ros/humble'), ('SHELL', '/bin/bash'), ('LC_NAME', 'en_US.UTF-8'), ('LESSCLOSE', '/usr/bin/lesspipe %s %s'), ('LC_MEASUREMENT', 'en_US.UTF-8'), ('LC_IDENTIFICATION', 'en_US.UTF-8'), ('JETSON_CUDA_ARCH_BIN', '8.7'), ('PWD', '/home/jetson/orbbec_ros2_ws/build/orbbec_description'), ('SSH_CONNECTION', '192.168.43.64 60939 192.168.43.151 22'), ('XDG_DATA_DIRS', '/usr/share/gnome:/usr/local/share:/usr/share:/var/lib/snapd/desktop'), ('PYTHONPATH', '/home/jetson/yahboom_ws/install/text_chat/lib/python3.10/site-packages:/home/jetson/yahboom_ws/install/largemodel/lib/python3.10/site-packages:/home/jetson/yahboom_ws/install/interfaces/local/lib/python3.10/dist-packages:/home/jetson/yahboom_ws/install/camera/lib/python3.10/site-packages:/opt/ros/humble/lib/python3.10/site-packages:/opt/ros/humble/local/lib/python3.10/dist-packages:/usr/local/lib/python3.10/site-packages/:'), ('LC_NUMERIC', 'en_US.UTF-8'), ('LC_PAPER', 'en_US.UTF-8'), ('COLCON', '1'), ('JETSON_JETPACK', ''), ('CMAKE_PREFIX_PATH', '/home/jetson/yahboom_ws/install/interfaces:/home/jetson/yahboom_ws/install/text_chat:/home/jetson/yahboom_ws/install/largemodel:/home/jetson/yahboom_ws/install/camera:/opt/ros/humble'), ('JETSON_P_NUMBER', 'p3767-0004')]), 'shell': False}
[33.612967] (orbbec_description) StdoutLine: {'line': b'-- Install configuration: ""\n'}
[33.613885] (orbbec_description) StdoutLine: {'line': b'-- Execute custom install script\n'}
[33.615424] (orbbec_description) StdoutLine: {'line': b'-- Symlinking: /home/jetson/orbbec_ros2_ws/install/orbbec_description/share/orbbec_description/launch/launch_utils.py\n'}
[33.626129] (-) TimerEvent: {}
[33.634004] (orbbec_description) StdoutLine: {'line': b'-- Symlinking: /home/jetson/orbbec_ros2_ws/install/orbbec_description/share/orbbec_description/launch/view_model.launch.py\n'}
[33.655819] (orbbec_description) StdoutLine: {'line': b'-- Symlinking: /home/jetson/orbbec_ros2_ws/install/orbbec_description/share/orbbec_description/meshes/AstraPlus.stl\n'}
[33.675055] (orbbec_description) StdoutLine: {'line': b'-- Symlinking: /home/jetson/orbbec_ros2_ws/install/orbbec_description/share/orbbec_description/meshes/astra2/base_link.STL\n'}
[33.693563] (orbbec_description) StdoutLine: {'line': b'-- Symlinking: /home/jetson/orbbec_ros2_ws/install/orbbec_description/share/orbbec_description/meshes/astra2/camera_bottom_screw_frame.STL\n'}
[33.712491] (orbbec_description) StdoutLine: {'line': b'-- Symlinking: /home/jetson/orbbec_ros2_ws/install/orbbec_description/share/orbbec_description/meshes/astra2/camera_color_optical_frame.STL\n'}
[33.726239] (-) TimerEvent: {}
[33.731227] (orbbec_description) StdoutLine: {'line': b'-- Symlinking: /home/jetson/orbbec_ros2_ws/install/orbbec_description/share/orbbec_description/meshes/astra2/camera_colorl_frame.STL\n'}
[33.748996] (orbbec_description) StdoutLine: {'line': b'-- Symlinking: /home/jetson/orbbec_ros2_ws/install/orbbec_description/share/orbbec_description/meshes/astra2/camera_depth_frame.STL\n'}
[33.769196] (orbbec_description) StdoutLine: {'line': b'-- Symlinking: /home/jetson/orbbec_ros2_ws/install/orbbec_description/share/orbbec_description/meshes/astra2/camera_depth_optical_frame.STL\n'}
[33.788747] (orbbec_description) StdoutLine: {'line': b'-- Symlinking: /home/jetson/orbbec_ros2_ws/install/orbbec_description/share/orbbec_description/meshes/astra2/camera_infra1_frame.STL\n'}
[33.806549] (orbbec_description) StdoutLine: {'line': b'-- Symlinking: /home/jetson/orbbec_ros2_ws/install/orbbec_description/share/orbbec_description/meshes/astra2/camera_infra1_optical_frame.STL\n'}
[33.824105] (orbbec_description) StdoutLine: {'line': b'-- Symlinking: /home/jetson/orbbec_ros2_ws/install/orbbec_description/share/orbbec_description/meshes/femto_bolt/femto_bolt.stl\n'}
[33.826326] (-) TimerEvent: {}
[33.843720] (orbbec_description) StdoutLine: {'line': b'-- Symlinking: /home/jetson/orbbec_ros2_ws/install/orbbec_description/share/orbbec_description/meshes/gemini2/base_link.STL\n'}
[33.862664] (orbbec_description) StdoutLine: {'line': b'-- Symlinking: /home/jetson/orbbec_ros2_ws/install/orbbec_description/share/orbbec_description/meshes/gemini2/camera_botter_screw_frame.STL\n'}
[33.881151] (orbbec_description) StdoutLine: {'line': b'-- Symlinking: /home/jetson/orbbec_ros2_ws/install/orbbec_description/share/orbbec_description/meshes/gemini2/camera_color_frame.STL\n'}
[33.900833] (orbbec_description) StdoutLine: {'line': b'-- Symlinking: /home/jetson/orbbec_ros2_ws/install/orbbec_description/share/orbbec_description/meshes/gemini2/camera_color_optical_frame.STL\n'}
[33.919654] (orbbec_description) StdoutLine: {'line': b'-- Symlinking: /home/jetson/orbbec_ros2_ws/install/orbbec_description/share/orbbec_description/meshes/gemini2/camera_depth_frame.STL\n'}
[33.926430] (-) TimerEvent: {}
[33.938612] (orbbec_description) StdoutLine: {'line': b'-- Symlinking: /home/jetson/orbbec_ros2_ws/install/orbbec_description/share/orbbec_description/meshes/gemini2/camera_infra1_frame.STL\n'}
[33.957722] (orbbec_description) StdoutLine: {'line': b'-- Symlinking: /home/jetson/orbbec_ros2_ws/install/orbbec_description/share/orbbec_description/meshes/gemini2/camera_infra1_optical_frame.STL\n'}
[33.975892] (orbbec_description) StdoutLine: {'line': b'-- Symlinking: /home/jetson/orbbec_ros2_ws/install/orbbec_description/share/orbbec_description/meshes/gemini2/camera_infra2_frame.STL\n'}
[33.993934] (orbbec_description) StdoutLine: {'line': b'-- Symlinking: /home/jetson/orbbec_ros2_ws/install/orbbec_description/share/orbbec_description/meshes/gemini2/camera_infra2_optical_frame.STL\n'}
[34.012092] (orbbec_description) StdoutLine: {'line': b'-- Symlinking: /home/jetson/orbbec_ros2_ws/install/orbbec_description/share/orbbec_description/meshes/gemini2l/base_link.STL\n'}
[34.026550] (-) TimerEvent: {}
[34.031360] (orbbec_description) StdoutLine: {'line': b'-- Symlinking: /home/jetson/orbbec_ros2_ws/install/orbbec_description/share/orbbec_description/meshes/gemini2l/camera_IR1_frame.STL\n'}
[34.049217] (orbbec_description) StdoutLine: {'line': b'-- Symlinking: /home/jetson/orbbec_ros2_ws/install/orbbec_description/share/orbbec_description/meshes/gemini2l/camera_IR1_optical_frame.STL\n'}
[34.068696] (orbbec_description) StdoutLine: {'line': b'-- Symlinking: /home/jetson/orbbec_ros2_ws/install/orbbec_description/share/orbbec_description/meshes/gemini2l/camera_IR2_frame.STL\n'}
[34.087376] (orbbec_description) StdoutLine: {'line': b'-- Symlinking: /home/jetson/orbbec_ros2_ws/install/orbbec_description/share/orbbec_description/meshes/gemini2l/camera_IR2_optical_frame.STL\n'}
[34.106226] (orbbec_description) StdoutLine: {'line': b'-- Symlinking: /home/jetson/orbbec_ros2_ws/install/orbbec_description/share/orbbec_description/meshes/gemini2l/camera_bottom_screw_frame.STL\n'}
[34.124151] (orbbec_description) StdoutLine: {'line': b'-- Symlinking: /home/jetson/orbbec_ros2_ws/install/orbbec_description/share/orbbec_description/meshes/gemini2l/camera_color_frame.STL\n'}
[34.126627] (-) TimerEvent: {}
[34.142846] (orbbec_description) StdoutLine: {'line': b'-- Symlinking: /home/jetson/orbbec_ros2_ws/install/orbbec_description/share/orbbec_description/meshes/gemini2l/camera_depth_frame.STL\n'}
[34.160560] (orbbec_description) StdoutLine: {'line': b'-- Symlinking: /home/jetson/orbbec_ros2_ws/install/orbbec_description/share/orbbec_description/meshes/gemini2l/camera_imu_frame.STL\n'}
[34.178806] (orbbec_description) StdoutLine: {'line': b'-- Symlinking: /home/jetson/orbbec_ros2_ws/install/orbbec_description/share/orbbec_description/meshes/gemini2l/camera_rgb_optical_frame.STL\n'}
[34.197511] (orbbec_description) StdoutLine: {'line': b'-- Symlinking: /home/jetson/orbbec_ros2_ws/install/orbbec_description/share/orbbec_description/meshes/gemini335L_336L/base_link.STL\n'}
[34.214860] (orbbec_description) StdoutLine: {'line': b'-- Symlinking: /home/jetson/orbbec_ros2_ws/install/orbbec_description/share/orbbec_description/meshes/gemini335L_336L/camera_IMU_frame.STL\n'}
[34.226748] (-) TimerEvent: {}
[34.232721] (orbbec_description) StdoutLine: {'line': b'-- Symlinking: /home/jetson/orbbec_ros2_ws/install/orbbec_description/share/orbbec_description/meshes/gemini335L_336L/camera_color_frame.STL\n'}
[34.250455] (orbbec_description) StdoutLine: {'line': b'-- Symlinking: /home/jetson/orbbec_ros2_ws/install/orbbec_description/share/orbbec_description/meshes/gemini335L_336L/camera_color_optical_frame.STL\n'}
[34.268414] (orbbec_description) StdoutLine: {'line': b'-- Symlinking: /home/jetson/orbbec_ros2_ws/install/orbbec_description/share/orbbec_description/meshes/gemini335L_336L/camera_color_screw_frame.STL\n'}
[34.286848] (orbbec_description) StdoutLine: {'line': b'-- Symlinking: /home/jetson/orbbec_ros2_ws/install/orbbec_description/share/orbbec_description/meshes/gemini335L_336L/camera_depth_frame.STL\n'}
[34.306011] (orbbec_description) StdoutLine: {'line': b'-- Symlinking: /home/jetson/orbbec_ros2_ws/install/orbbec_description/share/orbbec_description/meshes/gemini335L_336L/camera_infra1_frame.STL\n'}
[34.325519] (orbbec_description) StdoutLine: {'line': b'-- Symlinking: /home/jetson/orbbec_ros2_ws/install/orbbec_description/share/orbbec_description/meshes/gemini335L_336L/camera_infra1_optical_frame.STL\n'}
[34.326853] (-) TimerEvent: {}
[34.345148] (orbbec_description) StdoutLine: {'line': b'-- Symlinking: /home/jetson/orbbec_ros2_ws/install/orbbec_description/share/orbbec_description/meshes/gemini335L_336L/camera_infra2_frame.STL\n'}
[34.363402] (orbbec_description) StdoutLine: {'line': b'-- Symlinking: /home/jetson/orbbec_ros2_ws/install/orbbec_description/share/orbbec_description/meshes/gemini335L_336L/camera_infra2_optical_frame.STL\n'}
[34.382757] (orbbec_description) StdoutLine: {'line': b'-- Symlinking: /home/jetson/orbbec_ros2_ws/install/orbbec_description/share/orbbec_description/meshes/gemini335_336/camera_bottom_screw_frame.STL\n'}
[34.402172] (orbbec_description) StdoutLine: {'line': b'-- Symlinking: /home/jetson/orbbec_ros2_ws/install/orbbec_description/share/orbbec_description/meshes/gemini335_336/camera_color_frame.STL\n'}
[34.420113] (orbbec_description) StdoutLine: {'line': b'-- Symlinking: /home/jetson/orbbec_ros2_ws/install/orbbec_description/share/orbbec_description/meshes/gemini335_336/camera_color_optical_frame.STL\n'}
[34.426963] (-) TimerEvent: {}
[34.439020] (orbbec_description) StdoutLine: {'line': b'-- Symlinking: /home/jetson/orbbec_ros2_ws/install/orbbec_description/share/orbbec_description/meshes/gemini335_336/camera_depth_frame.STL\n'}
[34.458028] (orbbec_description) StdoutLine: {'line': b'-- Symlinking: /home/jetson/orbbec_ros2_ws/install/orbbec_description/share/orbbec_description/meshes/gemini335_336/camera_depth_optical_frame.STL\n'}
[34.475837] (orbbec_description) StdoutLine: {'line': b'-- Symlinking: /home/jetson/orbbec_ros2_ws/install/orbbec_description/share/orbbec_description/meshes/gemini335_336/camera_left_ir_frame.STL\n'}
[34.494076] (orbbec_description) StdoutLine: {'line': b'-- Symlinking: /home/jetson/orbbec_ros2_ws/install/orbbec_description/share/orbbec_description/meshes/gemini335_336/camera_left_ir_optical_frame.STL\n'}
[34.512282] (orbbec_description) StdoutLine: {'line': b'-- Symlinking: /home/jetson/orbbec_ros2_ws/install/orbbec_description/share/orbbec_description/meshes/gemini335_336/camera_link.STL\n'}
[34.527093] (-) TimerEvent: {}
[34.531869] (orbbec_description) StdoutLine: {'line': b'-- Symlinking: /home/jetson/orbbec_ros2_ws/install/orbbec_description/share/orbbec_description/meshes/gemini335_336/camera_right_ir_frame.STL\n'}
[34.549830] (orbbec_description) StdoutLine: {'line': b'-- Symlinking: /home/jetson/orbbec_ros2_ws/install/orbbec_description/share/orbbec_description/meshes/gemini335_336/camera_right_ir_optical_frame.STL\n'}
[34.569176] (orbbec_description) StdoutLine: {'line': b'-- Symlinking: /home/jetson/orbbec_ros2_ws/install/orbbec_description/share/orbbec_description/urdf/astra2.urdf.xacro\n'}
[34.587688] (orbbec_description) StdoutLine: {'line': b'-- Symlinking: /home/jetson/orbbec_ros2_ws/install/orbbec_description/share/orbbec_description/urdf/femto_bolt.urdf.xacro\n'}
[34.604788] (orbbec_description) StdoutLine: {'line': b'-- Symlinking: /home/jetson/orbbec_ros2_ws/install/orbbec_description/share/orbbec_description/urdf/gemini2.urdf.xacro\n'}
[34.622239] (orbbec_description) StdoutLine: {'line': b'-- Symlinking: /home/jetson/orbbec_ros2_ws/install/orbbec_description/share/orbbec_description/urdf/gemini2L.urdf.xacro\n'}
[34.627180] (-) TimerEvent: {}
[34.640422] (orbbec_description) StdoutLine: {'line': b'-- Symlinking: /home/jetson/orbbec_ros2_ws/install/orbbec_description/share/orbbec_description/urdf/gemini335L_336L.urdf.xacro\n'}
[34.658051] (orbbec_description) StdoutLine: {'line': b'-- Symlinking: /home/jetson/orbbec_ros2_ws/install/orbbec_description/share/orbbec_description/urdf/gemini_335_336.urdf.xacro\n'}
[34.675615] (orbbec_description) StdoutLine: {'line': b'-- Symlinking: /home/jetson/orbbec_ros2_ws/install/orbbec_description/share/orbbec_description/urdf/test_astra2.urdf.xacro\n'}
[34.692912] (orbbec_description) StdoutLine: {'line': b'-- Symlinking: /home/jetson/orbbec_ros2_ws/install/orbbec_description/share/orbbec_description/urdf/test_femto_bolt.urdf.xacro\n'}
[34.711988] (orbbec_description) StdoutLine: {'line': b'-- Symlinking: /home/jetson/orbbec_ros2_ws/install/orbbec_description/share/orbbec_description/urdf/test_gemini2.urdf.xacro\n'}
[34.727327] (-) TimerEvent: {}
[34.729668] (orbbec_description) StdoutLine: {'line': b'-- Symlinking: /home/jetson/orbbec_ros2_ws/install/orbbec_description/share/orbbec_description/urdf/test_gemini2L.urdf.xacro\n'}
[34.747519] (orbbec_description) StdoutLine: {'line': b'-- Symlinking: /home/jetson/orbbec_ros2_ws/install/orbbec_description/share/orbbec_description/urdf/test_gemini335L.urdf.xacro\n'}
[34.765090] (orbbec_description) StdoutLine: {'line': b'-- Symlinking: /home/jetson/orbbec_ros2_ws/install/orbbec_description/share/orbbec_description/urdf/test_gemini336L.urdf.xacro\n'}
[34.783105] (orbbec_description) StdoutLine: {'line': b'-- Symlinking: /home/jetson/orbbec_ros2_ws/install/orbbec_description/share/orbbec_description/urdf/test_gemini_335.urdf.xarco\n'}
[34.800550] (orbbec_description) StdoutLine: {'line': b'-- Symlinking: /home/jetson/orbbec_ros2_ws/install/orbbec_description/share/orbbec_description/urdf/test_gemini_336.urdf.xarco\n'}
[34.827467] (-) TimerEvent: {}
[34.848833] (orbbec_description) StdoutLine: {'line': b'-- Symlinking: /home/jetson/orbbec_ros2_ws/install/orbbec_description/share/orbbec_description/rviz/urdf.rviz\n'}
[34.867730] (orbbec_description) StdoutLine: {'line': b'-- Symlinking: /home/jetson/orbbec_ros2_ws/install/orbbec_description/share/ament_index/resource_index/package_run_dependencies/orbbec_description\n'}
[34.886698] (orbbec_description) StdoutLine: {'line': b'-- Symlinking: /home/jetson/orbbec_ros2_ws/install/orbbec_description/share/ament_index/resource_index/parent_prefix_path/orbbec_description\n'}
[34.905068] (orbbec_description) StdoutLine: {'line': b'-- Symlinking: /home/jetson/orbbec_ros2_ws/install/orbbec_description/share/orbbec_description/environment/ament_prefix_path.sh\n'}
[34.923400] (orbbec_description) StdoutLine: {'line': b'-- Symlinking: /home/jetson/orbbec_ros2_ws/install/orbbec_description/share/orbbec_description/environment/ament_prefix_path.dsv\n'}
[34.927552] (-) TimerEvent: {}
[34.941947] (orbbec_description) StdoutLine: {'line': b'-- Symlinking: /home/jetson/orbbec_ros2_ws/install/orbbec_description/share/orbbec_description/environment/path.sh\n'}
[34.960460] (orbbec_description) StdoutLine: {'line': b'-- Symlinking: /home/jetson/orbbec_ros2_ws/install/orbbec_description/share/orbbec_description/environment/path.dsv\n'}
[34.979479] (orbbec_description) StdoutLine: {'line': b'-- Symlinking: /home/jetson/orbbec_ros2_ws/install/orbbec_description/share/orbbec_description/local_setup.bash\n'}
[34.998423] (orbbec_description) StdoutLine: {'line': b'-- Symlinking: /home/jetson/orbbec_ros2_ws/install/orbbec_description/share/orbbec_description/local_setup.sh\n'}
[35.017783] (orbbec_description) StdoutLine: {'line': b'-- Symlinking: /home/jetson/orbbec_ros2_ws/install/orbbec_description/share/orbbec_description/local_setup.zsh\n'}
[35.027671] (-) TimerEvent: {}
[35.036021] (orbbec_description) StdoutLine: {'line': b'-- Symlinking: /home/jetson/orbbec_ros2_ws/install/orbbec_description/share/orbbec_description/local_setup.dsv\n'}
[35.053992] (orbbec_description) StdoutLine: {'line': b'-- Symlinking: /home/jetson/orbbec_ros2_ws/install/orbbec_description/share/orbbec_description/package.dsv\n'}
[35.072540] (orbbec_description) StdoutLine: {'line': b'-- Symlinking: /home/jetson/orbbec_ros2_ws/install/orbbec_description/share/ament_index/resource_index/packages/orbbec_description\n'}
[35.091649] (orbbec_description) StdoutLine: {'line': b'-- Symlinking: /home/jetson/orbbec_ros2_ws/install/orbbec_description/share/orbbec_description/cmake/orbbec_descriptionConfig.cmake\n'}
[35.109456] (orbbec_description) StdoutLine: {'line': b'-- Symlinking: /home/jetson/orbbec_ros2_ws/install/orbbec_description/share/orbbec_description/cmake/orbbec_descriptionConfig-version.cmake\n'}
[35.127788] (-) TimerEvent: {}
[35.129935] (orbbec_description) StdoutLine: {'line': b'-- Symlinking: /home/jetson/orbbec_ros2_ws/install/orbbec_description/share/orbbec_description/package.xml\n'}
[35.151986] (orbbec_description) CommandEnded: {'returncode': 0}
[35.199928] (orbbec_description) JobEnded: {'identifier': 'orbbec_description', 'rc': 0}
[35.203234] (orbbec_camera) JobStarted: {'identifier': 'orbbec_camera'}
[35.221855] (orbbec_camera) JobProgress: {'identifier': 'orbbec_camera', 'progress': 'cmake'}
[35.223175] (orbbec_camera) Command: {'cmd': ['/usr/bin/cmake', '/home/jetson/orbbec_ros2_ws/src/OrbbecSDK_ROS2/orbbec_camera', '-DAMENT_CMAKE_SYMLINK_INSTALL=1', '-DCMAKE_INSTALL_PREFIX=/home/jetson/orbbec_ros2_ws/install/orbbec_camera'], 'cwd': '/home/jetson/orbbec_ros2_ws/build/orbbec_camera', 'env': OrderedDict([('LESSOPEN', '| /usr/bin/lesspipe %s'), ('no_proxy', 'localhost,127.0.0.1,::1'), ('LANGUAGE', 'en_US:en'), ('USER', 'jetson'), ('SSH_CLIENT', '192.168.43.64 60939 22'), ('LC_TIME', 'en_US.UTF-8'), ('XDG_SESSION_TYPE', 'tty'), ('SHLVL', '1'), ('LD_LIBRARY_PATH', '/home/jetson/orbbec_ros2_ws/install/orbbec_camera_msgs/lib:/home/jetson/yahboom_ws/install/interfaces/lib:/opt/ros/humble/opt/rviz_ogre_vendor/lib:/opt/ros/humble/lib/aarch64-linux-gnu:/opt/ros/humble/lib:/usr/local/lib:/usr/local/cuda-12.6/lib64'), ('MOTD_SHOWN', 'pam'), ('HOME', '/home/jetson'), ('OLDPWD', '/home/jetson/orbbec_ros2_ws/src'), ('NO_PROXY', 'localhost,127.0.0.1,::1'), ('SSH_TTY', '/dev/pts/0'), ('JETSON_L4T', '36.4.7'), ('ROS_PYTHON_VERSION', '3'), ('JETSON_MODEL', 'NVIDIA Jetson Orin Nano Engineering Reference Developer Kit Super'), ('LC_MONETARY', 'en_US.UTF-8'), ('DBUS_SESSION_BUS_ADDRESS', 'unix:path=/run/user/1000/bus'), ('COLCON_PREFIX_PATH', '/home/jetson/yahboom_ws/install'), ('ROS_DISTRO', 'humble'), ('LOGNAME', 'jetson'), ('JETSON_MODULE', 'NVIDIA Jetson Orin Nano (4GB ram)'), ('JETSON_SERIAL_NUMBER', '1421725057752'), ('_', '/usr/bin/colcon'), ('ROS_VERSION', '2'), ('XDG_SESSION_CLASS', 'user'), ('TERM', 'xterm'), ('XDG_SESSION_ID', '3'), ('ISAAC_ROS_WS', '/home/jetson/workspaces/isaac_ros-dev/'), ('ROS_LOCALHOST_ONLY', '0'), ('PATH', '/home/jetson/.local/bin:/opt/ros/humble/bin:/usr/local/cuda-12.6/bin:/usr/local/sbin:/usr/local/bin:/usr/sbin:/usr/bin:/sbin:/bin:/usr/games:/usr/local/games:/snap/bin'), ('PAPERSIZE', 'letter'), ('LC_ADDRESS', 'en_US.UTF-8'), ('XDG_RUNTIME_DIR', '/run/user/1000'), ('DISPLAY', 'localhost:10.0'), ('LANG', 'en_US.UTF-8'), ('LC_TELEPHONE', 'en_US.UTF-8'), ('LS_COLORS', 'rs=0:di=01;34:ln=01;36:mh=00:pi=40;33:so=01;35:do=01;35:bd=40;33;01:cd=40;33;01:or=40;31;01:mi=00:su=37;41:sg=30;43:ca=30;41:tw=30;42:ow=34;42:st=37;44:ex=01;32:*.tar=01;31:*.tgz=01;31:*.arc=01;31:*.arj=01;31:*.taz=01;31:*.lha=01;31:*.lz4=01;31:*.lzh=01;31:*.lzma=01;31:*.tlz=01;31:*.txz=01;31:*.tzo=01;31:*.t7z=01;31:*.zip=01;31:*.z=01;31:*.dz=01;31:*.gz=01;31:*.lrz=01;31:*.lz=01;31:*.lzo=01;31:*.xz=01;31:*.zst=01;31:*.tzst=01;31:*.bz2=01;31:*.bz=01;31:*.tbz=01;31:*.tbz2=01;31:*.tz=01;31:*.deb=01;31:*.rpm=01;31:*.jar=01;31:*.war=01;31:*.ear=01;31:*.sar=01;31:*.rar=01;31:*.alz=01;31:*.ace=01;31:*.zoo=01;31:*.cpio=01;31:*.7z=01;31:*.rz=01;31:*.cab=01;31:*.wim=01;31:*.swm=01;31:*.dwm=01;31:*.esd=01;31:*.jpg=01;35:*.jpeg=01;35:*.mjpg=01;35:*.mjpeg=01;35:*.gif=01;35:*.bmp=01;35:*.pbm=01;35:*.pgm=01;35:*.ppm=01;35:*.tga=01;35:*.xbm=01;35:*.xpm=01;35:*.tif=01;35:*.tiff=01;35:*.png=01;35:*.svg=01;35:*.svgz=01;35:*.mng=01;35:*.pcx=01;35:*.mov=01;35:*.mpg=01;35:*.mpeg=01;35:*.m2v=01;35:*.mkv=01;35:*.webm=01;35:*.webp=01;35:*.ogm=01;35:*.mp4=01;35:*.m4v=01;35:*.mp4v=01;35:*.vob=01;35:*.qt=01;35:*.nuv=01;35:*.wmv=01;35:*.asf=01;35:*.rm=01;35:*.rmvb=01;35:*.flc=01;35:*.avi=01;35:*.fli=01;35:*.flv=01;35:*.gl=01;35:*.dl=01;35:*.xcf=01;35:*.xwd=01;35:*.yuv=01;35:*.cgm=01;35:*.emf=01;35:*.ogv=01;35:*.ogx=01;35:*.aac=00;36:*.au=00;36:*.flac=00;36:*.m4a=00;36:*.mid=00;36:*.midi=00;36:*.mka=00;36:*.mp3=00;36:*.mpc=00;36:*.ogg=00;36:*.ra=00;36:*.wav=00;36:*.oga=00;36:*.opus=00;36:*.spx=00;36:*.xspf=00;36:'), ('JETSON_SOC', 'tegra234'), ('ROS_DOMAIN_ID', '99'), ('AMENT_PREFIX_PATH', '/home/jetson/orbbec_ros2_ws/install/orbbec_camera_msgs:/home/jetson/yahboom_ws/install/text_chat:/home/jetson/yahboom_ws/install/largemodel:/home/jetson/yahboom_ws/install/interfaces:/home/jetson/yahboom_ws/install/camera:/opt/ros/humble'), ('SHELL', '/bin/bash'), ('LC_NAME', 'en_US.UTF-8'), ('LESSCLOSE', '/usr/bin/lesspipe %s %s'), ('LC_MEASUREMENT', 'en_US.UTF-8'), ('LC_IDENTIFICATION', 'en_US.UTF-8'), ('JETSON_CUDA_ARCH_BIN', '8.7'), ('PWD', '/home/jetson/orbbec_ros2_ws/build/orbbec_camera'), ('SSH_CONNECTION', '192.168.43.64 60939 192.168.43.151 22'), ('XDG_DATA_DIRS', '/usr/share/gnome:/usr/local/share:/usr/share:/var/lib/snapd/desktop'), ('PYTHONPATH', '/home/jetson/orbbec_ros2_ws/install/orbbec_camera_msgs/local/lib/python3.10/dist-packages:/home/jetson/yahboom_ws/install/text_chat/lib/python3.10/site-packages:/home/jetson/yahboom_ws/install/largemodel/lib/python3.10/site-packages:/home/jetson/yahboom_ws/install/interfaces/local/lib/python3.10/dist-packages:/home/jetson/yahboom_ws/install/camera/lib/python3.10/site-packages:/opt/ros/humble/lib/python3.10/site-packages:/opt/ros/humble/local/lib/python3.10/dist-packages:/usr/local/lib/python3.10/site-packages/:'), ('LC_NUMERIC', 'en_US.UTF-8'), ('LC_PAPER', 'en_US.UTF-8'), ('COLCON', '1'), ('JETSON_JETPACK', ''), ('CMAKE_PREFIX_PATH', '/home/jetson/orbbec_ros2_ws/install/orbbec_camera_msgs:/home/jetson/yahboom_ws/install/interfaces:/home/jetson/yahboom_ws/install/text_chat:/home/jetson/yahboom_ws/install/largemodel:/home/jetson/yahboom_ws/install/camera:/opt/ros/humble'), ('JETSON_P_NUMBER', 'p3767-0004')]), 'shell': False}
[35.227865] (-) TimerEvent: {}
[35.328318] (-) TimerEvent: {}
[35.341574] (orbbec_camera) StdoutLine: {'line': b'-- The C compiler identification is GNU 11.4.0\n'}
[35.428495] (-) TimerEvent: {}
[35.454501] (orbbec_camera) StdoutLine: {'line': b'-- The CXX compiler identification is GNU 11.4.0\n'}
[35.474484] (orbbec_camera) StdoutLine: {'line': b'-- Detecting C compiler ABI info\n'}
[35.528677] (-) TimerEvent: {}
[35.617249] (orbbec_camera) StdoutLine: {'line': b'-- Detecting C compiler ABI info - done\n'}
[35.628762] (-) TimerEvent: {}
[35.641712] (orbbec_camera) StdoutLine: {'line': b'-- Check for working C compiler: /usr/bin/cc - skipped\n'}
[35.642608] (orbbec_camera) StdoutLine: {'line': b'-- Detecting C compile features\n'}
[35.644191] (orbbec_camera) StdoutLine: {'line': b'-- Detecting C compile features - done\n'}
[35.654718] (orbbec_camera) StdoutLine: {'line': b'-- Detecting CXX compiler ABI info\n'}
[35.728975] (-) TimerEvent: {}
[35.818184] (orbbec_camera) StdoutLine: {'line': b'-- Detecting CXX compiler ABI info - done\n'}
[35.829060] (-) TimerEvent: {}
[35.843584] (orbbec_camera) StdoutLine: {'line': b'-- Check for working CXX compiler: /usr/bin/c++ - skipped\n'}
[35.844583] (orbbec_camera) StdoutLine: {'line': b'-- Detecting CXX compile features\n'}
[35.846174] (orbbec_camera) StdoutLine: {'line': b'-- Detecting CXX compile features - done\n'}
[35.854669] (orbbec_camera) StdoutLine: {'line': b'-- Found ament_cmake: 1.3.11 (/opt/ros/humble/share/ament_cmake/cmake)\n'}
[35.929222] (-) TimerEvent: {}
[36.029731] (-) TimerEvent: {}
[36.130165] (-) TimerEvent: {}
[36.196646] (orbbec_camera) StdoutLine: {'line': b'-- Found Python3: /usr/bin/python3 (found version "3.10.12") found components: Interpreter \n'}
[36.230284] (-) TimerEvent: {}
[36.328380] (orbbec_camera) StdoutLine: {'line': b'-- Override CMake install command with custom implementation using symlinks instead of copying resources\n'}
[36.330345] (-) TimerEvent: {}
[36.430698] (-) TimerEvent: {}
[36.441059] (orbbec_camera) StdoutLine: {'line': b'-- Found ament_index_cpp: 1.4.0 (/opt/ros/humble/share/ament_index_cpp/cmake)\n'}
[36.465854] (orbbec_camera) StdoutLine: {'line': b'-- Found builtin_interfaces: 1.2.1 (/opt/ros/humble/share/builtin_interfaces/cmake)\n'}
[36.530790] (-) TimerEvent: {}
[36.537372] (orbbec_camera) StdoutLine: {'line': b'-- Found rosidl_generator_c: 3.1.6 (/opt/ros/humble/share/rosidl_generator_c/cmake)\n'}
[36.545628] (orbbec_camera) StdoutLine: {'line': b'-- Found rosidl_adapter: 3.1.6 (/opt/ros/humble/share/rosidl_adapter/cmake)\n'}
[36.559130] (orbbec_camera) StdoutLine: {'line': b'-- Found rosidl_generator_cpp: 3.1.6 (/opt/ros/humble/share/rosidl_generator_cpp/cmake)\n'}
[36.578916] (orbbec_camera) StdoutLine: {'line': b'-- Using all available rosidl_typesupport_c: rosidl_typesupport_fastrtps_c;rosidl_typesupport_introspection_c\n'}
[36.604896] (orbbec_camera) StdoutLine: {'line': b'-- Using all available rosidl_typesupport_cpp: rosidl_typesupport_fastrtps_cpp;rosidl_typesupport_introspection_cpp\n'}
[36.630870] (-) TimerEvent: {}
[36.659187] (orbbec_camera) StdoutLine: {'line': b'-- Found cv_bridge: 3.2.1 (/opt/ros/humble/share/cv_bridge/cmake)\n'}
[36.731033] (-) TimerEvent: {}
[36.789436] (orbbec_camera) StdoutLine: {'line': b'-- Looking for pthread.h\n'}
[36.831254] (-) TimerEvent: {}
[36.931900] (-) TimerEvent: {}
[36.934632] (orbbec_camera) StdoutLine: {'line': b'-- Looking for pthread.h - found\n'}
[36.935480] (orbbec_camera) StdoutLine: {'line': b'-- Performing Test CMAKE_HAVE_LIBC_PTHREAD\n'}
[37.032099] (-) TimerEvent: {}
[37.089065] (orbbec_camera) StdoutLine: {'line': b'-- Performing Test CMAKE_HAVE_LIBC_PTHREAD - Success\n'}
[37.092313] (orbbec_camera) StdoutLine: {'line': b'-- Found Threads: TRUE  \n'}
[37.127665] (orbbec_camera) StdoutLine: {'line': b'-- Found CUDA: /usr/local/cuda-12.6 (found suitable exact version "12.6") \n'}
[37.132170] (-) TimerEvent: {}
[37.232661] (-) TimerEvent: {}
[37.265655] (orbbec_camera) StdoutLine: {'line': b'-- Found camera_info_manager: 3.1.10 (/opt/ros/humble/share/camera_info_manager/cmake)\n'}
[37.332782] (-) TimerEvent: {}
[37.386688] (orbbec_camera) StdoutLine: {'line': b'-- Found rmw_implementation_cmake: 6.1.2 (/opt/ros/humble/share/rmw_implementation_cmake/cmake)\n'}
[37.393665] (orbbec_camera) StdoutLine: {'line': b'-- Found rmw_fastrtps_cpp: 6.2.7 (/opt/ros/humble/share/rmw_fastrtps_cpp/cmake)\n'}
[37.432879] (-) TimerEvent: {}
[37.533347] (-) TimerEvent: {}
[37.586265] (orbbec_camera) StdoutLine: {'line': b'-- Found OpenSSL: /usr/lib/aarch64-linux-gnu/libcrypto.so (found version "3.0.2")  \n'}
[37.633472] (-) TimerEvent: {}
[37.655350] (orbbec_camera) StdoutLine: {'line': b'-- Found FastRTPS: /opt/ros/humble/include  \n'}
[37.733717] (-) TimerEvent: {}
[37.739108] (orbbec_camera) StdoutLine: {'line': b"-- Using RMW implementation 'rmw_fastrtps_cpp' as default\n"}
[37.833870] (-) TimerEvent: {}
[37.876142] (orbbec_camera) StdoutLine: {'line': b'-- Found image_transport: 3.1.10 (/opt/ros/humble/share/image_transport/cmake)\n'}
[37.933953] (-) TimerEvent: {}
[37.950861] (orbbec_camera) StdoutLine: {'line': b'-- Found image_publisher: 3.0.6 (/opt/ros/humble/share/image_publisher/cmake)\n'}
[38.010222] (orbbec_camera) StdoutLine: {'line': b'-- Found OpenCV: /usr/local (found version "4.10.0") \n'}
[38.010780] (orbbec_camera) StdoutLine: {'line': b'-- Found orbbec_camera_msgs: 1.5.22 (/home/jetson/orbbec_ros2_ws/install/orbbec_camera_msgs/share/orbbec_camera_msgs/cmake)\n'}
[38.034039] (-) TimerEvent: {}
[38.041105] (orbbec_camera) StdoutLine: {'line': b'-- Found std_srvs: 4.2.4 (/opt/ros/humble/share/std_srvs/cmake)\n'}
[38.071587] (orbbec_camera) StdoutLine: {'line': b'-- Found tf2: 0.25.9 (/opt/ros/humble/share/tf2/cmake)\n'}
[38.080243] (orbbec_camera) StdoutLine: {'line': b'-- Found tf2_eigen: 0.25.9 (/opt/ros/humble/share/tf2_eigen/cmake)\n'}
[38.134143] (-) TimerEvent: {}
[38.221738] (orbbec_camera) StdoutLine: {'line': b'-- Found tf2_sensor_msgs: 0.25.22 (/opt/ros/humble/share/tf2_sensor_msgs/cmake)\n'}
[38.234233] (-) TimerEvent: {}
[38.237927] (orbbec_camera) StdoutLine: {'line': b'-- Found diagnostic_updater: 4.0.7 (/opt/ros/humble/share/diagnostic_updater/cmake)\n'}
[38.284150] (orbbec_camera) StdoutLine: {'line': b'-- Found PkgConfig: /usr/bin/pkg-config (found version "0.29.2") \n'}
[38.293317] (orbbec_camera) StdoutLine: {'line': b'-- ORRBEC Machine : aarch64\n'}
[38.293617] (orbbec_camera) StdoutLine: {'line': b'\n'}
[38.293749] (orbbec_camera) StdoutLine: {'line': b'-- ORRBEC Machine Bits : 64\n'}
[38.293861] (orbbec_camera) StdoutLine: {'line': b'\n'}
[38.334336] (-) TimerEvent: {}
[38.434915] (-) TimerEvent: {}
[38.509016] (orbbec_camera) StdoutLine: {'line': b'-- Found ament_lint_auto: 0.12.15 (/opt/ros/humble/share/ament_lint_auto/cmake)\n'}
[38.535012] (-) TimerEvent: {}
[38.635535] (-) TimerEvent: {}
[38.710037] (orbbec_camera) StdoutLine: {'line': b'-- Configuring done\n'}
[38.735640] (-) TimerEvent: {}
[38.836199] (-) TimerEvent: {}
[38.936679] (-) TimerEvent: {}
[39.037331] (-) TimerEvent: {}
[39.044696] (orbbec_camera) StdoutLine: {'line': b'-- Generating done\n'}
[39.094085] (orbbec_camera) StdoutLine: {'line': b'-- Build files have been written to: /home/jetson/orbbec_ros2_ws/build/orbbec_camera\n'}
[39.125995] (orbbec_camera) CommandEnded: {'returncode': 0}
[39.127939] (orbbec_camera) JobProgress: {'identifier': 'orbbec_camera', 'progress': 'build'}
[39.129045] (orbbec_camera) Command: {'cmd': ['/usr/bin/cmake', '--build', '/home/jetson/orbbec_ros2_ws/build/orbbec_camera', '--', '-j6', '-l6'], 'cwd': '/home/jetson/orbbec_ros2_ws/build/orbbec_camera', 'env': OrderedDict([('LESSOPEN', '| /usr/bin/lesspipe %s'), ('no_proxy', 'localhost,127.0.0.1,::1'), ('LANGUAGE', 'en_US:en'), ('USER', 'jetson'), ('SSH_CLIENT', '192.168.43.64 60939 22'), ('LC_TIME', 'en_US.UTF-8'), ('XDG_SESSION_TYPE', 'tty'), ('SHLVL', '1'), ('LD_LIBRARY_PATH', '/home/jetson/orbbec_ros2_ws/install/orbbec_camera_msgs/lib:/home/jetson/yahboom_ws/install/interfaces/lib:/opt/ros/humble/opt/rviz_ogre_vendor/lib:/opt/ros/humble/lib/aarch64-linux-gnu:/opt/ros/humble/lib:/usr/local/lib:/usr/local/cuda-12.6/lib64'), ('MOTD_SHOWN', 'pam'), ('HOME', '/home/jetson'), ('OLDPWD', '/home/jetson/orbbec_ros2_ws/src'), ('NO_PROXY', 'localhost,127.0.0.1,::1'), ('SSH_TTY', '/dev/pts/0'), ('JETSON_L4T', '36.4.7'), ('ROS_PYTHON_VERSION', '3'), ('JETSON_MODEL', 'NVIDIA Jetson Orin Nano Engineering Reference Developer Kit Super'), ('LC_MONETARY', 'en_US.UTF-8'), ('DBUS_SESSION_BUS_ADDRESS', 'unix:path=/run/user/1000/bus'), ('COLCON_PREFIX_PATH', '/home/jetson/yahboom_ws/install'), ('ROS_DISTRO', 'humble'), ('LOGNAME', 'jetson'), ('JETSON_MODULE', 'NVIDIA Jetson Orin Nano (4GB ram)'), ('JETSON_SERIAL_NUMBER', '1421725057752'), ('_', '/usr/bin/colcon'), ('ROS_VERSION', '2'), ('XDG_SESSION_CLASS', 'user'), ('TERM', 'xterm'), ('XDG_SESSION_ID', '3'), ('ISAAC_ROS_WS', '/home/jetson/workspaces/isaac_ros-dev/'), ('ROS_LOCALHOST_ONLY', '0'), ('PATH', '/home/jetson/.local/bin:/opt/ros/humble/bin:/usr/local/cuda-12.6/bin:/usr/local/sbin:/usr/local/bin:/usr/sbin:/usr/bin:/sbin:/bin:/usr/games:/usr/local/games:/snap/bin'), ('PAPERSIZE', 'letter'), ('LC_ADDRESS', 'en_US.UTF-8'), ('XDG_RUNTIME_DIR', '/run/user/1000'), ('DISPLAY', 'localhost:10.0'), ('LANG', 'en_US.UTF-8'), ('LC_TELEPHONE', 'en_US.UTF-8'), ('LS_COLORS', 'rs=0:di=01;34:ln=01;36:mh=00:pi=40;33:so=01;35:do=01;35:bd=40;33;01:cd=40;33;01:or=40;31;01:mi=00:su=37;41:sg=30;43:ca=30;41:tw=30;42:ow=34;42:st=37;44:ex=01;32:*.tar=01;31:*.tgz=01;31:*.arc=01;31:*.arj=01;31:*.taz=01;31:*.lha=01;31:*.lz4=01;31:*.lzh=01;31:*.lzma=01;31:*.tlz=01;31:*.txz=01;31:*.tzo=01;31:*.t7z=01;31:*.zip=01;31:*.z=01;31:*.dz=01;31:*.gz=01;31:*.lrz=01;31:*.lz=01;31:*.lzo=01;31:*.xz=01;31:*.zst=01;31:*.tzst=01;31:*.bz2=01;31:*.bz=01;31:*.tbz=01;31:*.tbz2=01;31:*.tz=01;31:*.deb=01;31:*.rpm=01;31:*.jar=01;31:*.war=01;31:*.ear=01;31:*.sar=01;31:*.rar=01;31:*.alz=01;31:*.ace=01;31:*.zoo=01;31:*.cpio=01;31:*.7z=01;31:*.rz=01;31:*.cab=01;31:*.wim=01;31:*.swm=01;31:*.dwm=01;31:*.esd=01;31:*.jpg=01;35:*.jpeg=01;35:*.mjpg=01;35:*.mjpeg=01;35:*.gif=01;35:*.bmp=01;35:*.pbm=01;35:*.pgm=01;35:*.ppm=01;35:*.tga=01;35:*.xbm=01;35:*.xpm=01;35:*.tif=01;35:*.tiff=01;35:*.png=01;35:*.svg=01;35:*.svgz=01;35:*.mng=01;35:*.pcx=01;35:*.mov=01;35:*.mpg=01;35:*.mpeg=01;35:*.m2v=01;35:*.mkv=01;35:*.webm=01;35:*.webp=01;35:*.ogm=01;35:*.mp4=01;35:*.m4v=01;35:*.mp4v=01;35:*.vob=01;35:*.qt=01;35:*.nuv=01;35:*.wmv=01;35:*.asf=01;35:*.rm=01;35:*.rmvb=01;35:*.flc=01;35:*.avi=01;35:*.fli=01;35:*.flv=01;35:*.gl=01;35:*.dl=01;35:*.xcf=01;35:*.xwd=01;35:*.yuv=01;35:*.cgm=01;35:*.emf=01;35:*.ogv=01;35:*.ogx=01;35:*.aac=00;36:*.au=00;36:*.flac=00;36:*.m4a=00;36:*.mid=00;36:*.midi=00;36:*.mka=00;36:*.mp3=00;36:*.mpc=00;36:*.ogg=00;36:*.ra=00;36:*.wav=00;36:*.oga=00;36:*.opus=00;36:*.spx=00;36:*.xspf=00;36:'), ('JETSON_SOC', 'tegra234'), ('ROS_DOMAIN_ID', '99'), ('AMENT_PREFIX_PATH', '/home/jetson/orbbec_ros2_ws/install/orbbec_camera_msgs:/home/jetson/yahboom_ws/install/text_chat:/home/jetson/yahboom_ws/install/largemodel:/home/jetson/yahboom_ws/install/interfaces:/home/jetson/yahboom_ws/install/camera:/opt/ros/humble'), ('SHELL', '/bin/bash'), ('LC_NAME', 'en_US.UTF-8'), ('LESSCLOSE', '/usr/bin/lesspipe %s %s'), ('LC_MEASUREMENT', 'en_US.UTF-8'), ('LC_IDENTIFICATION', 'en_US.UTF-8'), ('JETSON_CUDA_ARCH_BIN', '8.7'), ('PWD', '/home/jetson/orbbec_ros2_ws/build/orbbec_camera'), ('SSH_CONNECTION', '192.168.43.64 60939 192.168.43.151 22'), ('XDG_DATA_DIRS', '/usr/share/gnome:/usr/local/share:/usr/share:/var/lib/snapd/desktop'), ('PYTHONPATH', '/home/jetson/orbbec_ros2_ws/install/orbbec_camera_msgs/local/lib/python3.10/dist-packages:/home/jetson/yahboom_ws/install/text_chat/lib/python3.10/site-packages:/home/jetson/yahboom_ws/install/largemodel/lib/python3.10/site-packages:/home/jetson/yahboom_ws/install/interfaces/local/lib/python3.10/dist-packages:/home/jetson/yahboom_ws/install/camera/lib/python3.10/site-packages:/opt/ros/humble/lib/python3.10/site-packages:/opt/ros/humble/local/lib/python3.10/dist-packages:/usr/local/lib/python3.10/site-packages/:'), ('LC_NUMERIC', 'en_US.UTF-8'), ('LC_PAPER', 'en_US.UTF-8'), ('COLCON', '1'), ('JETSON_JETPACK', ''), ('CMAKE_PREFIX_PATH', '/home/jetson/orbbec_ros2_ws/install/orbbec_camera_msgs:/home/jetson/yahboom_ws/install/interfaces:/home/jetson/yahboom_ws/install/text_chat:/home/jetson/yahboom_ws/install/largemodel:/home/jetson/yahboom_ws/install/camera:/opt/ros/humble'), ('JETSON_P_NUMBER', 'p3767-0004')]), 'shell': False}
[39.137406] (-) TimerEvent: {}
[39.232988] (orbbec_camera) StdoutLine: {'line': b'[ 15%] \x1b[32mBuilding CXX object CMakeFiles/orbbec_camera.dir/src/dynamic_params.cpp.o\x1b[0m\n'}
[39.233439] (orbbec_camera) StdoutLine: {'line': b'[ 15%] \x1b[32mBuilding CXX object CMakeFiles/orbbec_camera.dir/src/d2c_viewer.cpp.o\x1b[0m\n'}
[39.233711] (orbbec_camera) StdoutLine: {'line': b'[ 15%] \x1b[32mBuilding CXX object CMakeFiles/orbbec_camera_node.dir/rclcpp_components/node_main_orbbec_camera_node.cpp.o\x1b[0m\n'}
[39.233980] (orbbec_camera) StdoutLine: {'line': b'[ 15%] \x1b[32mBuilding CXX object CMakeFiles/frame_latency_node.dir/rclcpp_components/node_main_frame_latency_node.cpp.o\x1b[0m\n'}
[39.235980] (orbbec_camera) StdoutLine: {'line': b'[ 19%] \x1b[32mBuilding CXX object CMakeFiles/orbbec_camera.dir/src/image_publisher.cpp.o\x1b[0m\n'}
[39.236585] (orbbec_camera) StdoutLine: {'line': b'[ 23%] \x1b[32mBuilding CXX object CMakeFiles/frame_latency.dir/tools/frame_latency.cpp.o\x1b[0m\n'}
[39.237495] (-) TimerEvent: {}
[39.338005] (-) TimerEvent: {}
[39.438665] (-) TimerEvent: {}
[39.539664] (-) TimerEvent: {}
[39.640300] (-) TimerEvent: {}
[39.741381] (-) TimerEvent: {}
[39.842484] (-) TimerEvent: {}
[39.943178] (-) TimerEvent: {}
[40.043886] (-) TimerEvent: {}
[40.144591] (-) TimerEvent: {}
[40.245304] (-) TimerEvent: {}
[40.346054] (-) TimerEvent: {}
[40.446764] (-) TimerEvent: {}
[40.547517] (-) TimerEvent: {}
[40.648208] (-) TimerEvent: {}
[40.748874] (-) TimerEvent: {}
[40.849585] (-) TimerEvent: {}
[40.950306] (-) TimerEvent: {}
[41.051051] (-) TimerEvent: {}
[41.152330] (-) TimerEvent: {}
[41.253531] (-) TimerEvent: {}
[41.354825] (-) TimerEvent: {}
[41.455976] (-) TimerEvent: {}
[41.557153] (-) TimerEvent: {}
[41.658012] (-) TimerEvent: {}
[41.758732] (-) TimerEvent: {}
[41.862508] (-) TimerEvent: {}
[41.971338] (-) TimerEvent: {}
[42.072559] (-) TimerEvent: {}
[42.173799] (-) TimerEvent: {}
[42.275025] (-) TimerEvent: {}
[42.376331] (-) TimerEvent: {}
[42.477780] (-) TimerEvent: {}
[42.578998] (-) TimerEvent: {}
[42.680245] (-) TimerEvent: {}
[42.781472] (-) TimerEvent: {}
[42.882672] (-) TimerEvent: {}
[42.983927] (-) TimerEvent: {}
[43.085230] (-) TimerEvent: {}
[43.186553] (-) TimerEvent: {}
[43.287810] (-) TimerEvent: {}
[43.389018] (-) TimerEvent: {}
[43.490316] (-) TimerEvent: {}
[43.591506] (-) TimerEvent: {}
[43.692886] (-) TimerEvent: {}
[43.794522] (-) TimerEvent: {}
[43.895760] (-) TimerEvent: {}
[43.997044] (-) TimerEvent: {}
[44.098349] (-) TimerEvent: {}
[44.199605] (-) TimerEvent: {}
[44.300834] (-) TimerEvent: {}
[44.402007] (-) TimerEvent: {}
[44.503389] (-) TimerEvent: {}
[44.604834] (-) TimerEvent: {}
[44.706272] (-) TimerEvent: {}
[44.807642] (-) TimerEvent: {}
[44.908938] (-) TimerEvent: {}
[45.010252] (-) TimerEvent: {}
[45.111488] (-) TimerEvent: {}
[45.212701] (-) TimerEvent: {}
[45.313957] (-) TimerEvent: {}
[45.415283] (-) TimerEvent: {}
[45.516488] (-) TimerEvent: {}
[45.617773] (-) TimerEvent: {}
[45.719091] (-) TimerEvent: {}
[45.820319] (-) TimerEvent: {}
[45.921570] (-) TimerEvent: {}
[46.023044] (-) TimerEvent: {}
[46.124408] (-) TimerEvent: {}
[46.225692] (-) TimerEvent: {}
[46.326915] (-) TimerEvent: {}
[46.428190] (-) TimerEvent: {}
[46.529503] (-) TimerEvent: {}
[46.630788] (-) TimerEvent: {}
[46.732051] (-) TimerEvent: {}
[46.833368] (-) TimerEvent: {}
[46.934649] (-) TimerEvent: {}
[47.035921] (-) TimerEvent: {}
[47.137206] (-) TimerEvent: {}
[47.238409] (-) TimerEvent: {}
[47.339675] (-) TimerEvent: {}
[47.441029] (-) TimerEvent: {}
[47.542244] (-) TimerEvent: {}
[47.643456] (-) TimerEvent: {}
[47.744149] (-) TimerEvent: {}
[47.844857] (-) TimerEvent: {}
[47.945550] (-) TimerEvent: {}
[48.046253] (-) TimerEvent: {}
[48.146987] (-) TimerEvent: {}
[48.247715] (-) TimerEvent: {}
[48.348444] (-) TimerEvent: {}
[48.449616] (-) TimerEvent: {}
[48.550797] (-) TimerEvent: {}
[48.651986] (-) TimerEvent: {}
[48.753239] (-) TimerEvent: {}
[48.855294] (-) TimerEvent: {}
[48.959299] (-) TimerEvent: {}
[49.062508] (-) TimerEvent: {}
[49.163243] (-) TimerEvent: {}
[49.263904] (-) TimerEvent: {}
[49.364834] (-) TimerEvent: {}
[49.432308] (orbbec_camera) StdoutLine: {'line': b'[ 30%] \x1b[32m\x1b[1mLinking CXX executable orbbec_camera_node\x1b[0m\n'}
[49.471190] (-) TimerEvent: {}
[49.471618] (orbbec_camera) StdoutLine: {'line': b'[ 30%] \x1b[32m\x1b[1mLinking CXX executable frame_latency_node\x1b[0m\n'}
[49.571406] (-) TimerEvent: {}
[49.672167] (-) TimerEvent: {}
[49.772895] (-) TimerEvent: {}
[49.873681] (-) TimerEvent: {}
[49.946176] (orbbec_camera) StdoutLine: {'line': b'[ 30%] Built target orbbec_camera_node\n'}
[49.946789] (orbbec_camera) StdoutLine: {'line': b'[ 30%] Built target frame_latency_node\n'}
[49.967695] (orbbec_camera) StdoutLine: {'line': b'[ 38%] \x1b[32mBuilding CXX object CMakeFiles/orbbec_camera.dir/src/frame_timestamp_csv_logger.cpp.o\x1b[0m\n'}
[49.968634] (orbbec_camera) StdoutLine: {'line': b'[ 38%] \x1b[32mBuilding CXX object CMakeFiles/orbbec_camera.dir/src/ob_camera_node_driver.cpp.o\x1b[0m\n'}
[49.973878] (-) TimerEvent: {}
[50.075048] (-) TimerEvent: {}
[50.176259] (-) TimerEvent: {}
[50.277389] (-) TimerEvent: {}
[50.378577] (-) TimerEvent: {}
[50.470670] (orbbec_camera) StdoutLine: {'line': b'[ 42%] \x1b[32mBuilding CXX object CMakeFiles/orbbec_camera.dir/src/ob_camera_node.cpp.o\x1b[0m\n'}
[50.478769] (-) TimerEvent: {}
[50.579922] (-) TimerEvent: {}
[50.681042] (-) TimerEvent: {}
[50.781734] (-) TimerEvent: {}
[50.882450] (-) TimerEvent: {}
[50.983513] (-) TimerEvent: {}
[51.084259] (-) TimerEvent: {}
[51.184994] (-) TimerEvent: {}
[51.285748] (-) TimerEvent: {}
[51.386530] (-) TimerEvent: {}
[51.487289] (-) TimerEvent: {}
[51.587972] (-) TimerEvent: {}
[51.688642] (-) TimerEvent: {}
[51.789351] (-) TimerEvent: {}
[51.890079] (-) TimerEvent: {}
[51.990842] (-) TimerEvent: {}
[52.091593] (-) TimerEvent: {}
[52.192277] (-) TimerEvent: {}
[52.292978] (-) TimerEvent: {}
[52.393683] (-) TimerEvent: {}
[52.494447] (-) TimerEvent: {}
[52.530113] (orbbec_camera) StdoutLine: {'line': b'[ 46%] \x1b[32mBuilding CXX object CMakeFiles/orbbec_camera.dir/src/ros_param_backend.cpp.o\x1b[0m\n'}
[52.594689] (-) TimerEvent: {}
[52.695396] (-) TimerEvent: {}
[52.796086] (-) TimerEvent: {}
[52.896809] (-) TimerEvent: {}
[52.997560] (-) TimerEvent: {}
[53.098304] (-) TimerEvent: {}
[53.199070] (-) TimerEvent: {}
[53.299803] (-) TimerEvent: {}
[53.400544] (-) TimerEvent: {}
[53.501324] (-) TimerEvent: {}
[53.602124] (-) TimerEvent: {}
[53.702872] (-) TimerEvent: {}
[53.803627] (-) TimerEvent: {}
[53.904368] (-) TimerEvent: {}
[54.005106] (-) TimerEvent: {}
[54.105853] (-) TimerEvent: {}
[54.206600] (-) TimerEvent: {}
[54.307356] (-) TimerEvent: {}
[54.408085] (-) TimerEvent: {}
[54.508816] (-) TimerEvent: {}
[54.609578] (-) TimerEvent: {}
[54.710327] (-) TimerEvent: {}
[54.811072] (-) TimerEvent: {}
[54.911784] (-) TimerEvent: {}
[55.012481] (-) TimerEvent: {}
[55.113186] (-) TimerEvent: {}
[55.214386] (-) TimerEvent: {}
[55.315653] (-) TimerEvent: {}
[55.416851] (-) TimerEvent: {}
[55.518101] (-) TimerEvent: {}
[55.619342] (-) TimerEvent: {}
[55.720534] (-) TimerEvent: {}
[55.821760] (-) TimerEvent: {}
[55.923101] (-) TimerEvent: {}
[56.024360] (-) TimerEvent: {}
[56.125638] (-) TimerEvent: {}
[56.226868] (-) TimerEvent: {}
[56.328069] (-) TimerEvent: {}
[56.429255] (-) TimerEvent: {}
[56.530440] (-) TimerEvent: {}
[56.631526] (-) TimerEvent: {}
[56.732705] (-) TimerEvent: {}
[56.833847] (-) TimerEvent: {}
[56.935043] (-) TimerEvent: {}
[57.036308] (-) TimerEvent: {}
[57.137519] (-) TimerEvent: {}
[57.238704] (-) TimerEvent: {}
[57.339896] (-) TimerEvent: {}
[57.441148] (-) TimerEvent: {}
[57.542354] (-) TimerEvent: {}
[57.643376] (-) TimerEvent: {}
[57.744046] (-) TimerEvent: {}
[57.844715] (-) TimerEvent: {}
[57.945405] (-) TimerEvent: {}
[58.046084] (-) TimerEvent: {}
[58.147351] (-) TimerEvent: {}
[58.248065] (-) TimerEvent: {}
[58.348802] (-) TimerEvent: {}
[58.449486] (-) TimerEvent: {}
[58.550166] (-) TimerEvent: {}
[58.650938] (-) TimerEvent: {}
[58.752101] (-) TimerEvent: {}
[58.853319] (-) TimerEvent: {}
[58.953997] (-) TimerEvent: {}
[59.055152] (-) TimerEvent: {}
[59.155819] (-) TimerEvent: {}
[59.256647] (-) TimerEvent: {}
[59.357394] (-) TimerEvent: {}
[59.458087] (-) TimerEvent: {}
[59.558811] (-) TimerEvent: {}
[59.659538] (-) TimerEvent: {}
[59.760180] (-) TimerEvent: {}
[59.860802] (-) TimerEvent: {}
[59.961591] (-) TimerEvent: {}
[60.062264] (-) TimerEvent: {}
[60.162969] (-) TimerEvent: {}
[60.263654] (-) TimerEvent: {}
[60.364342] (-) TimerEvent: {}
[60.465227] (-) TimerEvent: {}
[60.565920] (-) TimerEvent: {}
[60.666568] (-) TimerEvent: {}
[60.767248] (-) TimerEvent: {}
[60.867913] (-) TimerEvent: {}
[60.968580] (-) TimerEvent: {}
[61.069248] (-) TimerEvent: {}
[61.129425] (orbbec_camera) StdoutLine: {'line': b'[ 50%] \x1b[32mBuilding CXX object CMakeFiles/orbbec_camera.dir/src/ros_service.cpp.o\x1b[0m\n'}
[61.228930] (-) TimerEvent: {}
[61.329931] (-) TimerEvent: {}
[61.430585] (-) TimerEvent: {}
[61.531471] (-) TimerEvent: {}
[61.632143] (-) TimerEvent: {}
[61.733319] (-) TimerEvent: {}
[61.834481] (-) TimerEvent: {}
[61.935221] (-) TimerEvent: {}
[62.010435] (orbbec_camera) StdoutLine: {'line': b'[ 53%] \x1b[32mBuilding CXX object CMakeFiles/orbbec_camera.dir/src/synced_imu_publisher.cpp.o\x1b[0m\n'}
[62.035457] (-) TimerEvent: {}
[62.136114] (-) TimerEvent: {}
[62.236800] (-) TimerEvent: {}
[62.337462] (-) TimerEvent: {}
[62.438184] (-) TimerEvent: {}
[62.538852] (-) TimerEvent: {}
[62.639790] (-) TimerEvent: {}
[62.740430] (-) TimerEvent: {}
[62.841099] (-) TimerEvent: {}
[62.941817] (-) TimerEvent: {}
[63.042499] (-) TimerEvent: {}
[63.143182] (-) TimerEvent: {}
[63.243857] (-) TimerEvent: {}
[63.344525] (-) TimerEvent: {}
[63.445169] (-) TimerEvent: {}
[63.545819] (-) TimerEvent: {}
[63.646487] (-) TimerEvent: {}
[63.747227] (-) TimerEvent: {}
[63.847889] (-) TimerEvent: {}
[63.948549] (-) TimerEvent: {}
[64.049196] (-) TimerEvent: {}
[64.149830] (-) TimerEvent: {}
[64.250524] (-) TimerEvent: {}
[64.351227] (-) TimerEvent: {}
[64.452062] (-) TimerEvent: {}
[64.552791] (-) TimerEvent: {}
[64.653448] (-) TimerEvent: {}
[64.754364] (-) TimerEvent: {}
[64.855068] (-) TimerEvent: {}
[64.955757] (-) TimerEvent: {}
[65.056472] (-) TimerEvent: {}
[65.157242] (-) TimerEvent: {}
[65.288036] (-) TimerEvent: {}
[65.471720] (-) TimerEvent: {}
[65.694070] (-) TimerEvent: {}
[65.867355] (-) TimerEvent: {}
[66.056798] (-) TimerEvent: {}
[66.201919] (-) TimerEvent: {}
[66.302584] (-) TimerEvent: {}
[66.403273] (-) TimerEvent: {}
[66.503991] (-) TimerEvent: {}
[66.604666] (-) TimerEvent: {}
[66.705343] (-) TimerEvent: {}
[66.806001] (-) TimerEvent: {}
[66.906659] (-) TimerEvent: {}
[67.007278] (-) TimerEvent: {}
[67.107912] (-) TimerEvent: {}
[67.208628] (-) TimerEvent: {}
[67.309294] (-) TimerEvent: {}
[67.410438] (-) TimerEvent: {}
[67.511089] (-) TimerEvent: {}
[67.611765] (-) TimerEvent: {}
[67.712406] (-) TimerEvent: {}
[67.813050] (-) TimerEvent: {}
[67.913706] (-) TimerEvent: {}
[68.014404] (-) TimerEvent: {}
[68.115086] (-) TimerEvent: {}
[68.215780] (-) TimerEvent: {}
[68.316502] (-) TimerEvent: {}
[68.417178] (-) TimerEvent: {}
[68.517912] (-) TimerEvent: {}
[68.618584] (-) TimerEvent: {}
[68.719267] (-) TimerEvent: {}
[68.819975] (-) TimerEvent: {}
[68.920696] (-) TimerEvent: {}
[69.021587] (-) TimerEvent: {}
[69.122518] (-) TimerEvent: {}
[69.223300] (-) TimerEvent: {}
[69.324292] (-) TimerEvent: {}
[69.425970] (-) TimerEvent: {}
[69.527203] (-) TimerEvent: {}
[69.628424] (-) TimerEvent: {}
[69.729612] (-) TimerEvent: {}
[69.830777] (-) TimerEvent: {}
[69.932014] (-) TimerEvent: {}
[70.033239] (-) TimerEvent: {}
[70.134456] (-) TimerEvent: {}
[70.235677] (-) TimerEvent: {}
[70.336893] (-) TimerEvent: {}
[70.438133] (-) TimerEvent: {}
[70.539396] (-) TimerEvent: {}
[70.640658] (-) TimerEvent: {}
[70.741511] (-) TimerEvent: {}
[70.842478] (-) TimerEvent: {}
[70.943376] (-) TimerEvent: {}
[71.044731] (-) TimerEvent: {}
[71.146137] (-) TimerEvent: {}
[71.247996] (-) TimerEvent: {}
[71.349258] (-) TimerEvent: {}
[71.450568] (-) TimerEvent: {}
[71.551847] (-) TimerEvent: {}
[71.653194] (-) TimerEvent: {}
[71.754610] (-) TimerEvent: {}
[71.856045] (-) TimerEvent: {}
[71.957434] (-) TimerEvent: {}
[72.058668] (-) TimerEvent: {}
[72.160136] (-) TimerEvent: {}
[72.261606] (-) TimerEvent: {}
[72.362262] (-) TimerEvent: {}
[72.462908] (-) TimerEvent: {}
[72.564180] (-) TimerEvent: {}
[72.664932] (-) TimerEvent: {}
[72.765689] (-) TimerEvent: {}
[72.867265] (-) TimerEvent: {}
[72.968153] (-) TimerEvent: {}
[73.079312] (-) TimerEvent: {}
[73.180442] (-) TimerEvent: {}
[73.281141] (-) TimerEvent: {}
[73.382324] (-) TimerEvent: {}
[73.483487] (-) TimerEvent: {}
[73.584704] (-) TimerEvent: {}
[73.685939] (-) TimerEvent: {}
[73.787261] (-) TimerEvent: {}
[73.887955] (-) TimerEvent: {}
[73.988665] (-) TimerEvent: {}
[74.089932] (-) TimerEvent: {}
[74.191161] (-) TimerEvent: {}
[74.292218] (-) TimerEvent: {}
[74.393016] (-) TimerEvent: {}
[74.494203] (-) TimerEvent: {}
[74.595382] (-) TimerEvent: {}
[74.696531] (-) TimerEvent: {}
[74.797772] (-) TimerEvent: {}
[74.898975] (-) TimerEvent: {}
[75.000162] (-) TimerEvent: {}
[75.100846] (-) TimerEvent: {}
[75.201538] (-) TimerEvent: {}
[75.302246] (-) TimerEvent: {}
[75.402927] (-) TimerEvent: {}
[75.503653] (-) TimerEvent: {}
[75.604355] (-) TimerEvent: {}
[75.705093] (-) TimerEvent: {}
[75.805857] (-) TimerEvent: {}
[75.906732] (-) TimerEvent: {}
[76.007416] (-) TimerEvent: {}
[76.108122] (-) TimerEvent: {}
[76.208803] (-) TimerEvent: {}
[76.309475] (-) TimerEvent: {}
[76.410162] (-) TimerEvent: {}
[76.510861] (-) TimerEvent: {}
[76.611580] (-) TimerEvent: {}
[76.712324] (-) TimerEvent: {}
[76.813857] (-) TimerEvent: {}
[76.915608] (-) TimerEvent: {}
[77.017096] (-) TimerEvent: {}
[77.118715] (-) TimerEvent: {}
[77.220457] (-) TimerEvent: {}
[77.322142] (-) TimerEvent: {}
[77.423879] (-) TimerEvent: {}
[77.525989] (-) TimerEvent: {}
[77.627769] (-) TimerEvent: {}
[77.728832] (-) TimerEvent: {}
[77.829831] (-) TimerEvent: {}
[77.930885] (-) TimerEvent: {}
[78.031920] (-) TimerEvent: {}
[78.132926] (-) TimerEvent: {}
[78.233682] (-) TimerEvent: {}
[78.334376] (-) TimerEvent: {}
[78.435067] (-) TimerEvent: {}
[78.539272] (-) TimerEvent: {}
[78.642424] (-) TimerEvent: {}
[78.751893] (-) TimerEvent: {}
[78.852521] (-) TimerEvent: {}
[78.953199] (-) TimerEvent: {}
[79.053875] (-) TimerEvent: {}
[79.154560] (-) TimerEvent: {}
[79.255268] (-) TimerEvent: {}
[79.355945] (-) TimerEvent: {}
[79.456642] (-) TimerEvent: {}
[79.557342] (-) TimerEvent: {}
[79.658038] (-) TimerEvent: {}
[79.758955] (-) TimerEvent: {}
[79.859655] (-) TimerEvent: {}
[79.960364] (-) TimerEvent: {}
[80.061049] (-) TimerEvent: {}
[80.161750] (-) TimerEvent: {}
[80.262425] (-) TimerEvent: {}
[80.363105] (-) TimerEvent: {}
[80.463809] (-) TimerEvent: {}
[80.564526] (-) TimerEvent: {}
[80.667356] (-) TimerEvent: {}
[80.774936] (-) TimerEvent: {}
[80.879315] (-) TimerEvent: {}
[80.980015] (-) TimerEvent: {}
[81.080701] (-) TimerEvent: {}
[81.181391] (-) TimerEvent: {}
[81.282063] (-) TimerEvent: {}
[81.382733] (-) TimerEvent: {}
[81.483884] (-) TimerEvent: {}
[81.585047] (-) TimerEvent: {}
[81.686166] (-) TimerEvent: {}
[81.787481] (-) TimerEvent: {}
[81.888311] (-) TimerEvent: {}
[81.989408] (-) TimerEvent: {}
[82.090405] (-) TimerEvent: {}
[82.191440] (-) TimerEvent: {}
[82.292389] (-) TimerEvent: {}
[82.393347] (-) TimerEvent: {}
[82.494302] (-) TimerEvent: {}
[82.595016] (-) TimerEvent: {}
[82.695740] (-) TimerEvent: {}
[82.796495] (-) TimerEvent: {}
[82.897199] (-) TimerEvent: {}
[82.997921] (-) TimerEvent: {}
[83.099098] (-) TimerEvent: {}
[83.199848] (-) TimerEvent: {}
[83.300495] (-) TimerEvent: {}
[83.401170] (-) TimerEvent: {}
[83.501837] (-) TimerEvent: {}
[83.602558] (-) TimerEvent: {}
[83.703227] (-) TimerEvent: {}
[83.803908] (-) TimerEvent: {}
[83.904610] (-) TimerEvent: {}
[83.946870] (orbbec_camera) StdoutLine: {'line': b'[ 57%] \x1b[32mBuilding CXX object CMakeFiles/orbbec_camera.dir/src/utils.cpp.o\x1b[0m\n'}
[84.004792] (-) TimerEvent: {}
[84.105467] (-) TimerEvent: {}
[84.206267] (-) TimerEvent: {}
[84.307534] (-) TimerEvent: {}
[84.408726] (-) TimerEvent: {}
[84.509869] (-) TimerEvent: {}
[84.611231] (-) TimerEvent: {}
[84.712423] (-) TimerEvent: {}
[84.813530] (-) TimerEvent: {}
[84.914195] (-) TimerEvent: {}
[85.014950] (-) TimerEvent: {}
[85.115962] (-) TimerEvent: {}
[85.201037] (orbbec_camera) StdoutLine: {'line': b'[ 61%] \x1b[32mBuilding CXX object CMakeFiles/orbbec_camera.dir/src/jpeg_decoder.cpp.o\x1b[0m\n'}
[85.216100] (-) TimerEvent: {}
[85.316819] (-) TimerEvent: {}
[85.417962] (-) TimerEvent: {}
[85.519747] (-) TimerEvent: {}
[85.620742] (-) TimerEvent: {}
[85.721469] (-) TimerEvent: {}
[85.822775] (-) TimerEvent: {}
[85.923730] (-) TimerEvent: {}
[86.024619] (-) TimerEvent: {}
[86.125644] (-) TimerEvent: {}
[86.226902] (-) TimerEvent: {}
[86.327855] (-) TimerEvent: {}
[86.428859] (-) TimerEvent: {}
[86.529706] (-) TimerEvent: {}
[86.630789] (-) TimerEvent: {}
[86.731518] (-) TimerEvent: {}
[86.832175] (-) TimerEvent: {}
[86.932854] (-) TimerEvent: {}
[87.033531] (-) TimerEvent: {}
[87.134226] (-) TimerEvent: {}
[87.234935] (-) TimerEvent: {}
[87.335670] (-) TimerEvent: {}
[87.436372] (-) TimerEvent: {}
[87.537073] (-) TimerEvent: {}
[87.637787] (-) TimerEvent: {}
[87.738505] (-) TimerEvent: {}
[87.839200] (-) TimerEvent: {}
[87.939872] (-) TimerEvent: {}
[88.041011] (-) TimerEvent: {}
[88.142133] (-) TimerEvent: {}
[88.243310] (-) TimerEvent: {}
[88.343992] (-) TimerEvent: {}
[88.444847] (-) TimerEvent: {}
[88.545531] (-) TimerEvent: {}
[88.646200] (-) TimerEvent: {}
[88.746893] (-) TimerEvent: {}
[88.847585] (-) TimerEvent: {}
[88.948234] (-) TimerEvent: {}
[89.048977] (-) TimerEvent: {}
[89.149691] (-) TimerEvent: {}
[89.250436] (-) TimerEvent: {}
[89.351265] (-) TimerEvent: {}
[89.451927] (-) TimerEvent: {}
[89.552629] (-) TimerEvent: {}
[89.653324] (-) TimerEvent: {}
[89.754037] (-) TimerEvent: {}
[89.854713] (-) TimerEvent: {}
[89.955429] (-) TimerEvent: {}
[90.056121] (-) TimerEvent: {}
[90.156815] (-) TimerEvent: {}
[90.257508] (-) TimerEvent: {}
[90.358178] (-) TimerEvent: {}
[90.458842] (-) TimerEvent: {}
[90.559550] (-) TimerEvent: {}
[90.660623] (-) TimerEvent: {}
[90.761291] (-) TimerEvent: {}
[90.862001] (-) TimerEvent: {}
[90.962686] (-) TimerEvent: {}
[91.063488] (-) TimerEvent: {}
[91.164204] (-) TimerEvent: {}
[91.265444] (-) TimerEvent: {}
[91.366596] (-) TimerEvent: {}
[91.467807] (-) TimerEvent: {}
[91.568970] (-) TimerEvent: {}
[91.670268] (-) TimerEvent: {}
[91.771138] (-) TimerEvent: {}
[91.872276] (-) TimerEvent: {}
[91.973267] (-) TimerEvent: {}
[92.074409] (-) TimerEvent: {}
[92.175676] (-) TimerEvent: {}
[92.276828] (-) TimerEvent: {}
[92.377497] (-) TimerEvent: {}
[92.478087] (-) TimerEvent: {}
[92.578768] (-) TimerEvent: {}
[92.679959] (-) TimerEvent: {}
[92.780684] (-) TimerEvent: {}
[92.881366] (-) TimerEvent: {}
[92.982153] (-) TimerEvent: {}
[93.083192] (-) TimerEvent: {}
[93.184034] (-) TimerEvent: {}
[93.284784] (-) TimerEvent: {}
[93.385586] (-) TimerEvent: {}
[93.486706] (-) TimerEvent: {}
[93.587801] (-) TimerEvent: {}
[93.689076] (-) TimerEvent: {}
[93.789777] (-) TimerEvent: {}
[93.890452] (-) TimerEvent: {}
[93.991110] (-) TimerEvent: {}
[94.091824] (-) TimerEvent: {}
[94.192544] (-) TimerEvent: {}
[94.293228] (-) TimerEvent: {}
[94.393900] (-) TimerEvent: {}
[94.494582] (-) TimerEvent: {}
[94.595292] (-) TimerEvent: {}
[94.695966] (-) TimerEvent: {}
[94.796641] (-) TimerEvent: {}
[94.897313] (-) TimerEvent: {}
[94.998361] (-) TimerEvent: {}
[95.099051] (-) TimerEvent: {}
[95.200110] (-) TimerEvent: {}
[95.301150] (-) TimerEvent: {}
[95.402202] (-) TimerEvent: {}
[95.502883] (-) TimerEvent: {}
[95.603576] (-) TimerEvent: {}
[95.704248] (-) TimerEvent: {}
[95.804925] (-) TimerEvent: {}
[95.905616] (-) TimerEvent: {}
[96.006298] (-) TimerEvent: {}
[96.106985] (-) TimerEvent: {}
[96.207783] (-) TimerEvent: {}
[96.308432] (-) TimerEvent: {}
[96.409096] (-) TimerEvent: {}
[96.509778] (-) TimerEvent: {}
[96.610496] (-) TimerEvent: {}
[96.711212] (-) TimerEvent: {}
[96.811924] (-) TimerEvent: {}
[96.912933] (-) TimerEvent: {}
[97.013603] (-) TimerEvent: {}
[97.114513] (-) TimerEvent: {}
[97.216051] (-) TimerEvent: {}
[97.317147] (-) TimerEvent: {}
[97.418270] (-) TimerEvent: {}
[97.518933] (-) TimerEvent: {}
[97.619689] (-) TimerEvent: {}
[97.720872] (-) TimerEvent: {}
[97.821952] (-) TimerEvent: {}
[97.922657] (-) TimerEvent: {}
[98.023302] (-) TimerEvent: {}
[98.123963] (-) TimerEvent: {}
[98.224634] (-) TimerEvent: {}
[98.325395] (-) TimerEvent: {}
[98.426321] (-) TimerEvent: {}
[98.527345] (-) TimerEvent: {}
[98.628089] (-) TimerEvent: {}
[98.728801] (-) TimerEvent: {}
[98.829463] (-) TimerEvent: {}
[98.930151] (-) TimerEvent: {}
[99.030837] (-) TimerEvent: {}
[99.131517] (-) TimerEvent: {}
[99.232198] (-) TimerEvent: {}
[99.332894] (-) TimerEvent: {}
[99.433578] (-) TimerEvent: {}
[99.534278] (-) TimerEvent: {}
[99.634948] (-) TimerEvent: {}
[99.735618] (-) TimerEvent: {}
[99.836291] (-) TimerEvent: {}
[99.936952] (-) TimerEvent: {}
[100.037734] (-) TimerEvent: {}
[100.138488] (-) TimerEvent: {}
[100.239200] (-) TimerEvent: {}
[100.339902] (-) TimerEvent: {}
[100.440555] (-) TimerEvent: {}
[100.541220] (-) TimerEvent: {}
[100.641885] (-) TimerEvent: {}
[100.742624] (-) TimerEvent: {}
[100.843317] (-) TimerEvent: {}
[100.944009] (-) TimerEvent: {}
[101.044667] (-) TimerEvent: {}
[101.145321] (-) TimerEvent: {}
[101.246066] (-) TimerEvent: {}
[101.346736] (-) TimerEvent: {}
[101.447435] (-) TimerEvent: {}
[101.548271] (-) TimerEvent: {}
[101.648946] (-) TimerEvent: {}
[101.749786] (-) TimerEvent: {}
[101.850473] (-) TimerEvent: {}
[101.951167] (-) TimerEvent: {}
[102.052002] (-) TimerEvent: {}
[102.152686] (-) TimerEvent: {}
[102.253541] (-) TimerEvent: {}
[102.354208] (-) TimerEvent: {}
[102.454893] (-) TimerEvent: {}
[102.555581] (-) TimerEvent: {}
[102.656257] (-) TimerEvent: {}
[102.756936] (-) TimerEvent: {}
[102.857598] (-) TimerEvent: {}
[102.959289] (-) TimerEvent: {}
[103.059940] (-) TimerEvent: {}
[103.160738] (-) TimerEvent: {}
[103.261469] (-) TimerEvent: {}
[103.362143] (-) TimerEvent: {}
[103.462940] (-) TimerEvent: {}
[103.563620] (-) TimerEvent: {}
[103.664280] (-) TimerEvent: {}
[103.764987] (-) TimerEvent: {}
[103.865668] (-) TimerEvent: {}
[103.966456] (-) TimerEvent: {}
[104.067188] (-) TimerEvent: {}
[104.167878] (-) TimerEvent: {}
[104.268543] (-) TimerEvent: {}
[104.369226] (-) TimerEvent: {}
[104.469895] (-) TimerEvent: {}
[104.570568] (-) TimerEvent: {}
[104.671263] (-) TimerEvent: {}
[104.771931] (-) TimerEvent: {}
[104.872625] (-) TimerEvent: {}
[104.973304] (-) TimerEvent: {}
[105.073972] (-) TimerEvent: {}
[105.174649] (-) TimerEvent: {}
[105.275313] (-) TimerEvent: {}
[105.375991] (-) TimerEvent: {}
[105.476679] (-) TimerEvent: {}
[105.577361] (-) TimerEvent: {}
[105.678051] (-) TimerEvent: {}
[105.778767] (-) TimerEvent: {}
[105.879467] (-) TimerEvent: {}
[105.980193] (-) TimerEvent: {}
[106.081001] (-) TimerEvent: {}
[106.181659] (-) TimerEvent: {}
[106.282334] (-) TimerEvent: {}
[106.383047] (-) TimerEvent: {}
[106.487348] (-) TimerEvent: {}
[106.588042] (-) TimerEvent: {}
[106.688682] (-) TimerEvent: {}
[106.789781] (-) TimerEvent: {}
[106.890441] (-) TimerEvent: {}
[106.991303] (-) TimerEvent: {}
[107.091968] (-) TimerEvent: {}
[107.192647] (-) TimerEvent: {}
[107.293361] (-) TimerEvent: {}
[107.394016] (-) TimerEvent: {}
[107.494758] (-) TimerEvent: {}
[107.595562] (-) TimerEvent: {}
[107.696262] (-) TimerEvent: {}
[107.796971] (-) TimerEvent: {}
[107.897632] (-) TimerEvent: {}
[108.007298] (-) TimerEvent: {}
[108.107955] (-) TimerEvent: {}
[108.208542] (-) TimerEvent: {}
[108.309218] (-) TimerEvent: {}
[108.415373] (-) TimerEvent: {}
[108.516462] (-) TimerEvent: {}
[108.617626] (-) TimerEvent: {}
[108.718829] (-) TimerEvent: {}
[108.819966] (-) TimerEvent: {}
[108.921159] (-) TimerEvent: {}
[109.022234] (-) TimerEvent: {}
[109.123150] (-) TimerEvent: {}
[109.224142] (-) TimerEvent: {}
[109.324802] (-) TimerEvent: {}
[109.425466] (-) TimerEvent: {}
[109.526172] (-) TimerEvent: {}
[109.626836] (-) TimerEvent: {}
[109.727711] (-) TimerEvent: {}
[109.828382] (-) TimerEvent: {}
[109.929042] (-) TimerEvent: {}
[110.029741] (-) TimerEvent: {}
[110.130428] (-) TimerEvent: {}
[110.231060] (-) TimerEvent: {}
[110.331669] (-) TimerEvent: {}
[110.432307] (-) TimerEvent: {}
[110.532878] (-) TimerEvent: {}
[110.633525] (-) TimerEvent: {}
[110.734140] (-) TimerEvent: {}
[110.834826] (-) TimerEvent: {}
[110.935496] (-) TimerEvent: {}
[111.036147] (-) TimerEvent: {}
[111.136727] (-) TimerEvent: {}
[111.237288] (-) TimerEvent: {}
[111.337980] (-) TimerEvent: {}
[111.438609] (-) TimerEvent: {}
[111.539166] (-) TimerEvent: {}
[111.639809] (-) TimerEvent: {}
[111.740486] (-) TimerEvent: {}
[111.841174] (-) TimerEvent: {}
[111.941846] (-) TimerEvent: {}
[112.042520] (-) TimerEvent: {}
[112.143146] (-) TimerEvent: {}
[112.243737] (-) TimerEvent: {}
[112.344438] (-) TimerEvent: {}
[112.445139] (-) TimerEvent: {}
[112.545836] (-) TimerEvent: {}
[112.646506] (-) TimerEvent: {}
[112.747202] (-) TimerEvent: {}
[112.847911] (-) TimerEvent: {}
[112.948596] (-) TimerEvent: {}
[113.049267] (-) TimerEvent: {}
[113.149939] (-) TimerEvent: {}
[113.250619] (-) TimerEvent: {}
[113.351286] (-) TimerEvent: {}
[113.451933] (-) TimerEvent: {}
[113.552576] (-) TimerEvent: {}
[113.653215] (-) TimerEvent: {}
[113.753847] (-) TimerEvent: {}
[113.854500] (-) TimerEvent: {}
[113.955182] (-) TimerEvent: {}
[114.055845] (-) TimerEvent: {}
[114.156493] (-) TimerEvent: {}
[114.257149] (-) TimerEvent: {}
[114.357788] (-) TimerEvent: {}
[114.458461] (-) TimerEvent: {}
[114.559158] (-) TimerEvent: {}
[114.659820] (-) TimerEvent: {}
[114.760519] (-) TimerEvent: {}
[114.861183] (-) TimerEvent: {}
[114.961834] (-) TimerEvent: {}
[115.062496] (-) TimerEvent: {}
[115.163227] (-) TimerEvent: {}
[115.263877] (-) TimerEvent: {}
[115.364533] (-) TimerEvent: {}
[115.465185] (-) TimerEvent: {}
[115.565866] (-) TimerEvent: {}
[115.666518] (-) TimerEvent: {}
[115.767298] (-) TimerEvent: {}
[115.868053] (-) TimerEvent: {}
[115.968740] (-) TimerEvent: {}
[116.069639] (-) TimerEvent: {}
[116.170322] (-) TimerEvent: {}
[116.270938] (-) TimerEvent: {}
[116.371605] (-) TimerEvent: {}
[116.472262] (-) TimerEvent: {}
[116.573169] (-) TimerEvent: {}
[116.673886] (-) TimerEvent: {}
[116.774588] (-) TimerEvent: {}
[116.875276] (-) TimerEvent: {}
[116.976305] (-) TimerEvent: {}
[117.076938] (-) TimerEvent: {}
[117.177885] (-) TimerEvent: {}
[117.278537] (-) TimerEvent: {}
[117.379520] (-) TimerEvent: {}
[117.480138] (-) TimerEvent: {}
[117.580754] (-) TimerEvent: {}
[117.681684] (-) TimerEvent: {}
[117.782806] (-) TimerEvent: {}
[117.883452] (-) TimerEvent: {}
[117.984137] (-) TimerEvent: {}
[118.084868] (-) TimerEvent: {}
[118.185716] (-) TimerEvent: {}
[118.286556] (-) TimerEvent: {}
[118.387464] (-) TimerEvent: {}
[118.488300] (-) TimerEvent: {}
[118.589121] (-) TimerEvent: {}
[118.689926] (-) TimerEvent: {}
[118.790668] (-) TimerEvent: {}
[118.891523] (-) TimerEvent: {}
[118.992246] (-) TimerEvent: {}
[119.092910] (-) TimerEvent: {}
[119.196448] (-) TimerEvent: {}
[119.297273] (-) TimerEvent: {}
[119.398055] (-) TimerEvent: {}
[119.498991] (-) TimerEvent: {}
[119.599890] (-) TimerEvent: {}
[119.700710] (-) TimerEvent: {}
[119.801325] (-) TimerEvent: {}
[119.901982] (-) TimerEvent: {}
[120.002702] (-) TimerEvent: {}
[120.103310] (-) TimerEvent: {}
[120.203900] (-) TimerEvent: {}
[120.304601] (-) TimerEvent: {}
[120.405303] (-) TimerEvent: {}
[120.506036] (-) TimerEvent: {}
[120.606789] (-) TimerEvent: {}
[120.707507] (-) TimerEvent: {}
[120.808187] (-) TimerEvent: {}
[120.908868] (-) TimerEvent: {}
[121.009490] (-) TimerEvent: {}
[121.110089] (-) TimerEvent: {}
[121.210602] (-) TimerEvent: {}
[121.311171] (-) TimerEvent: {}
[121.411759] (-) TimerEvent: {}
[121.512269] (-) TimerEvent: {}
[121.612830] (-) TimerEvent: {}
[121.713463] (-) TimerEvent: {}
[121.813985] (-) TimerEvent: {}
[121.914525] (-) TimerEvent: {}
[122.015167] (-) TimerEvent: {}
[122.115770] (-) TimerEvent: {}
[122.216323] (-) TimerEvent: {}
[122.316922] (-) TimerEvent: {}
[122.417484] (-) TimerEvent: {}
[122.517988] (-) TimerEvent: {}
[122.618479] (-) TimerEvent: {}
[122.718969] (-) TimerEvent: {}
[122.819440] (-) TimerEvent: {}
[122.919952] (-) TimerEvent: {}
[123.020576] (-) TimerEvent: {}
[123.121178] (-) TimerEvent: {}
[123.221758] (-) TimerEvent: {}
[123.322413] (-) TimerEvent: {}
[123.423046] (-) TimerEvent: {}
[123.523604] (-) TimerEvent: {}
[123.624120] (-) TimerEvent: {}
[123.724656] (-) TimerEvent: {}
[123.825152] (-) TimerEvent: {}
[123.925700] (-) TimerEvent: {}
[124.026374] (-) TimerEvent: {}
[124.127034] (-) TimerEvent: {}
[124.227690] (-) TimerEvent: {}
[124.328295] (-) TimerEvent: {}
[124.428872] (-) TimerEvent: {}
[124.529395] (-) TimerEvent: {}
[124.629909] (-) TimerEvent: {}
[124.730365] (-) TimerEvent: {}
[124.830870] (-) TimerEvent: {}
[124.931426] (-) TimerEvent: {}
[125.032093] (-) TimerEvent: {}
[125.132774] (-) TimerEvent: {}
[125.233433] (-) TimerEvent: {}
[125.334092] (-) TimerEvent: {}
[125.434796] (-) TimerEvent: {}
[125.535526] (-) TimerEvent: {}
[125.636122] (-) TimerEvent: {}
[125.736731] (-) TimerEvent: {}
[125.837365] (-) TimerEvent: {}
[125.938053] (-) TimerEvent: {}
[126.038827] (-) TimerEvent: {}
[126.139600] (-) TimerEvent: {}
[126.240213] (-) TimerEvent: {}
[126.341177] (-) TimerEvent: {}
[126.442137] (-) TimerEvent: {}
[126.542757] (-) TimerEvent: {}
[126.643352] (-) TimerEvent: {}
[126.744008] (-) TimerEvent: {}
[126.844627] (-) TimerEvent: {}
[126.945127] (-) TimerEvent: {}
[127.045803] (-) TimerEvent: {}
[127.146358] (-) TimerEvent: {}
[127.246879] (-) TimerEvent: {}
[127.347478] (-) TimerEvent: {}
[127.448302] (-) TimerEvent: {}
[127.548954] (-) TimerEvent: {}
[127.649541] (-) TimerEvent: {}
[127.750159] (-) TimerEvent: {}
[127.850747] (-) TimerEvent: {}
[127.951903] (-) TimerEvent: {}
[128.052905] (-) TimerEvent: {}
[128.153545] (-) TimerEvent: {}
[128.254119] (-) TimerEvent: {}
[128.354685] (-) TimerEvent: {}
[128.455410] (-) TimerEvent: {}
[128.556360] (-) TimerEvent: {}
[128.657080] (-) TimerEvent: {}
[128.757798] (-) TimerEvent: {}
[128.858514] (-) TimerEvent: {}
[128.959208] (-) TimerEvent: {}
[129.059913] (-) TimerEvent: {}
[129.160866] (-) TimerEvent: {}
[129.261567] (-) TimerEvent: {}
[129.362259] (-) TimerEvent: {}
[129.462886] (-) TimerEvent: {}
[129.563480] (-) TimerEvent: {}
[129.663989] (-) TimerEvent: {}
[129.764543] (-) TimerEvent: {}
[129.865156] (-) TimerEvent: {}
[129.965756] (-) TimerEvent: {}
[130.066454] (-) TimerEvent: {}
[130.167161] (-) TimerEvent: {}
[130.267842] (-) TimerEvent: {}
[130.368467] (-) TimerEvent: {}
[130.469391] (-) TimerEvent: {}
[130.570090] (-) TimerEvent: {}
[130.671009] (-) TimerEvent: {}
[130.771711] (-) TimerEvent: {}
[130.872658] (-) TimerEvent: {}
[130.973334] (-) TimerEvent: {}
[131.074028] (-) TimerEvent: {}
[131.174735] (-) TimerEvent: {}
[131.275441] (-) TimerEvent: {}
[131.376416] (-) TimerEvent: {}
[131.477118] (-) TimerEvent: {}
[131.578023] (-) TimerEvent: {}
[131.678727] (-) TimerEvent: {}
[131.779445] (-) TimerEvent: {}
[131.880126] (-) TimerEvent: {}
[131.980788] (-) TimerEvent: {}
[132.081689] (-) TimerEvent: {}
[132.182397] (-) TimerEvent: {}
[132.283094] (-) TimerEvent: {}
[132.383802] (-) TimerEvent: {}
[132.484517] (-) TimerEvent: {}
[132.585241] (-) TimerEvent: {}
[132.685945] (-) TimerEvent: {}
[132.786660] (-) TimerEvent: {}
[132.887354] (-) TimerEvent: {}
[132.987970] (-) TimerEvent: {}
[133.088549] (-) TimerEvent: {}
[133.189067] (-) TimerEvent: {}
[133.289617] (-) TimerEvent: {}
[133.390508] (-) TimerEvent: {}
[133.491208] (-) TimerEvent: {}
[133.591874] (-) TimerEvent: {}
[133.692508] (-) TimerEvent: {}
[133.793148] (-) TimerEvent: {}
[133.893768] (-) TimerEvent: {}
[133.994379] (-) TimerEvent: {}
[134.094993] (-) TimerEvent: {}
[134.195886] (-) TimerEvent: {}
[134.296526] (-) TimerEvent: {}
[134.397062] (-) TimerEvent: {}
[134.497650] (-) TimerEvent: {}
[134.598317] (-) TimerEvent: {}
[134.698854] (-) TimerEvent: {}
[134.799375] (-) TimerEvent: {}
[134.899873] (-) TimerEvent: {}
[135.000370] (-) TimerEvent: {}
[135.100868] (-) TimerEvent: {}
[135.201386] (-) TimerEvent: {}
[135.301877] (-) TimerEvent: {}
[135.402374] (-) TimerEvent: {}
[135.502914] (-) TimerEvent: {}
[135.603587] (-) TimerEvent: {}
[135.704135] (-) TimerEvent: {}
[135.804669] (-) TimerEvent: {}
[135.905193] (-) TimerEvent: {}
[136.005747] (-) TimerEvent: {}
[136.106474] (-) TimerEvent: {}
[136.207051] (-) TimerEvent: {}
[136.307683] (-) TimerEvent: {}
[136.408230] (-) TimerEvent: {}
[136.508778] (-) TimerEvent: {}
[136.609387] (-) TimerEvent: {}
[136.709936] (-) TimerEvent: {}
[136.810505] (-) TimerEvent: {}
[136.911215] (-) TimerEvent: {}
[137.011850] (-) TimerEvent: {}
[137.112482] (-) TimerEvent: {}
[137.213095] (-) TimerEvent: {}
[137.313721] (-) TimerEvent: {}
[137.414337] (-) TimerEvent: {}
[137.514928] (-) TimerEvent: {}
[137.615558] (-) TimerEvent: {}
[137.716148] (-) TimerEvent: {}
[137.816747] (-) TimerEvent: {}
[137.917346] (-) TimerEvent: {}
[138.017956] (-) TimerEvent: {}
[138.118574] (-) TimerEvent: {}
[138.219216] (-) TimerEvent: {}
[138.319827] (-) TimerEvent: {}
[138.420438] (-) TimerEvent: {}
[138.521044] (-) TimerEvent: {}
[138.621634] (-) TimerEvent: {}
[138.722227] (-) TimerEvent: {}
[138.822813] (-) TimerEvent: {}
[138.923436] (-) TimerEvent: {}
[139.024050] (-) TimerEvent: {}
[139.124661] (-) TimerEvent: {}
[139.225253] (-) TimerEvent: {}
[139.325858] (-) TimerEvent: {}
[139.426477] (-) TimerEvent: {}
[139.527082] (-) TimerEvent: {}
[139.627721] (-) TimerEvent: {}
[139.728317] (-) TimerEvent: {}
[139.828918] (-) TimerEvent: {}
[139.929519] (-) TimerEvent: {}
[140.030131] (-) TimerEvent: {}
[140.130744] (-) TimerEvent: {}
[140.231353] (-) TimerEvent: {}
[140.331963] (-) TimerEvent: {}
[140.432582] (-) TimerEvent: {}
[140.533196] (-) TimerEvent: {}
[140.633806] (-) TimerEvent: {}
[140.734380] (-) TimerEvent: {}
[140.834883] (-) TimerEvent: {}
[140.935442] (-) TimerEvent: {}
[141.036099] (-) TimerEvent: {}
[141.136737] (-) TimerEvent: {}
[141.237364] (-) TimerEvent: {}
[141.337933] (-) TimerEvent: {}
[141.438588] (-) TimerEvent: {}
[141.539241] (-) TimerEvent: {}
[141.639864] (-) TimerEvent: {}
[141.740471] (-) TimerEvent: {}
[141.841104] (-) TimerEvent: {}
[141.941740] (-) TimerEvent: {}
[142.042383] (-) TimerEvent: {}
[142.143024] (-) TimerEvent: {}
[142.243696] (-) TimerEvent: {}
[142.344320] (-) TimerEvent: {}
[142.444952] (-) TimerEvent: {}
[142.545481] (-) TimerEvent: {}
[142.646001] (-) TimerEvent: {}
[142.746509] (-) TimerEvent: {}
[142.847006] (-) TimerEvent: {}
[142.947603] (-) TimerEvent: {}
[143.048248] (-) TimerEvent: {}
[143.148877] (-) TimerEvent: {}
[143.249401] (-) TimerEvent: {}
[143.349955] (-) TimerEvent: {}
[143.450578] (-) TimerEvent: {}
[143.551191] (-) TimerEvent: {}
[143.651821] (-) TimerEvent: {}
[143.752363] (-) TimerEvent: {}
[143.852887] (-) TimerEvent: {}
[143.953381] (-) TimerEvent: {}
[144.053978] (-) TimerEvent: {}
[144.154492] (-) TimerEvent: {}
[144.254970] (-) TimerEvent: {}
[144.355521] (-) TimerEvent: {}
[144.456120] (-) TimerEvent: {}
[144.556606] (-) TimerEvent: {}
[144.657087] (-) TimerEvent: {}
[144.757603] (-) TimerEvent: {}
[144.858210] (-) TimerEvent: {}
[144.958824] (-) TimerEvent: {}
[145.059479] (-) TimerEvent: {}
[145.160095] (-) TimerEvent: {}
[145.260697] (-) TimerEvent: {}
[145.361296] (-) TimerEvent: {}
[145.461893] (-) TimerEvent: {}
[145.562503] (-) TimerEvent: {}
[145.663170] (-) TimerEvent: {}
[145.763821] (-) TimerEvent: {}
[145.864446] (-) TimerEvent: {}
[145.965090] (-) TimerEvent: {}
[146.065724] (-) TimerEvent: {}
[146.166347] (-) TimerEvent: {}
[146.266995] (-) TimerEvent: {}
[146.367649] (-) TimerEvent: {}
[146.468273] (-) TimerEvent: {}
[146.568894] (-) TimerEvent: {}
[146.669515] (-) TimerEvent: {}
[146.770140] (-) TimerEvent: {}
[146.870772] (-) TimerEvent: {}
[146.971458] (-) TimerEvent: {}
[147.072106] (-) TimerEvent: {}
[147.172732] (-) TimerEvent: {}
[147.273390] (-) TimerEvent: {}
[147.374058] (-) TimerEvent: {}
[147.474700] (-) TimerEvent: {}
[147.575415] (-) TimerEvent: {}
[147.676054] (-) TimerEvent: {}
[147.776687] (-) TimerEvent: {}
[147.877330] (-) TimerEvent: {}
[147.977969] (-) TimerEvent: {}
[148.078625] (-) TimerEvent: {}
[148.179287] (-) TimerEvent: {}
[148.279908] (-) TimerEvent: {}
[148.380564] (-) TimerEvent: {}
[148.481217] (-) TimerEvent: {}
[148.581827] (-) TimerEvent: {}
[148.682457] (-) TimerEvent: {}
[148.783108] (-) TimerEvent: {}
[148.883789] (-) TimerEvent: {}
[148.984411] (-) TimerEvent: {}
[149.085043] (-) TimerEvent: {}
[149.185689] (-) TimerEvent: {}
[149.286344] (-) TimerEvent: {}
[149.387011] (-) TimerEvent: {}
[149.487692] (-) TimerEvent: {}
[149.588338] (-) TimerEvent: {}
[149.688954] (-) TimerEvent: {}
[149.789579] (-) TimerEvent: {}
[149.890229] (-) TimerEvent: {}
[149.990832] (-) TimerEvent: {}
[150.091483] (-) TimerEvent: {}
[150.192107] (-) TimerEvent: {}
[150.292733] (-) TimerEvent: {}
[150.393386] (-) TimerEvent: {}
[150.494072] (-) TimerEvent: {}
[150.594704] (-) TimerEvent: {}
[150.695385] (-) TimerEvent: {}
[150.796033] (-) TimerEvent: {}
[150.896667] (-) TimerEvent: {}
[150.997270] (-) TimerEvent: {}
[151.097864] (-) TimerEvent: {}
[151.198483] (-) TimerEvent: {}
[151.299092] (-) TimerEvent: {}
[151.399750] (-) TimerEvent: {}
[151.500392] (-) TimerEvent: {}
[151.601037] (-) TimerEvent: {}
[151.701675] (-) TimerEvent: {}
[151.802303] (-) TimerEvent: {}
[151.902911] (-) TimerEvent: {}
[152.003553] (-) TimerEvent: {}
[152.104141] (-) TimerEvent: {}
[152.204741] (-) TimerEvent: {}
[152.305369] (-) TimerEvent: {}
[152.406001] (-) TimerEvent: {}
[152.506629] (-) TimerEvent: {}
[152.607258] (-) TimerEvent: {}
[152.707863] (-) TimerEvent: {}
[152.808478] (-) TimerEvent: {}
[152.909105] (-) TimerEvent: {}
[153.009733] (-) TimerEvent: {}
[153.110324] (-) TimerEvent: {}
[153.210830] (-) TimerEvent: {}
[153.311393] (-) TimerEvent: {}
[153.412006] (-) TimerEvent: {}
[153.512511] (-) TimerEvent: {}
[153.613012] (-) TimerEvent: {}
[153.713486] (-) TimerEvent: {}
[153.813975] (-) TimerEvent: {}
[153.914460] (-) TimerEvent: {}
[154.015039] (-) TimerEvent: {}
[154.115585] (-) TimerEvent: {}
[154.216104] (-) TimerEvent: {}
[154.316644] (-) TimerEvent: {}
[154.417270] (-) TimerEvent: {}
[154.517960] (-) TimerEvent: {}
[154.618524] (-) TimerEvent: {}
[154.719080] (-) TimerEvent: {}
[154.819635] (-) TimerEvent: {}
[154.920193] (-) TimerEvent: {}
[155.020777] (-) TimerEvent: {}
[155.121311] (-) TimerEvent: {}
[155.221799] (-) TimerEvent: {}
[155.322302] (-) TimerEvent: {}
[155.422874] (-) TimerEvent: {}
[155.523449] (-) TimerEvent: {}
[155.623954] (-) TimerEvent: {}
[155.724462] (-) TimerEvent: {}
[155.824935] (-) TimerEvent: {}
[155.925466] (-) TimerEvent: {}
[156.026059] (-) TimerEvent: {}
[156.126559] (-) TimerEvent: {}
[156.227077] (-) TimerEvent: {}
[156.327625] (-) TimerEvent: {}
[156.428142] (-) TimerEvent: {}
[156.528645] (-) TimerEvent: {}
[156.629108] (-) TimerEvent: {}
[156.729564] (-) TimerEvent: {}
[156.830000] (-) TimerEvent: {}
[156.930508] (-) TimerEvent: {}
[157.031144] (-) TimerEvent: {}
[157.131628] (-) TimerEvent: {}
[157.232119] (-) TimerEvent: {}
[157.332643] (-) TimerEvent: {}
[157.433233] (-) TimerEvent: {}
[157.533736] (-) TimerEvent: {}
[157.634212] (-) TimerEvent: {}
[157.734694] (-) TimerEvent: {}
[157.835202] (-) TimerEvent: {}
[157.935736] (-) TimerEvent: {}
[158.036342] (-) TimerEvent: {}
[158.136881] (-) TimerEvent: {}
[158.237474] (-) TimerEvent: {}
[158.338017] (-) TimerEvent: {}
[158.438627] (-) TimerEvent: {}
[158.539199] (-) TimerEvent: {}
[158.639754] (-) TimerEvent: {}
[158.740222] (-) TimerEvent: {}
[158.840692] (-) TimerEvent: {}
[158.941208] (-) TimerEvent: {}
[159.041820] (-) TimerEvent: {}
[159.142355] (-) TimerEvent: {}
[159.242849] (-) TimerEvent: {}
[159.343373] (-) TimerEvent: {}
[159.443957] (-) TimerEvent: {}
[159.544463] (-) TimerEvent: {}
[159.644943] (-) TimerEvent: {}
[159.745401] (-) TimerEvent: {}
[159.845868] (-) TimerEvent: {}
[159.946383] (-) TimerEvent: {}
[160.046987] (-) TimerEvent: {}
[160.147572] (-) TimerEvent: {}
[160.248041] (-) TimerEvent: {}
[160.348569] (-) TimerEvent: {}
[160.449173] (-) TimerEvent: {}
[160.549718] (-) TimerEvent: {}
[160.650272] (-) TimerEvent: {}
[160.750807] (-) TimerEvent: {}
[160.851347] (-) TimerEvent: {}
[160.951894] (-) TimerEvent: {}
[161.052471] (-) TimerEvent: {}
[161.152953] (-) TimerEvent: {}
[161.253422] (-) TimerEvent: {}
[161.353948] (-) TimerEvent: {}
[161.454606] (-) TimerEvent: {}
[161.555163] (-) TimerEvent: {}
[161.655630] (-) TimerEvent: {}
[161.756114] (-) TimerEvent: {}
[161.856587] (-) TimerEvent: {}
[161.957063] (-) TimerEvent: {}
[162.057646] (-) TimerEvent: {}
[162.158113] (-) TimerEvent: {}
[162.258583] (-) TimerEvent: {}
[162.359068] (-) TimerEvent: {}
[162.459723] (-) TimerEvent: {}
[162.560352] (-) TimerEvent: {}
[162.660851] (-) TimerEvent: {}
[162.761314] (-) TimerEvent: {}
[162.861772] (-) TimerEvent: {}
[162.962287] (-) TimerEvent: {}
[163.062861] (-) TimerEvent: {}
[163.163424] (-) TimerEvent: {}
[163.263894] (-) TimerEvent: {}
[163.364377] (-) TimerEvent: {}
[163.464958] (-) TimerEvent: {}
[163.565464] (-) TimerEvent: {}
[163.665942] (-) TimerEvent: {}
[163.766399] (-) TimerEvent: {}
[163.866873] (-) TimerEvent: {}
[163.967518] (-) TimerEvent: {}
[164.068116] (-) TimerEvent: {}
[164.168627] (-) TimerEvent: {}
[164.269160] (-) TimerEvent: {}
[164.369768] (-) TimerEvent: {}
[164.470351] (-) TimerEvent: {}
[164.570876] (-) TimerEvent: {}
[164.671379] (-) TimerEvent: {}
[164.771831] (-) TimerEvent: {}
[164.872351] (-) TimerEvent: {}
[164.972956] (-) TimerEvent: {}
[165.073547] (-) TimerEvent: {}
[165.174010] (-) TimerEvent: {}
[165.274515] (-) TimerEvent: {}
[165.375091] (-) TimerEvent: {}
[165.475596] (-) TimerEvent: {}
[165.576086] (-) TimerEvent: {}
[165.676572] (-) TimerEvent: {}
[165.777095] (-) TimerEvent: {}
[165.877689] (-) TimerEvent: {}
[165.978237] (-) TimerEvent: {}
[166.078842] (-) TimerEvent: {}
[166.179360] (-) TimerEvent: {}
[166.279861] (-) TimerEvent: {}
[166.380425] (-) TimerEvent: {}
[166.480905] (-) TimerEvent: {}
[166.581381] (-) TimerEvent: {}
[166.681855] (-) TimerEvent: {}
[166.782330] (-) TimerEvent: {}
[166.882824] (-) TimerEvent: {}
[166.983419] (-) TimerEvent: {}
[167.083936] (-) TimerEvent: {}
[167.184421] (-) TimerEvent: {}
[167.284910] (-) TimerEvent: {}
[167.385498] (-) TimerEvent: {}
[167.486000] (-) TimerEvent: {}
[167.586512] (-) TimerEvent: {}
[167.687102] (-) TimerEvent: {}
[167.787722] (-) TimerEvent: {}
[167.888265] (-) TimerEvent: {}
[167.988876] (-) TimerEvent: {}
[168.089473] (-) TimerEvent: {}
[168.190168] (-) TimerEvent: {}
[168.290707] (-) TimerEvent: {}
[168.391311] (-) TimerEvent: {}
[168.491797] (-) TimerEvent: {}
[168.592272] (-) TimerEvent: {}
[168.692749] (-) TimerEvent: {}
[168.793251] (-) TimerEvent: {}
[168.893859] (-) TimerEvent: {}
[168.994465] (-) TimerEvent: {}
[169.095082] (-) TimerEvent: {}
[169.195700] (-) TimerEvent: {}
[169.296295] (-) TimerEvent: {}
[169.396896] (-) TimerEvent: {}
[169.497488] (-) TimerEvent: {}
[169.598087] (-) TimerEvent: {}
[169.698732] (-) TimerEvent: {}
[169.799381] (-) TimerEvent: {}
[169.899988] (-) TimerEvent: {}
[170.000603] (-) TimerEvent: {}
[170.101230] (-) TimerEvent: {}
[170.201836] (-) TimerEvent: {}
[170.302442] (-) TimerEvent: {}
[170.403068] (-) TimerEvent: {}
[170.503732] (-) TimerEvent: {}
[170.604357] (-) TimerEvent: {}
[170.704978] (-) TimerEvent: {}
[170.805560] (-) TimerEvent: {}
[170.906199] (-) TimerEvent: {}
[171.006826] (-) TimerEvent: {}
[171.107481] (-) TimerEvent: {}
[171.208105] (-) TimerEvent: {}
[171.308727] (-) TimerEvent: {}
[171.409364] (-) TimerEvent: {}
[171.509967] (-) TimerEvent: {}
[171.610450] (-) TimerEvent: {}
[171.710924] (-) TimerEvent: {}
[171.811400] (-) TimerEvent: {}
[171.911876] (-) TimerEvent: {}
[172.012528] (-) TimerEvent: {}
[172.113038] (-) TimerEvent: {}
[172.213541] (-) TimerEvent: {}
[172.314055] (-) TimerEvent: {}
[172.414648] (-) TimerEvent: {}
[172.515154] (-) TimerEvent: {}
[172.615646] (-) TimerEvent: {}
[172.716127] (-) TimerEvent: {}
[172.816619] (-) TimerEvent: {}
[172.917158] (-) TimerEvent: {}
[173.017859] (-) TimerEvent: {}
[173.118478] (-) TimerEvent: {}
[173.218999] (-) TimerEvent: {}
[173.319528] (-) TimerEvent: {}
[173.420108] (-) TimerEvent: {}
[173.520641] (-) TimerEvent: {}
[173.621208] (-) TimerEvent: {}
[173.721685] (-) TimerEvent: {}
[173.822162] (-) TimerEvent: {}
[173.922665] (-) TimerEvent: {}
[174.023230] (-) TimerEvent: {}
[174.123740] (-) TimerEvent: {}
[174.224192] (-) TimerEvent: {}
[174.324711] (-) TimerEvent: {}
[174.425307] (-) TimerEvent: {}
[174.525817] (-) TimerEvent: {}
[174.626316] (-) TimerEvent: {}
[174.726800] (-) TimerEvent: {}
[174.827311] (-) TimerEvent: {}
[174.927826] (-) TimerEvent: {}
[175.028411] (-) TimerEvent: {}
[175.128940] (-) TimerEvent: {}
[175.229469] (-) TimerEvent: {}
[175.330082] (-) TimerEvent: {}
[175.430663] (-) TimerEvent: {}
[175.531196] (-) TimerEvent: {}
[175.631699] (-) TimerEvent: {}
[175.732215] (-) TimerEvent: {}
[175.832759] (-) TimerEvent: {}
[175.933303] (-) TimerEvent: {}
[176.033916] (-) TimerEvent: {}
[176.134569] (-) TimerEvent: {}
[176.235243] (-) TimerEvent: {}
[176.335865] (-) TimerEvent: {}
[176.436474] (-) TimerEvent: {}
[176.537072] (-) TimerEvent: {}
[176.637629] (-) TimerEvent: {}
[176.738244] (-) TimerEvent: {}
[176.838771] (-) TimerEvent: {}
[176.939330] (-) TimerEvent: {}
[177.039914] (-) TimerEvent: {}
[177.140450] (-) TimerEvent: {}
[177.241055] (-) TimerEvent: {}
[177.341617] (-) TimerEvent: {}
[177.442521] (-) TimerEvent: {}
[177.543297] (-) TimerEvent: {}
[177.561157] (orbbec_camera) StdoutLine: {'line': b'[ 65%] \x1b[32m\x1b[1mLinking CXX shared library libframe_latency.so\x1b[0m\n'}
[177.643498] (-) TimerEvent: {}
[177.658398] (orbbec_camera) StdoutLine: {'line': b'[ 69%] \x1b[32m\x1b[1mLinking CXX shared library liborbbec_camera.so\x1b[0m\n'}
[177.743694] (-) TimerEvent: {}
[177.844345] (-) TimerEvent: {}
[177.944999] (-) TimerEvent: {}
[178.045660] (-) TimerEvent: {}
[178.146247] (-) TimerEvent: {}
[178.246839] (-) TimerEvent: {}
[178.347423] (-) TimerEvent: {}
[178.447963] (-) TimerEvent: {}
[178.548495] (-) TimerEvent: {}
[178.634870] (orbbec_camera) StdoutLine: {'line': b'[ 69%] Built target frame_latency\n'}
[178.648662] (-) TimerEvent: {}
[178.697904] (orbbec_camera) StdoutLine: {'line': b'[ 69%] Built target orbbec_camera\n'}
[178.745026] (orbbec_camera) StdoutLine: {'line': b'[ 80%] \x1b[32mBuilding CXX object CMakeFiles/list_devices_node.dir/tools/list_devices_node.cpp.o\x1b[0m\n'}
[178.745590] (orbbec_camera) StdoutLine: {'line': b'[ 80%] \x1b[32mBuilding CXX object CMakeFiles/topic_statistics_node.dir/tools/topic_statistics.cpp.o\x1b[0m\n'}
[178.745737] (orbbec_camera) StdoutLine: {'line': b'[ 80%] \x1b[32mBuilding CXX object CMakeFiles/list_depth_work_mode_node.dir/tools/list_depth_work_mode.cpp.o\x1b[0m\n'}
[178.746121] (orbbec_camera) StdoutLine: {'line': b'[ 84%] \x1b[32mBuilding CXX object CMakeFiles/list_camera_profile_mode_node.dir/tools/list_camera_profile.cpp.o\x1b[0m\n'}
[178.749012] (-) TimerEvent: {}
[178.849779] (-) TimerEvent: {}
[178.950471] (-) TimerEvent: {}
[179.051043] (-) TimerEvent: {}
[179.151574] (-) TimerEvent: {}
[179.252713] (-) TimerEvent: {}
[179.353338] (-) TimerEvent: {}
[179.453978] (-) TimerEvent: {}
[179.554491] (-) TimerEvent: {}
[179.655002] (-) TimerEvent: {}
[179.755538] (-) TimerEvent: {}
[179.856030] (-) TimerEvent: {}
[179.956566] (-) TimerEvent: {}
[180.057184] (-) TimerEvent: {}
[180.157737] (-) TimerEvent: {}
[180.258234] (-) TimerEvent: {}
[180.358751] (-) TimerEvent: {}
[180.467324] (-) TimerEvent: {}
[180.568033] (-) TimerEvent: {}
[180.668682] (-) TimerEvent: {}
[180.769257] (-) TimerEvent: {}
[180.869851] (-) TimerEvent: {}
[180.970554] (-) TimerEvent: {}
[181.071233] (-) TimerEvent: {}
[181.171760] (-) TimerEvent: {}
[181.272313] (-) TimerEvent: {}
[181.372962] (-) TimerEvent: {}
[181.473678] (-) TimerEvent: {}
[181.574381] (-) TimerEvent: {}
[181.675061] (-) TimerEvent: {}
[181.775794] (-) TimerEvent: {}
[181.876383] (-) TimerEvent: {}
[181.976938] (-) TimerEvent: {}
[182.077564] (-) TimerEvent: {}
[182.178100] (-) TimerEvent: {}
[182.278694] (-) TimerEvent: {}
[182.379475] (-) TimerEvent: {}
[182.480158] (-) TimerEvent: {}
[182.580827] (-) TimerEvent: {}
[182.681386] (-) TimerEvent: {}
[182.782013] (-) TimerEvent: {}
[182.882695] (-) TimerEvent: {}
[182.983407] (-) TimerEvent: {}
[183.084067] (-) TimerEvent: {}
[183.184668] (-) TimerEvent: {}
[183.285266] (-) TimerEvent: {}
[183.385931] (-) TimerEvent: {}
[183.486486] (-) TimerEvent: {}
[183.587029] (-) TimerEvent: {}
[183.687574] (-) TimerEvent: {}
[183.788088] (-) TimerEvent: {}
[183.888622] (-) TimerEvent: {}
[183.989220] (-) TimerEvent: {}
[184.089760] (-) TimerEvent: {}
[184.190282] (-) TimerEvent: {}
[184.290831] (-) TimerEvent: {}
[184.391487] (-) TimerEvent: {}
[184.492022] (-) TimerEvent: {}
[184.592542] (-) TimerEvent: {}
[184.693120] (-) TimerEvent: {}
[184.793803] (-) TimerEvent: {}
[184.894491] (-) TimerEvent: {}
[184.995217] (-) TimerEvent: {}
[185.095874] (-) TimerEvent: {}
[185.196435] (-) TimerEvent: {}
[185.297012] (-) TimerEvent: {}
[185.397618] (-) TimerEvent: {}
[185.498191] (-) TimerEvent: {}
[185.598722] (-) TimerEvent: {}
[185.699232] (-) TimerEvent: {}
[185.799780] (-) TimerEvent: {}
[185.900365] (-) TimerEvent: {}
[186.001013] (-) TimerEvent: {}
[186.101576] (-) TimerEvent: {}
[186.202168] (-) TimerEvent: {}
[186.303273] (-) TimerEvent: {}
[186.403911] (-) TimerEvent: {}
[186.504522] (-) TimerEvent: {}
[186.605251] (-) TimerEvent: {}
[186.705912] (-) TimerEvent: {}
[186.806533] (-) TimerEvent: {}
[186.907212] (-) TimerEvent: {}
[187.007887] (-) TimerEvent: {}
[187.108549] (-) TimerEvent: {}
[187.209122] (-) TimerEvent: {}
[187.309708] (-) TimerEvent: {}
[187.410365] (-) TimerEvent: {}
[187.510946] (-) TimerEvent: {}
[187.611549] (-) TimerEvent: {}
[187.712110] (-) TimerEvent: {}
[187.812687] (-) TimerEvent: {}
[187.913831] (-) TimerEvent: {}
[188.014537] (-) TimerEvent: {}
[188.115224] (-) TimerEvent: {}
[188.215767] (-) TimerEvent: {}
[188.316355] (-) TimerEvent: {}
[188.417036] (-) TimerEvent: {}
[188.517714] (-) TimerEvent: {}
[188.618345] (-) TimerEvent: {}
[188.718904] (-) TimerEvent: {}
[188.819504] (-) TimerEvent: {}
[188.920078] (-) TimerEvent: {}
[189.020759] (-) TimerEvent: {}
[189.121359] (-) TimerEvent: {}
[189.222024] (-) TimerEvent: {}
[189.323092] (-) TimerEvent: {}
[189.423842] (-) TimerEvent: {}
[189.524493] (-) TimerEvent: {}
[189.625025] (-) TimerEvent: {}
[189.725532] (-) TimerEvent: {}
[189.826018] (-) TimerEvent: {}
[189.926555] (-) TimerEvent: {}
[190.027218] (-) TimerEvent: {}
[190.127815] (-) TimerEvent: {}
[190.228346] (-) TimerEvent: {}
[190.328895] (-) TimerEvent: {}
[190.429533] (-) TimerEvent: {}
[190.530072] (-) TimerEvent: {}
[190.630608] (-) TimerEvent: {}
[190.731142] (-) TimerEvent: {}
[190.831688] (-) TimerEvent: {}
[190.932260] (-) TimerEvent: {}
[191.032951] (-) TimerEvent: {}
[191.133620] (-) TimerEvent: {}
[191.234285] (-) TimerEvent: {}
[191.334891] (-) TimerEvent: {}
[191.435637] (-) TimerEvent: {}
[191.536231] (-) TimerEvent: {}
[191.636978] (-) TimerEvent: {}
[191.737668] (-) TimerEvent: {}
[191.838359] (-) TimerEvent: {}
[191.938980] (-) TimerEvent: {}
[192.039696] (-) TimerEvent: {}
[192.140257] (-) TimerEvent: {}
[192.240826] (-) TimerEvent: {}
[192.341519] (-) TimerEvent: {}
[192.442177] (-) TimerEvent: {}
[192.542849] (-) TimerEvent: {}
[192.643555] (-) TimerEvent: {}
[192.744224] (-) TimerEvent: {}
[192.844880] (-) TimerEvent: {}
[192.945519] (-) TimerEvent: {}
[193.046191] (-) TimerEvent: {}
[193.146768] (-) TimerEvent: {}
[193.247799] (-) TimerEvent: {}
[193.348385] (-) TimerEvent: {}
[193.449489] (-) TimerEvent: {}
[193.550174] (-) TimerEvent: {}
[193.650862] (-) TimerEvent: {}
[193.751998] (-) TimerEvent: {}
[193.853322] (-) TimerEvent: {}
[193.954004] (-) TimerEvent: {}
[194.054689] (-) TimerEvent: {}
[194.155822] (-) TimerEvent: {}
[194.257068] (-) TimerEvent: {}
[194.357821] (-) TimerEvent: {}
[194.459096] (-) TimerEvent: {}
[194.560358] (-) TimerEvent: {}
[194.661576] (-) TimerEvent: {}
[194.762886] (-) TimerEvent: {}
[194.864164] (-) TimerEvent: {}
[194.965453] (-) TimerEvent: {}
[195.066648] (-) TimerEvent: {}
[195.167680] (-) TimerEvent: {}
[195.268320] (-) TimerEvent: {}
[195.368924] (-) TimerEvent: {}
[195.469569] (-) TimerEvent: {}
[195.570223] (-) TimerEvent: {}
[195.670901] (-) TimerEvent: {}
[195.771527] (-) TimerEvent: {}
[195.872137] (-) TimerEvent: {}
[195.972836] (-) TimerEvent: {}
[196.073519] (-) TimerEvent: {}
[196.174202] (-) TimerEvent: {}
[196.275522] (-) TimerEvent: {}
[196.376902] (-) TimerEvent: {}
[196.477930] (-) TimerEvent: {}
[196.578638] (-) TimerEvent: {}
[196.679455] (-) TimerEvent: {}
[196.780241] (-) TimerEvent: {}
[196.880908] (-) TimerEvent: {}
[196.981586] (-) TimerEvent: {}
[197.082199] (-) TimerEvent: {}
[197.182769] (-) TimerEvent: {}
[197.283453] (-) TimerEvent: {}
[197.384115] (-) TimerEvent: {}
[197.484798] (-) TimerEvent: {}
[197.585565] (-) TimerEvent: {}
[197.686404] (-) TimerEvent: {}
[197.787554] (-) TimerEvent: {}
[197.888754] (-) TimerEvent: {}
[197.989416] (-) TimerEvent: {}
[198.090085] (-) TimerEvent: {}
[198.190734] (-) TimerEvent: {}
[198.291420] (-) TimerEvent: {}
[198.392190] (-) TimerEvent: {}
[198.493143] (-) TimerEvent: {}
[198.594473] (-) TimerEvent: {}
[198.695710] (-) TimerEvent: {}
[198.797004] (-) TimerEvent: {}
[198.897638] (-) TimerEvent: {}
[198.998280] (-) TimerEvent: {}
[199.098929] (-) TimerEvent: {}
[199.199625] (-) TimerEvent: {}
[199.300371] (-) TimerEvent: {}
[199.401149] (-) TimerEvent: {}
[199.501887] (-) TimerEvent: {}
[199.602841] (-) TimerEvent: {}
[199.703645] (-) TimerEvent: {}
[199.804346] (-) TimerEvent: {}
[199.905091] (-) TimerEvent: {}
[200.005717] (-) TimerEvent: {}
[200.106425] (-) TimerEvent: {}
[200.207285] (-) TimerEvent: {}
[200.308119] (-) TimerEvent: {}
[200.408923] (-) TimerEvent: {}
[200.509844] (-) TimerEvent: {}
[200.610571] (-) TimerEvent: {}
[200.711193] (-) TimerEvent: {}
[200.811776] (-) TimerEvent: {}
[200.912364] (-) TimerEvent: {}
[201.012975] (-) TimerEvent: {}
[201.113582] (-) TimerEvent: {}
[201.214172] (-) TimerEvent: {}
[201.314792] (-) TimerEvent: {}
[201.415418] (-) TimerEvent: {}
[201.516013] (-) TimerEvent: {}
[201.616623] (-) TimerEvent: {}
[201.717261] (-) TimerEvent: {}
[201.817932] (-) TimerEvent: {}
[201.918603] (-) TimerEvent: {}
[202.019220] (-) TimerEvent: {}
[202.119837] (-) TimerEvent: {}
[202.220423] (-) TimerEvent: {}
[202.321031] (-) TimerEvent: {}
[202.465790] (orbbec_camera) StdoutLine: {'line': b'[ 96%] \x1b[32m\x1b[1mLinking CXX executable list_depth_work_mode_node\x1b[0m\n'}
[202.665575] (-) TimerEvent: {}
[202.665978] (orbbec_camera) StdoutLine: {'line': b'[ 96%] \x1b[32m\x1b[1mLinking CXX executable list_devices_node\x1b[0m\n'}
[202.666274] (orbbec_camera) StdoutLine: {'line': b'[ 96%] \x1b[32m\x1b[1mLinking CXX executable list_camera_profile_mode_node\x1b[0m\n'}
[202.765764] (-) TimerEvent: {}
[202.866426] (-) TimerEvent: {}
[202.967113] (-) TimerEvent: {}
[203.067795] (-) TimerEvent: {}
[203.168422] (-) TimerEvent: {}
[203.269067] (-) TimerEvent: {}
[203.369754] (-) TimerEvent: {}
[203.470571] (-) TimerEvent: {}
[203.571395] (-) TimerEvent: {}
[203.672170] (-) TimerEvent: {}
[203.772960] (-) TimerEvent: {}
[203.874943] (-) TimerEvent: {}
[203.975812] (-) TimerEvent: {}
[204.076659] (-) TimerEvent: {}
[204.177382] (-) TimerEvent: {}
[204.220742] (orbbec_camera) StdoutLine: {'line': b'[ 96%] Built target list_depth_work_mode_node\n'}
[204.277571] (-) TimerEvent: {}
[204.378354] (-) TimerEvent: {}
[204.479074] (-) TimerEvent: {}
[204.580022] (-) TimerEvent: {}
[204.680678] (-) TimerEvent: {}
[204.781356] (-) TimerEvent: {}
[204.882065] (-) TimerEvent: {}
[204.982739] (-) TimerEvent: {}
[205.076525] (orbbec_camera) StdoutLine: {'line': b'[ 96%] Built target list_camera_profile_mode_node\n'}
[205.077032] (orbbec_camera) StdoutLine: {'line': b'[ 96%] Built target list_devices_node\n'}
[205.082851] (-) TimerEvent: {}
[205.183668] (-) TimerEvent: {}
[205.284216] (-) TimerEvent: {}
[205.384672] (-) TimerEvent: {}
[205.485179] (-) TimerEvent: {}
[205.585720] (-) TimerEvent: {}
[205.686311] (-) TimerEvent: {}
[205.786834] (-) TimerEvent: {}
[205.887348] (-) TimerEvent: {}
[205.987798] (-) TimerEvent: {}
[206.088179] (-) TimerEvent: {}
[206.188532] (-) TimerEvent: {}
[206.288926] (-) TimerEvent: {}
[206.389290] (-) TimerEvent: {}
[206.489633] (-) TimerEvent: {}
[206.590000] (-) TimerEvent: {}
[206.690392] (-) TimerEvent: {}
[206.790744] (-) TimerEvent: {}
[206.891081] (-) TimerEvent: {}
[206.991446] (-) TimerEvent: {}
[207.091761] (-) TimerEvent: {}
[207.192089] (-) TimerEvent: {}
[207.292570] (-) TimerEvent: {}
[207.393205] (-) TimerEvent: {}
[207.493748] (-) TimerEvent: {}
[207.594213] (-) TimerEvent: {}
[207.694589] (-) TimerEvent: {}
[207.794906] (-) TimerEvent: {}
[207.895271] (-) TimerEvent: {}
[207.995658] (-) TimerEvent: {}
[208.096088] (-) TimerEvent: {}
[208.196541] (-) TimerEvent: {}
[208.297177] (-) TimerEvent: {}
[208.397630] (-) TimerEvent: {}
[208.497986] (-) TimerEvent: {}
[208.598361] (-) TimerEvent: {}
[208.698807] (-) TimerEvent: {}
[208.799161] (-) TimerEvent: {}
[208.899495] (-) TimerEvent: {}
[208.999856] (-) TimerEvent: {}
[209.100166] (-) TimerEvent: {}
[209.200495] (-) TimerEvent: {}
[209.300883] (-) TimerEvent: {}
[209.401242] (-) TimerEvent: {}
[209.501597] (-) TimerEvent: {}
[209.601932] (-) TimerEvent: {}
[209.702280] (-) TimerEvent: {}
[209.802607] (-) TimerEvent: {}
[209.902948] (-) TimerEvent: {}
[210.003338] (-) TimerEvent: {}
[210.103681] (-) TimerEvent: {}
[210.204017] (-) TimerEvent: {}
[210.304411] (-) TimerEvent: {}
[210.404773] (-) TimerEvent: {}
[210.505091] (-) TimerEvent: {}
[210.605422] (-) TimerEvent: {}
[210.705770] (-) TimerEvent: {}
[210.806103] (-) TimerEvent: {}
[210.906434] (-) TimerEvent: {}
[211.006810] (-) TimerEvent: {}
[211.107178] (-) TimerEvent: {}
[211.207529] (-) TimerEvent: {}
[211.307955] (-) TimerEvent: {}
[211.408434] (-) TimerEvent: {}
[211.508826] (-) TimerEvent: {}
[211.609168] (-) TimerEvent: {}
[211.709531] (-) TimerEvent: {}
[211.809866] (-) TimerEvent: {}
[211.910195] (-) TimerEvent: {}
[212.010537] (-) TimerEvent: {}
[212.110836] (-) TimerEvent: {}
[212.211185] (-) TimerEvent: {}
[212.311561] (-) TimerEvent: {}
[212.411917] (-) TimerEvent: {}
[212.512244] (-) TimerEvent: {}
[212.612562] (-) TimerEvent: {}
[212.712893] (-) TimerEvent: {}
[212.813198] (-) TimerEvent: {}
[212.913515] (-) TimerEvent: {}
[213.013855] (-) TimerEvent: {}
[213.114178] (-) TimerEvent: {}
[213.214558] (-) TimerEvent: {}
[213.314973] (-) TimerEvent: {}
[213.415360] (-) TimerEvent: {}
[213.515664] (-) TimerEvent: {}
[213.615984] (-) TimerEvent: {}
[213.716331] (-) TimerEvent: {}
[213.816667] (-) TimerEvent: {}
[213.917014] (-) TimerEvent: {}
[214.017369] (-) TimerEvent: {}
[214.117688] (-) TimerEvent: {}
[214.218021] (-) TimerEvent: {}
[214.318403] (-) TimerEvent: {}
[214.418776] (-) TimerEvent: {}
[214.519159] (-) TimerEvent: {}
[214.619490] (-) TimerEvent: {}
[214.719817] (-) TimerEvent: {}
[214.820121] (-) TimerEvent: {}
[214.920458] (-) TimerEvent: {}
[215.020815] (-) TimerEvent: {}
[215.121156] (-) TimerEvent: {}
[215.221500] (-) TimerEvent: {}
[215.321895] (-) TimerEvent: {}
[215.422353] (-) TimerEvent: {}
[215.522924] (-) TimerEvent: {}
[215.623599] (-) TimerEvent: {}
[215.724015] (-) TimerEvent: {}
[215.824344] (-) TimerEvent: {}
[215.855948] (orbbec_camera) StdoutLine: {'line': b'[100%] \x1b[32m\x1b[1mLinking CXX executable topic_statistics_node\x1b[0m\n'}
[215.924558] (-) TimerEvent: {}
[216.025224] (-) TimerEvent: {}
[216.125884] (-) TimerEvent: {}
[216.226502] (-) TimerEvent: {}
[216.327047] (-) TimerEvent: {}
[216.397485] (orbbec_camera) StdoutLine: {'line': b'[100%] Built target topic_statistics_node\n'}
[216.427330] (-) TimerEvent: {}
[216.483608] (orbbec_camera) CommandEnded: {'returncode': 0}
[216.518597] (orbbec_camera) JobProgress: {'identifier': 'orbbec_camera', 'progress': 'install'}
[216.523411] (orbbec_camera) Command: {'cmd': ['/usr/bin/cmake', '--install', '/home/jetson/orbbec_ros2_ws/build/orbbec_camera'], 'cwd': '/home/jetson/orbbec_ros2_ws/build/orbbec_camera', 'env': OrderedDict([('LESSOPEN', '| /usr/bin/lesspipe %s'), ('no_proxy', 'localhost,127.0.0.1,::1'), ('LANGUAGE', 'en_US:en'), ('USER', 'jetson'), ('SSH_CLIENT', '192.168.43.64 60939 22'), ('LC_TIME', 'en_US.UTF-8'), ('XDG_SESSION_TYPE', 'tty'), ('SHLVL', '1'), ('LD_LIBRARY_PATH', '/home/jetson/orbbec_ros2_ws/install/orbbec_camera_msgs/lib:/home/jetson/yahboom_ws/install/interfaces/lib:/opt/ros/humble/opt/rviz_ogre_vendor/lib:/opt/ros/humble/lib/aarch64-linux-gnu:/opt/ros/humble/lib:/usr/local/lib:/usr/local/cuda-12.6/lib64'), ('MOTD_SHOWN', 'pam'), ('HOME', '/home/jetson'), ('OLDPWD', '/home/jetson/orbbec_ros2_ws/src'), ('NO_PROXY', 'localhost,127.0.0.1,::1'), ('SSH_TTY', '/dev/pts/0'), ('JETSON_L4T', '36.4.7'), ('ROS_PYTHON_VERSION', '3'), ('JETSON_MODEL', 'NVIDIA Jetson Orin Nano Engineering Reference Developer Kit Super'), ('LC_MONETARY', 'en_US.UTF-8'), ('DBUS_SESSION_BUS_ADDRESS', 'unix:path=/run/user/1000/bus'), ('COLCON_PREFIX_PATH', '/home/jetson/yahboom_ws/install'), ('ROS_DISTRO', 'humble'), ('LOGNAME', 'jetson'), ('JETSON_MODULE', 'NVIDIA Jetson Orin Nano (4GB ram)'), ('JETSON_SERIAL_NUMBER', '1421725057752'), ('_', '/usr/bin/colcon'), ('ROS_VERSION', '2'), ('XDG_SESSION_CLASS', 'user'), ('TERM', 'xterm'), ('XDG_SESSION_ID', '3'), ('ISAAC_ROS_WS', '/home/jetson/workspaces/isaac_ros-dev/'), ('ROS_LOCALHOST_ONLY', '0'), ('PATH', '/home/jetson/.local/bin:/opt/ros/humble/bin:/usr/local/cuda-12.6/bin:/usr/local/sbin:/usr/local/bin:/usr/sbin:/usr/bin:/sbin:/bin:/usr/games:/usr/local/games:/snap/bin'), ('PAPERSIZE', 'letter'), ('LC_ADDRESS', 'en_US.UTF-8'), ('XDG_RUNTIME_DIR', '/run/user/1000'), ('DISPLAY', 'localhost:10.0'), ('LANG', 'en_US.UTF-8'), ('LC_TELEPHONE', 'en_US.UTF-8'), ('LS_COLORS', 'rs=0:di=01;34:ln=01;36:mh=00:pi=40;33:so=01;35:do=01;35:bd=40;33;01:cd=40;33;01:or=40;31;01:mi=00:su=37;41:sg=30;43:ca=30;41:tw=30;42:ow=34;42:st=37;44:ex=01;32:*.tar=01;31:*.tgz=01;31:*.arc=01;31:*.arj=01;31:*.taz=01;31:*.lha=01;31:*.lz4=01;31:*.lzh=01;31:*.lzma=01;31:*.tlz=01;31:*.txz=01;31:*.tzo=01;31:*.t7z=01;31:*.zip=01;31:*.z=01;31:*.dz=01;31:*.gz=01;31:*.lrz=01;31:*.lz=01;31:*.lzo=01;31:*.xz=01;31:*.zst=01;31:*.tzst=01;31:*.bz2=01;31:*.bz=01;31:*.tbz=01;31:*.tbz2=01;31:*.tz=01;31:*.deb=01;31:*.rpm=01;31:*.jar=01;31:*.war=01;31:*.ear=01;31:*.sar=01;31:*.rar=01;31:*.alz=01;31:*.ace=01;31:*.zoo=01;31:*.cpio=01;31:*.7z=01;31:*.rz=01;31:*.cab=01;31:*.wim=01;31:*.swm=01;31:*.dwm=01;31:*.esd=01;31:*.jpg=01;35:*.jpeg=01;35:*.mjpg=01;35:*.mjpeg=01;35:*.gif=01;35:*.bmp=01;35:*.pbm=01;35:*.pgm=01;35:*.ppm=01;35:*.tga=01;35:*.xbm=01;35:*.xpm=01;35:*.tif=01;35:*.tiff=01;35:*.png=01;35:*.svg=01;35:*.svgz=01;35:*.mng=01;35:*.pcx=01;35:*.mov=01;35:*.mpg=01;35:*.mpeg=01;35:*.m2v=01;35:*.mkv=01;35:*.webm=01;35:*.webp=01;35:*.ogm=01;35:*.mp4=01;35:*.m4v=01;35:*.mp4v=01;35:*.vob=01;35:*.qt=01;35:*.nuv=01;35:*.wmv=01;35:*.asf=01;35:*.rm=01;35:*.rmvb=01;35:*.flc=01;35:*.avi=01;35:*.fli=01;35:*.flv=01;35:*.gl=01;35:*.dl=01;35:*.xcf=01;35:*.xwd=01;35:*.yuv=01;35:*.cgm=01;35:*.emf=01;35:*.ogv=01;35:*.ogx=01;35:*.aac=00;36:*.au=00;36:*.flac=00;36:*.m4a=00;36:*.mid=00;36:*.midi=00;36:*.mka=00;36:*.mp3=00;36:*.mpc=00;36:*.ogg=00;36:*.ra=00;36:*.wav=00;36:*.oga=00;36:*.opus=00;36:*.spx=00;36:*.xspf=00;36:'), ('JETSON_SOC', 'tegra234'), ('ROS_DOMAIN_ID', '99'), ('AMENT_PREFIX_PATH', '/home/jetson/orbbec_ros2_ws/install/orbbec_camera_msgs:/home/jetson/yahboom_ws/install/text_chat:/home/jetson/yahboom_ws/install/largemodel:/home/jetson/yahboom_ws/install/interfaces:/home/jetson/yahboom_ws/install/camera:/opt/ros/humble'), ('SHELL', '/bin/bash'), ('LC_NAME', 'en_US.UTF-8'), ('LESSCLOSE', '/usr/bin/lesspipe %s %s'), ('LC_MEASUREMENT', 'en_US.UTF-8'), ('LC_IDENTIFICATION', 'en_US.UTF-8'), ('JETSON_CUDA_ARCH_BIN', '8.7'), ('PWD', '/home/jetson/orbbec_ros2_ws/build/orbbec_camera'), ('SSH_CONNECTION', '192.168.43.64 60939 192.168.43.151 22'), ('XDG_DATA_DIRS', '/usr/share/gnome:/usr/local/share:/usr/share:/var/lib/snapd/desktop'), ('PYTHONPATH', '/home/jetson/orbbec_ros2_ws/install/orbbec_camera_msgs/local/lib/python3.10/dist-packages:/home/jetson/yahboom_ws/install/text_chat/lib/python3.10/site-packages:/home/jetson/yahboom_ws/install/largemodel/lib/python3.10/site-packages:/home/jetson/yahboom_ws/install/interfaces/local/lib/python3.10/dist-packages:/home/jetson/yahboom_ws/install/camera/lib/python3.10/site-packages:/opt/ros/humble/lib/python3.10/site-packages:/opt/ros/humble/local/lib/python3.10/dist-packages:/usr/local/lib/python3.10/site-packages/:'), ('LC_NUMERIC', 'en_US.UTF-8'), ('LC_PAPER', 'en_US.UTF-8'), ('COLCON', '1'), ('JETSON_JETPACK', ''), ('CMAKE_PREFIX_PATH', '/home/jetson/orbbec_ros2_ws/install/orbbec_camera_msgs:/home/jetson/yahboom_ws/install/interfaces:/home/jetson/yahboom_ws/install/text_chat:/home/jetson/yahboom_ws/install/largemodel:/home/jetson/yahboom_ws/install/camera:/opt/ros/humble'), ('JETSON_P_NUMBER', 'p3767-0004')]), 'shell': False}
[216.534210] (-) TimerEvent: {}
[216.558367] (orbbec_camera) StdoutLine: {'line': b'-- Install configuration: "Release"\n'}
[216.560397] (orbbec_camera) StdoutLine: {'line': b'-- Execute custom install script\n'}
[216.563255] (orbbec_camera) StdoutLine: {'line': b'-- Symlinking: /home/jetson/orbbec_ros2_ws/install/orbbec_camera/lib/orbbec_camera/orbbec_camera_node\n'}
[216.581940] (orbbec_camera) StdoutLine: {'line': b'-- Symlinking: /home/jetson/orbbec_ros2_ws/install/orbbec_camera/lib/orbbec_camera/frame_latency_node\n'}
[216.600641] (orbbec_camera) StdoutLine: {'line': b'-- Symlinking: /home/jetson/orbbec_ros2_ws/install/orbbec_camera/lib/liborbbec_camera.so\n'}
[216.619245] (orbbec_camera) StdoutLine: {'line': b'-- Symlinking: /home/jetson/orbbec_ros2_ws/install/orbbec_camera/lib/libframe_latency.so\n'}
[216.634315] (-) TimerEvent: {}
[216.639767] (orbbec_camera) StdoutLine: {'line': b'-- Symlinking: /home/jetson/orbbec_ros2_ws/install/orbbec_camera/include/magic_enum/magic_enum.hpp\n'}
[216.656882] (orbbec_camera) StdoutLine: {'line': b'-- Symlinking: /home/jetson/orbbec_ros2_ws/install/orbbec_camera/include/orbbec_camera/constants.h\n'}
[216.674544] (orbbec_camera) StdoutLine: {'line': b'-- Symlinking: /home/jetson/orbbec_ros2_ws/install/orbbec_camera/include/orbbec_camera/d2c_viewer.h\n'}
[216.691815] (orbbec_camera) StdoutLine: {'line': b'-- Symlinking: /home/jetson/orbbec_ros2_ws/install/orbbec_camera/include/orbbec_camera/dynamic_params.h\n'}
[216.709419] (orbbec_camera) StdoutLine: {'line': b'-- Symlinking: /home/jetson/orbbec_ros2_ws/install/orbbec_camera/include/orbbec_camera/frame_timestamp_csv_logger.h\n'}
[216.726365] (orbbec_camera) StdoutLine: {'line': b'-- Symlinking: /home/jetson/orbbec_ros2_ws/install/orbbec_camera/include/orbbec_camera/image_publisher.h\n'}
[216.734426] (-) TimerEvent: {}
[216.743777] (orbbec_camera) StdoutLine: {'line': b'-- Symlinking: /home/jetson/orbbec_ros2_ws/install/orbbec_camera/include/orbbec_camera/jetson_nv_decoder.h\n'}
[216.761397] (orbbec_camera) StdoutLine: {'line': b'-- Symlinking: /home/jetson/orbbec_ros2_ws/install/orbbec_camera/include/orbbec_camera/jpeg_decoder.h\n'}
[216.779457] (orbbec_camera) StdoutLine: {'line': b'-- Symlinking: /home/jetson/orbbec_ros2_ws/install/orbbec_camera/include/orbbec_camera/ob_camera_node.h\n'}
[216.797143] (orbbec_camera) StdoutLine: {'line': b'-- Symlinking: /home/jetson/orbbec_ros2_ws/install/orbbec_camera/include/orbbec_camera/ob_camera_node_driver.h\n'}
[216.814537] (orbbec_camera) StdoutLine: {'line': b'-- Symlinking: /home/jetson/orbbec_ros2_ws/install/orbbec_camera/include/orbbec_camera/rk_mpp_decoder.h\n'}
[216.832484] (orbbec_camera) StdoutLine: {'line': b'-- Symlinking: /home/jetson/orbbec_ros2_ws/install/orbbec_camera/include/orbbec_camera/ros_param_backend.h\n'}
[216.834538] (-) TimerEvent: {}
[216.852458] (orbbec_camera) StdoutLine: {'line': b'-- Symlinking: /home/jetson/orbbec_ros2_ws/install/orbbec_camera/include/orbbec_camera/synced_imu_publisher.h\n'}
[216.871592] (orbbec_camera) StdoutLine: {'line': b'-- Symlinking: /home/jetson/orbbec_ros2_ws/install/orbbec_camera/include/orbbec_camera/utils.h\n'}
[216.892839] (orbbec_camera) StdoutLine: {'line': b'-- Symlinking: /home/jetson/orbbec_ros2_ws/install/orbbec_camera/share/orbbec_camera//launch/astra.launch.py\n'}
[216.910932] (orbbec_camera) StdoutLine: {'line': b'-- Symlinking: /home/jetson/orbbec_ros2_ws/install/orbbec_camera/share/orbbec_camera//launch/astra2.launch.py\n'}
[216.928788] (orbbec_camera) StdoutLine: {'line': b'-- Symlinking: /home/jetson/orbbec_ros2_ws/install/orbbec_camera/share/orbbec_camera//launch/astra_adv.launch.py\n'}
[216.934811] (-) TimerEvent: {}
[216.946061] (orbbec_camera) StdoutLine: {'line': b'-- Symlinking: /home/jetson/orbbec_ros2_ws/install/orbbec_camera/share/orbbec_camera//launch/astra_embedded_s.launch.py\n'}
[216.963561] (orbbec_camera) StdoutLine: {'line': b'-- Symlinking: /home/jetson/orbbec_ros2_ws/install/orbbec_camera/share/orbbec_camera//launch/astra_pro2.launch.py\n'}
[216.980503] (orbbec_camera) StdoutLine: {'line': b'-- Symlinking: /home/jetson/orbbec_ros2_ws/install/orbbec_camera/share/orbbec_camera//launch/astra_pro_plus.launch.py\n'}
[216.998488] (orbbec_camera) StdoutLine: {'line': b'-- Symlinking: /home/jetson/orbbec_ros2_ws/install/orbbec_camera/share/orbbec_camera//launch/astra_stereo_u3.launch.py\n'}
[217.015872] (orbbec_camera) StdoutLine: {'line': b'-- Symlinking: /home/jetson/orbbec_ros2_ws/install/orbbec_camera/share/orbbec_camera//launch/dabai.launch.py\n'}
[217.032744] (orbbec_camera) StdoutLine: {'line': b'-- Symlinking: /home/jetson/orbbec_ros2_ws/install/orbbec_camera/share/orbbec_camera//launch/dabai_d1.launch.py\n'}
[217.034894] (-) TimerEvent: {}
[217.050375] (orbbec_camera) StdoutLine: {'line': b'-- Symlinking: /home/jetson/orbbec_ros2_ws/install/orbbec_camera/share/orbbec_camera//launch/dabai_dcl.py\n'}
[217.068667] (orbbec_camera) StdoutLine: {'line': b'-- Symlinking: /home/jetson/orbbec_ros2_ws/install/orbbec_camera/share/orbbec_camera//launch/dabai_dcw.launch.py\n'}
[217.086278] (orbbec_camera) StdoutLine: {'line': b'-- Symlinking: /home/jetson/orbbec_ros2_ws/install/orbbec_camera/share/orbbec_camera//launch/dabai_dcw2.launch.py\n'}
[217.104643] (orbbec_camera) StdoutLine: {'line': b'-- Symlinking: /home/jetson/orbbec_ros2_ws/install/orbbec_camera/share/orbbec_camera//launch/dabai_dw.launch.py\n'}
[217.122130] (orbbec_camera) StdoutLine: {'line': b'-- Symlinking: /home/jetson/orbbec_ros2_ws/install/orbbec_camera/share/orbbec_camera//launch/dabai_dw2.launch.py\n'}
[217.135060] (-) TimerEvent: {}
[217.139437] (orbbec_camera) StdoutLine: {'line': b'-- Symlinking: /home/jetson/orbbec_ros2_ws/install/orbbec_camera/share/orbbec_camera//launch/dabai_max.launch.py\n'}
[217.156305] (orbbec_camera) StdoutLine: {'line': b'-- Symlinking: /home/jetson/orbbec_ros2_ws/install/orbbec_camera/share/orbbec_camera//launch/dabai_max_pro.launch.py\n'}
[217.173055] (orbbec_camera) StdoutLine: {'line': b'-- Symlinking: /home/jetson/orbbec_ros2_ws/install/orbbec_camera/share/orbbec_camera//launch/dabai_pro.launch.py\n'}
[217.190403] (orbbec_camera) StdoutLine: {'line': b'-- Symlinking: /home/jetson/orbbec_ros2_ws/install/orbbec_camera/share/orbbec_camera//launch/deeya.launch.py\n'}
[217.208236] (orbbec_camera) StdoutLine: {'line': b'-- Symlinking: /home/jetson/orbbec_ros2_ws/install/orbbec_camera/share/orbbec_camera//launch/femto.launch.py\n'}
[217.225894] (orbbec_camera) StdoutLine: {'line': b'-- Symlinking: /home/jetson/orbbec_ros2_ws/install/orbbec_camera/share/orbbec_camera//launch/femto_bolt.launch.py\n'}
[217.235366] (-) TimerEvent: {}
[217.242953] (orbbec_camera) StdoutLine: {'line': b'-- Symlinking: /home/jetson/orbbec_ros2_ws/install/orbbec_camera/share/orbbec_camera//launch/femto_mega.launch.py\n'}
[217.260073] (orbbec_camera) StdoutLine: {'line': b'-- Symlinking: /home/jetson/orbbec_ros2_ws/install/orbbec_camera/share/orbbec_camera//launch/femto_net_camera.launch.py\n'}
[217.277584] (orbbec_camera) StdoutLine: {'line': b'-- Symlinking: /home/jetson/orbbec_ros2_ws/install/orbbec_camera/share/orbbec_camera//launch/gemini2.launch.py\n'}
[217.294195] (orbbec_camera) StdoutLine: {'line': b'-- Symlinking: /home/jetson/orbbec_ros2_ws/install/orbbec_camera/share/orbbec_camera//launch/gemini2L.launch.py\n'}
[217.311086] (orbbec_camera) StdoutLine: {'line': b'-- Symlinking: /home/jetson/orbbec_ros2_ws/install/orbbec_camera/share/orbbec_camera//launch/gemini2VL.launch.py\n'}
[217.328231] (orbbec_camera) StdoutLine: {'line': b'-- Symlinking: /home/jetson/orbbec_ros2_ws/install/orbbec_camera/share/orbbec_camera//launch/gemini2XL.launch.py\n'}
[217.335483] (-) TimerEvent: {}
[217.345373] (orbbec_camera) StdoutLine: {'line': b'-- Symlinking: /home/jetson/orbbec_ros2_ws/install/orbbec_camera/share/orbbec_camera//launch/gemini_330_series.launch.py\n'}
[217.364782] (orbbec_camera) StdoutLine: {'line': b'-- Symlinking: /home/jetson/orbbec_ros2_ws/install/orbbec_camera/share/orbbec_camera//launch/gemini_e.launch.py\n'}
[217.381842] (orbbec_camera) StdoutLine: {'line': b'-- Symlinking: /home/jetson/orbbec_ros2_ws/install/orbbec_camera/share/orbbec_camera//launch/gemini_e_lite.launch.py\n'}
[217.398520] (orbbec_camera) StdoutLine: {'line': b'-- Symlinking: /home/jetson/orbbec_ros2_ws/install/orbbec_camera/share/orbbec_camera//launch/gemini_ew.launch.py\n'}
[217.415921] (orbbec_camera) StdoutLine: {'line': b'-- Symlinking: /home/jetson/orbbec_ros2_ws/install/orbbec_camera/share/orbbec_camera//launch/gemini_ew_lite.launch.py\n'}
[217.433016] (orbbec_camera) StdoutLine: {'line': b'-- Symlinking: /home/jetson/orbbec_ros2_ws/install/orbbec_camera/share/orbbec_camera//launch/gemini_intra_process_demo_launch.py\n'}
[217.435567] (-) TimerEvent: {}
[217.450397] (orbbec_camera) StdoutLine: {'line': b'-- Symlinking: /home/jetson/orbbec_ros2_ws/install/orbbec_camera/share/orbbec_camera//launch/gemini_uw.launch.py\n'}
[217.467610] (orbbec_camera) StdoutLine: {'line': b'-- Symlinking: /home/jetson/orbbec_ros2_ws/install/orbbec_camera/share/orbbec_camera//launch/multi_camera.launch.py\n'}
[217.484941] (orbbec_camera) StdoutLine: {'line': b'-- Symlinking: /home/jetson/orbbec_ros2_ws/install/orbbec_camera/share/orbbec_camera//launch/multi_camera_synced.launch.py\n'}
[217.501887] (orbbec_camera) StdoutLine: {'line': b'-- Symlinking: /home/jetson/orbbec_ros2_ws/install/orbbec_camera/share/orbbec_camera//launch/multi_net_camera.launch.py\n'}
[217.519246] (orbbec_camera) StdoutLine: {'line': b'-- Symlinking: /home/jetson/orbbec_ros2_ws/install/orbbec_camera/share/orbbec_camera//launch/ob_camera.launch.py\n'}
[217.535694] (-) TimerEvent: {}
[217.537734] (orbbec_camera) StdoutLine: {'line': b'-- Symlinking: /home/jetson/orbbec_ros2_ws/install/orbbec_camera/share/orbbec_camera//config/.gitkeep\n'}
[217.556519] (orbbec_camera) StdoutLine: {'line': b'-- Symlinking: /home/jetson/orbbec_ros2_ws/install/orbbec_camera/share/orbbec_camera//config/OrbbecSDKConfig_v1.0.xml\n'}
[217.574600] (orbbec_camera) StdoutLine: {'line': b'-- Symlinking: /home/jetson/orbbec_ros2_ws/install/orbbec_camera/share/orbbec_camera//config/camera_params.yaml\n'}
[217.592131] (orbbec_camera) StdoutLine: {'line': b'-- Symlinking: /home/jetson/orbbec_ros2_ws/install/orbbec_camera/share/orbbec_camera//config/depthfilter/Gemini2_v1.8.json\n'}
[217.609467] (orbbec_camera) StdoutLine: {'line': b'-- Symlinking: /home/jetson/orbbec_ros2_ws/install/orbbec_camera/share/orbbec_camera//config/depthfilter/Openni_device.json\n'}
[217.628657] (orbbec_camera) StdoutLine: {'line': b'-- Symlinking: /home/jetson/orbbec_ros2_ws/install/orbbec_camera/include/libobsensor/ObSensor.h\n'}
[217.635800] (-) TimerEvent: {}
[217.647028] (orbbec_camera) StdoutLine: {'line': b'-- Symlinking: /home/jetson/orbbec_ros2_ws/install/orbbec_camera/include/libobsensor/ObSensor.hpp\n'}
[217.665026] (orbbec_camera) StdoutLine: {'line': b'-- Symlinking: /home/jetson/orbbec_ros2_ws/install/orbbec_camera/include/libobsensor/h/Context.h\n'}
[217.683181] (orbbec_camera) StdoutLine: {'line': b'-- Symlinking: /home/jetson/orbbec_ros2_ws/install/orbbec_camera/include/libobsensor/h/Device.h\n'}
[217.701367] (orbbec_camera) StdoutLine: {'line': b'-- Symlinking: /home/jetson/orbbec_ros2_ws/install/orbbec_camera/include/libobsensor/h/Error.h\n'}
[217.718582] (orbbec_camera) StdoutLine: {'line': b'-- Symlinking: /home/jetson/orbbec_ros2_ws/install/orbbec_camera/include/libobsensor/h/Filter.h\n'}
[217.735914] (-) TimerEvent: {}
[217.736691] (orbbec_camera) StdoutLine: {'line': b'-- Symlinking: /home/jetson/orbbec_ros2_ws/install/orbbec_camera/include/libobsensor/h/Frame.h\n'}
[217.754315] (orbbec_camera) StdoutLine: {'line': b'-- Symlinking: /home/jetson/orbbec_ros2_ws/install/orbbec_camera/include/libobsensor/h/MultipleDevices.h\n'}
[217.771974] (orbbec_camera) StdoutLine: {'line': b'-- Symlinking: /home/jetson/orbbec_ros2_ws/install/orbbec_camera/include/libobsensor/h/ObTypes.h\n'}
[217.788987] (orbbec_camera) StdoutLine: {'line': b'-- Symlinking: /home/jetson/orbbec_ros2_ws/install/orbbec_camera/include/libobsensor/h/Pipeline.h\n'}
[217.806051] (orbbec_camera) StdoutLine: {'line': b'-- Symlinking: /home/jetson/orbbec_ros2_ws/install/orbbec_camera/include/libobsensor/h/Property.h\n'}
[217.823108] (orbbec_camera) StdoutLine: {'line': b'-- Symlinking: /home/jetson/orbbec_ros2_ws/install/orbbec_camera/include/libobsensor/h/RecordPlayback.h\n'}
[217.836019] (-) TimerEvent: {}
[217.840992] (orbbec_camera) StdoutLine: {'line': b'-- Symlinking: /home/jetson/orbbec_ros2_ws/install/orbbec_camera/include/libobsensor/h/Sensor.h\n'}
[217.858714] (orbbec_camera) StdoutLine: {'line': b'-- Symlinking: /home/jetson/orbbec_ros2_ws/install/orbbec_camera/include/libobsensor/h/StreamProfile.h\n'}
[217.875737] (orbbec_camera) StdoutLine: {'line': b'-- Symlinking: /home/jetson/orbbec_ros2_ws/install/orbbec_camera/include/libobsensor/h/Utils.h\n'}
[217.892746] (orbbec_camera) StdoutLine: {'line': b'-- Symlinking: /home/jetson/orbbec_ros2_ws/install/orbbec_camera/include/libobsensor/h/Version.h\n'}
[217.910632] (orbbec_camera) StdoutLine: {'line': b'-- Symlinking: /home/jetson/orbbec_ros2_ws/install/orbbec_camera/include/libobsensor/hpp/Context.hpp\n'}
[217.930006] (orbbec_camera) StdoutLine: {'line': b'-- Symlinking: /home/jetson/orbbec_ros2_ws/install/orbbec_camera/include/libobsensor/hpp/Device.hpp\n'}
[217.936128] (-) TimerEvent: {}
[217.948775] (orbbec_camera) StdoutLine: {'line': b'-- Symlinking: /home/jetson/orbbec_ros2_ws/install/orbbec_camera/include/libobsensor/hpp/Error.hpp\n'}
[217.966692] (orbbec_camera) StdoutLine: {'line': b'-- Symlinking: /home/jetson/orbbec_ros2_ws/install/orbbec_camera/include/libobsensor/hpp/Filter.hpp\n'}
[217.983940] (orbbec_camera) StdoutLine: {'line': b'-- Symlinking: /home/jetson/orbbec_ros2_ws/install/orbbec_camera/include/libobsensor/hpp/Frame.hpp\n'}
[218.001137] (orbbec_camera) StdoutLine: {'line': b'-- Symlinking: /home/jetson/orbbec_ros2_ws/install/orbbec_camera/include/libobsensor/hpp/Pipeline.hpp\n'}
[218.018617] (orbbec_camera) StdoutLine: {'line': b'-- Symlinking: /home/jetson/orbbec_ros2_ws/install/orbbec_camera/include/libobsensor/hpp/RecordPlayback.hpp\n'}
[218.036247] (-) TimerEvent: {}
[218.037071] (orbbec_camera) StdoutLine: {'line': b'-- Symlinking: /home/jetson/orbbec_ros2_ws/install/orbbec_camera/include/libobsensor/hpp/Sensor.hpp\n'}
[218.056456] (orbbec_camera) StdoutLine: {'line': b'-- Symlinking: /home/jetson/orbbec_ros2_ws/install/orbbec_camera/include/libobsensor/hpp/StreamProfile.hpp\n'}
[218.074138] (orbbec_camera) StdoutLine: {'line': b'-- Symlinking: /home/jetson/orbbec_ros2_ws/install/orbbec_camera/include/libobsensor/hpp/Types.hpp\n'}
[218.090994] (orbbec_camera) StdoutLine: {'line': b'-- Symlinking: /home/jetson/orbbec_ros2_ws/install/orbbec_camera/include/libobsensor/hpp/Utils.hpp\n'}
[218.107951] (orbbec_camera) StdoutLine: {'line': b'-- Symlinking: /home/jetson/orbbec_ros2_ws/install/orbbec_camera/include/libobsensor/hpp/Version.hpp\n'}
[218.126322] (orbbec_camera) StdoutLine: {'line': b'-- Symlinking: /home/jetson/orbbec_ros2_ws/install/orbbec_camera/share/orbbec_camera/udev/99-obsensor-libusb.rules\n'}
[218.136354] (-) TimerEvent: {}
[218.144801] (orbbec_camera) StdoutLine: {'line': b'-- Symlinking: /home/jetson/orbbec_ros2_ws/install/orbbec_camera/lib/orbbec_camera//list_devices_node\n'}
[218.162479] (orbbec_camera) StdoutLine: {'line': b'-- Symlinking: /home/jetson/orbbec_ros2_ws/install/orbbec_camera/lib/orbbec_camera//list_depth_work_mode_node\n'}
[218.180828] (orbbec_camera) StdoutLine: {'line': b'-- Symlinking: /home/jetson/orbbec_ros2_ws/install/orbbec_camera/lib/orbbec_camera//list_camera_profile_mode_node\n'}
[218.200650] (orbbec_camera) StdoutLine: {'line': b'-- Symlinking: /home/jetson/orbbec_ros2_ws/install/orbbec_camera/lib/orbbec_camera//topic_statistics_node\n'}
[218.221473] (orbbec_camera) StdoutLine: {'line': b'-- Symlinking: /home/jetson/orbbec_ros2_ws/install/orbbec_camera/share/orbbec_camera/environment/library_path.sh\n'}
[218.236467] (-) TimerEvent: {}
[218.239371] (orbbec_camera) StdoutLine: {'line': b'-- Symlinking: /home/jetson/orbbec_ros2_ws/install/orbbec_camera/share/orbbec_camera/environment/library_path.dsv\n'}
[218.258549] (orbbec_camera) StdoutLine: {'line': b'-- Symlinking: /home/jetson/orbbec_ros2_ws/install/orbbec_camera/share/ament_index/resource_index/package_run_dependencies/orbbec_camera\n'}
[218.276774] (orbbec_camera) StdoutLine: {'line': b'-- Symlinking: /home/jetson/orbbec_ros2_ws/install/orbbec_camera/share/ament_index/resource_index/parent_prefix_path/orbbec_camera\n'}
[218.295933] (orbbec_camera) StdoutLine: {'line': b'-- Symlinking: /home/jetson/orbbec_ros2_ws/install/orbbec_camera/share/orbbec_camera/environment/ament_prefix_path.sh\n'}
[218.313635] (orbbec_camera) StdoutLine: {'line': b'-- Symlinking: /home/jetson/orbbec_ros2_ws/install/orbbec_camera/share/orbbec_camera/environment/ament_prefix_path.dsv\n'}
[218.331524] (orbbec_camera) StdoutLine: {'line': b'-- Symlinking: /home/jetson/orbbec_ros2_ws/install/orbbec_camera/share/orbbec_camera/environment/path.sh\n'}
[218.336558] (-) TimerEvent: {}
[218.350032] (orbbec_camera) StdoutLine: {'line': b'-- Symlinking: /home/jetson/orbbec_ros2_ws/install/orbbec_camera/share/orbbec_camera/environment/path.dsv\n'}
[218.367432] (orbbec_camera) StdoutLine: {'line': b'-- Symlinking: /home/jetson/orbbec_ros2_ws/install/orbbec_camera/share/orbbec_camera/local_setup.bash\n'}
[218.385801] (orbbec_camera) StdoutLine: {'line': b'-- Symlinking: /home/jetson/orbbec_ros2_ws/install/orbbec_camera/share/orbbec_camera/local_setup.sh\n'}
[218.402830] (orbbec_camera) StdoutLine: {'line': b'-- Symlinking: /home/jetson/orbbec_ros2_ws/install/orbbec_camera/share/orbbec_camera/local_setup.zsh\n'}
[218.421138] (orbbec_camera) StdoutLine: {'line': b'-- Symlinking: /home/jetson/orbbec_ros2_ws/install/orbbec_camera/share/orbbec_camera/local_setup.dsv\n'}
[218.436675] (-) TimerEvent: {}
[218.438368] (orbbec_camera) StdoutLine: {'line': b'-- Symlinking: /home/jetson/orbbec_ros2_ws/install/orbbec_camera/share/orbbec_camera/package.dsv\n'}
[218.457641] (orbbec_camera) StdoutLine: {'line': b'-- Symlinking: /home/jetson/orbbec_ros2_ws/install/orbbec_camera/share/ament_index/resource_index/packages/orbbec_camera\n'}
[218.475936] (orbbec_camera) StdoutLine: {'line': b'-- Symlinking: /home/jetson/orbbec_ros2_ws/install/orbbec_camera/share/ament_index/resource_index/rclcpp_components/orbbec_camera\n'}
[218.494785] (orbbec_camera) StdoutLine: {'line': b'-- Symlinking: /home/jetson/orbbec_ros2_ws/install/orbbec_camera/share/orbbec_camera/cmake/ament_cmake_export_include_directories-extras.cmake\n'}
[218.512666] (orbbec_camera) StdoutLine: {'line': b'-- Symlinking: /home/jetson/orbbec_ros2_ws/install/orbbec_camera/share/orbbec_camera/cmake/ament_cmake_export_libraries-extras.cmake\n'}
[218.531050] (orbbec_camera) StdoutLine: {'line': b'-- Symlinking: /home/jetson/orbbec_ros2_ws/install/orbbec_camera/share/orbbec_camera/cmake/ament_cmake_export_dependencies-extras.cmake\n'}
[218.536771] (-) TimerEvent: {}
[218.549523] (orbbec_camera) StdoutLine: {'line': b'-- Symlinking: /home/jetson/orbbec_ros2_ws/install/orbbec_camera/share/orbbec_camera/cmake/orbbec_cameraConfig.cmake\n'}
[218.566705] (orbbec_camera) StdoutLine: {'line': b'-- Symlinking: /home/jetson/orbbec_ros2_ws/install/orbbec_camera/share/orbbec_camera/cmake/orbbec_cameraConfig-version.cmake\n'}
[218.584645] (orbbec_camera) StdoutLine: {'line': b'-- Symlinking: /home/jetson/orbbec_ros2_ws/install/orbbec_camera/share/orbbec_camera/package.xml\n'}
[218.601677] (orbbec_camera) StdoutLine: {'line': b'-- Up-to-date: /home/jetson/orbbec_ros2_ws/install/orbbec_camera/lib/\n'}
[218.601988] (orbbec_camera) StdoutLine: {'line': b'-- Installing: /home/jetson/orbbec_ros2_ws/install/orbbec_camera/lib//libOrbbecSDK.so\n'}
[218.602184] (orbbec_camera) StdoutLine: {'line': b'-- Installing: /home/jetson/orbbec_ros2_ws/install/orbbec_camera/lib//libOrbbecSDK.so.1.10\n'}
[218.602332] (orbbec_camera) StdoutLine: {'line': b'-- Installing: /home/jetson/orbbec_ros2_ws/install/orbbec_camera/lib//liblive555.so\n'}
[218.606104] (orbbec_camera) StdoutLine: {'line': b'-- Installing: /home/jetson/orbbec_ros2_ws/install/orbbec_camera/lib//libdepthengine.so\n'}
[218.606405] (orbbec_camera) StdoutLine: {'line': b'-- Installing: /home/jetson/orbbec_ros2_ws/install/orbbec_camera/lib//libOrbbecSDK.so.1.10.37\n'}
[218.636893] (-) TimerEvent: {}
[218.660415] (orbbec_camera) StdoutLine: {'line': b'-- Installing: /home/jetson/orbbec_ros2_ws/install/orbbec_camera/lib//libob_usb.so\n'}
[218.661302] (orbbec_camera) StdoutLine: {'line': b'-- Installing: /home/jetson/orbbec_ros2_ws/install/orbbec_camera/lib//libdepthengine.so.2.0\n'}
[218.672436] (orbbec_camera) CommandEnded: {'returncode': 0}
[218.737057] (-) TimerEvent: {}
[218.781983] (orbbec_camera) JobEnded: {'identifier': 'orbbec_camera', 'rc': 0}
[218.788724] (-) EventReactorShutdown: {}
