:020000040800F2
:10000000781B00209D0100089D430008E532000890
:1000100071420008850B00086D52000800000000C6
:10002000000000000000000000000000DD4A0008A1
:10003000B50B00080000000045490008494B0008C6
:10004000B7010008B7010008B7010008B7010008B0
:10005000B7010008B7010008B7010008B7010008A0
:10006000B7010008B7010008B7010008B701000890
:10007000B7010008B7010008B7010008B701000880
:10008000B7010008B7010008B7010008B701000870
:10009000B7010008B7010008B7010008B701000860
:1000A000B7010008B7010008B7010008B701000850
:1000B000B7010008B7010008B7010008B701000840
:1000C000B7010008B7010008B7010008B701000830
:1000D000B701000849520008555200086152000853
:1000E000B7010008B7010008B7010008F14B00088C
:1000F000B7010008B7010008B7010008B701000800
:10010000B7010008B7010008B7010008B7010008EF
:10011000B7010008B7010008B7010008B7010008DF
:10012000B7010008B7010008B7010008B7010008CF
:10013000B7010008B7010008B7010008B7010008BF
:10014000B7010008B7010008B7010008B7010008AF
:10015000B7010008B7010008B7010008B70100089F
:10016000B7010008B7010008B7010008B70100088F
:10017000B7010008B7010008B7010008000000003F
:10018000B7010008B7010008DFF80CD000F05AFBF7
:1001900000480047FD6E0008781B00200648804795
:1001A00006480047FEE7FEE7FEE7FEE7FEE7FEE75C
:1001B000FEE7FEE7FEE7FEE7E14B000889010008E5
:1001C0002DE9F05F0546002092469B46884606468C
:1001D000814640241BE0284641464746224600F01F
:1001E00076F953465A46C01A914110D31146184623
:1001F000224600F05DF92D1A67EB01084F462246B2
:100200000120002100F054F917EB00094E41201E97
:10021000A4F10104DFDC484631462A464346BDE8E6
:10022000F09F2DE9F0410024061B254671F10006E0
:1002300005DA01240027D0EB070067EB0101161E49
:1002400073F1000605DA0027D2EB0702012567EB00
:100250000303FFF7B5FF86460E4617469C46AC42A1
:1002600004D00025D0EB050E65EB010624B100207B
:10027000D2EB000760EB030C704631463A4663460A
:10028000BDE8F081D2B201E000F8012B491EFBD29B
:1002900070470022F6E710B513460A460446194691
:1002A000FFF7F0FF204610BD10B5044604E00B78C0
:1002B00000F8013B03B1491C521EF8D2204610BD84
:1002C00030B504460020034600E05B1C934203D295
:1002D000E05CCD5C401BF8D030BD000070B50F4D28
:1002E00000B92868002412E00A4602E09E4203D0CA
:1002F000521C1378002BF9D1DAB2224305D02BB16E
:1003000024B1002100F8011B04E00446401C0678DB
:10031000002EE9D12860204670BD0000AC0100200D
:100320002DE9FE4F81EA030404F0004421F000416E
:1003300000944FF0000B23F0004350EA01045ED01C
:1003400052EA03045BD0C3F30A54C1F30A552C44A8
:10035000A4F2F3340194A0FB0254C1F3130141F45D
:100360008011C3F3130343F4801301FB024400FB29
:10037000034E840A970A44EA815447EA8357A4FB50
:10038000076802958D0A05FB07854FEA932C04FB4D
:100390000C542705029D4FEA065847EA1637B5EB7D
:1003A00008056EEB070C870E920E47EA811742EAAA
:1003B0008312A7FB0201B6EB0B0164EB00042B0DCB
:1003C00043EA0C335E1844EB1C50DA465146E7FB17
:1003D0000201C5F313044FEA0B3343EA14534FEA07
:1003E0000432019C43EA0603A4F10C040294009C2D
:1003F000CDE900B400F0C1F803B0BDE8F08F0020F3
:100400000146F9E70EB5C10F80EAE0700844CA075B
:10041000002140F233438DE80E000A460B4600F0FF
:10042000ACF803B000BD00F0004230F000400AD04C
:10043000C10D01F56071C0F3160042EA0151C20816
:1004400040071143704700200146704701F0004308
:1004500030B421F0004150EA010206D00A0DA2F5A5
:100460006072C1F31301002A02DC30BC0020704727
:10047000440F44EAC104C100E01830BC00EBC25094
:1004800000F035B830B50B4601460020202201248B
:1004900009E021FA02F59D4205D303FA02F5491B52
:1004A00004FA02F52844151EA2F10102F1DC30BD68
:1004B000202A04DB203A00FA02F100207047914024
:1004C000C2F1200320FA03F3194390407047202A19
:1004D00004DB203A21FA02F00021704721FA02F3EE
:1004E000D040C2F1200291400843194670470029CC
:1004F000A8BF7047401C490008BF20F001007047AA
:1005000010B4B0FA80FC00FA0CF050EA010404BF09
:1005100010BC704749B1CCF1200421FA04F411FA5F
:100520000CF118BF012121430843A3EB0C01CB1DA3
:100530004FEA00614FEA102042BF002010BC704714
:1005400000EBC35010440029A4BF10BC7047401CEE
:10055000490008BF20F0010010BC704710B5141E00
:1005600073F1000408DA401C41F1000192185B416C
:100570001A4301D120F0010010BD2DE9F04D924643
:100580009B4611B1B1FA81F202E0B0FA80F220325A
:100590009046FFF78DFF04460F4640EA0A0041EA05
:1005A0000B0153465A46084313D0114653EA010043
:1005B00019D0C8F140025046FFF789FF05460E46A4
:1005C000504659464246FFF773FF084305D00120C5
:1005D00004E020463946BDE8F08D0020054346EA98
:1005E000E0762C4337430A986305E40AA0EB080041
:1005F0000022FD0A44EA47540A3002D50020014691
:10060000E9E7010510196941DDE90845001969416B
:10061000BDE8F04DA2E72DE9FE4F804681EA0300D8
:10062000C00F0C46009021F0004123F00045B8EBCC
:100630000200A94105D24046214690461C460B4681
:10064000024623F00040104347D0270DC7F30A00AD
:10065000C3F30A510290401A019040286BDAC3F3A9
:10066000130040F4801B0098924620B10023D2EB87
:10067000030A63EB0B0B01985946C0F14002504648
:10068000FFF716FF06460D4650465946019A00F000
:10069000EBF810EB08006141002487EA115284EA6C
:1006A000E7731A4340D0009A62B3019A012A4FEAD5
:1006B000075215DC001B61EB02014FF0004202EA19
:1006C0000752CDE90042001C41F5801132462B460D
:1006D000FFF753FF03B0BDE8F08F40462146F9E72E
:1006E000001B61EB0201001C41F5801300185B4107
:1006F0002018A2F5001747EB030140EAD570B619A0
:100700006D4111E06D084FEA360645EAC0754FEAC3
:100710000752001B61EB0201001C41F580114908E2
:100720004FEA30000019514132462B4603B0BDE874
:10073000F04FFFF713BF0098012240000023D0EBD9
:10074000020263EBE073009821464FEAE074B8EBD5
:10075000000061EB0401E9E783F000435BE781F00F
:10076000004158E72DE9F04D81EA030404F0004B05
:1007700021F0004514464FF0000A23F0004150EAF2
:10078000050220D054EA01021DD0C5F30A570246E3
:10079000C5F31303C1F31300C1F30A5640F48015E7
:1007A00043F48013A7EB0608101BD64608F2FD3869
:1007B00073EB050002D308F1010801E092185B41D8
:1007C000B8F1000F03DA00200146BDE8F08D0020EB
:1007D0004FF48011064684460EE0171B73EB0507A5
:1007E00005D3121B63EB050306434CEA010C4908D1
:1007F0004FEA300092185B4150EA0107EDD152EA0E
:10080000030012D082EA040083EA0501084305D000
:10081000101BAB4106D20122002306E000224FF05C
:10082000004302E06FF0010253101AEB06004CEB9C
:10083000085110EB0A0041EB0B01BDE8F04DFFF74A
:100840008DBE0000064C074D06E0E06840F0010355
:1008500094E8070098471034AC42F6D3FFF798FCB1
:1008600038B3000858B30008202A06DBCB17203A1B
:1008700041FA02F043EAE07306E041FA02F3D040A5
:10088000C2F1200291400843194670472DE9F04D0E
:1008900000231A461B1A8A4103DB00200146BDE8EB
:1008A000F08DC1F30A52C1F3130141F480154FF0EA
:1008B000000BD10702D100186D41521E00270446DB
:1008C00040F2FF11384601EB620A3E46804602467E
:1008D00000204FF48011FFF7FAFDC2197141BB18D7
:1008E00046EB0100B4EB030C75EB000C04D3E41AE7
:1008F00065EB000517460E46241908F101006D410D
:1009000080463428E3DDF91946EB0600091BA841AF
:1009100003D24FF0FF32134601E0002213461BEBD7
:10092000070046EB0A51BDE8F04DFFF717BE70B562
:100930008C1810F8015B15F0070301D110F8013B8A
:100940002A1106D110F8012B03E010F8016B01F811
:10095000016B5B1EF9D12B0705D40023521E0DD469
:1009600001F8013BFAE710F8013BCB1A921C03E0B7
:1009700013F8015B01F8015B521EF9D5A142D8D3EF
:10098000002070BD464910B54A6822F440324A60E2
:100990004A6843681A434A6001684A6822F48072D0
:1009A0004A6001684A68036942EA03224A600168B2
:1009B0004A6822F040724A6001684A6883681A43B4
:1009C0004A6001688A6822F400628A6001688A6865
:1009D000C3681A438A60816A6FF07062D14201680D
:1009E0008A6822F070628A6001688A680CD0836A23
:1009F0001A438A6001688A6822F040528A6001685E
:100A00008A68C36A1A4301E022F040528A60016892
:100A10008A6822F002028A6001688A68037E42EADC
:100A200043028A6090F82010002901684A680FD0BC
:100A300042F400624A6001684A6822F460424A60F7
:100A400001684A68174C436A04EB43331A4301E0D8
:100A500022F400624A600168CA6A22F47002CA6223
:100A60000168CA6A838B104C04EB03531A43CA62B1
:100A700001688A6822F400728A6001688A6890F8C6
:100A8000303042EA43228A6001688A6822F4806238
:100A90008A6001688A68406942EA8020886010BDE7
:100AA0000023014000E0FFFF0000F0FF7FB50020C1
:100AB00002900446461E02AD0390134800F09AFAD5
:100AC0003146114800F040FA20B90F4800F0DEF935
:100AD00045F82400641CE4B2022CEED30124102556
:100AE000CDE90054002104230846029A03F0DEFDFC
:100AF000CDE9005404230F210020039A03F0D6FD12
:100B000003F03CFD7FBD0000B80100207CB5002053
:100B100000900446461E6D460190184800F06AFA9F
:100B20003146164800F010FA20B9144800F0AEF92A
:100B300045F82400641CE4B2022CEED31048009A5D
:100B400081688A4205DA019AC3689A4201DD02206F
:100B50007CBD009A8A4205DD019AC3689A4201DA97
:100B600003207CBD009A8A4205DA0199C06881425F
:100B700001DA01207CBD00207CBD0000B80100200E
:100B80005C010020FEE7000070B50122084D06461A
:100B900014022146284600F016FC304600F004FB03
:100BA00021462846BDE87040002200F00CBC000041
:100BB00000000240704700000C48DFED0B0A00F116
:100BC0001C010B4AC0ED060AC1ED060A92ED001A9F
:100BD000084AC0EE010A92ED000A20EE800A80ED7C
:100BE000020A81ED020A7047000000002412002072
:100BF000280000202400002072B6FEE700B5022085
:100C000003F00CFF464B1860032003F007FF586009
:100C1000042003F003FF9860052003F0FFFED86076
:100C200093ED000A59689FED3F1AF8EEC02A494239
:100C300000EE101A3F4962EE810AB8EEC02A93ED29
:100C4000020A3D4A3D4BF8EEC01A00EE100A364843
:100C5000B8EEC03A90ED000A344860EE803AD0ED2C
:100C6000000A334883EEA04A62EE013A63EE803A0E
:100C700080ED004A83EEA04A61EE813A23EE011A2C
:100C800063EE803A21EE001A81ED004A83EEA04A1D
:100C9000C1EE203A82ED004AC3ED003A90ED061A0B
:100CA00031EE221A62EE802A80ED061A91ED061AC4
:100CB00031EE021A22EE002A81ED061A92ED061A92
:100CC00031EE211A61EE801A23EE000A82ED061A37
:100CD00093ED061A31EE031A83ED061A82EEA01A7E
:100CE000D0ED052A31EE221A80ED051A82EE201A87
:100CF00091ED052A31EE021A81ED051A81EEA01A56
:100D0000D2ED051A31EE211A82ED051A80EE201A75
:100D100093ED050A31EE000A83ED050A00BD0000DF
:100D2000FC1100200000C842280000202400002000
:100D300024120020401200205C12002078120020B3
:100D400078B50024009490F83C20012A19D00122A3
:100D500080F83C200A6807230568092A13D9EE6841
:100D60000A3A02EB420293409E43EE600B788A6897
:100D70000A3B03EB43039A400368DD682A43DA60C9
:100D800010E0022078BD2E6902EB420293409E43A0
:100D90002E610B788A6803EB43039A4003681D6950
:100DA0002A431A614A681F23072A13D205686E6B0B
:100DB000521E02EB820293409E436E630B790A88B7
:100DC0005B1E92B203EB83039A4003685D6B2A4378
:100DD0005A6327E005680D2A12D22E6BD21F02EB50
:100DE000820293409E432E630B790A88DB1F92B2E6
:100DF00003EB83039A4003681D6B2A431A6311E0D7
:100E0000EE6A0D3A02EB820293409E43EE620B794A
:100E10000A880D3B92B203EB83039A400368DD6AB4
:100E20002A43DA62164B0568144A9D4206D10D68C2
:100E3000122D03D1556845F48005556005689D4223
:100E400018D10B68102B01D0112B13D1536843F428
:100E500000035360096810290CD10A490A4A09683D
:100E6000B1FBF2F101EB8101490000E0491E009164
:100E70000029FBD180F83C40002078BD00230140D0
:100E8000002001400C00002040420F000068C06CB0
:100E9000704770B504004FF0000503D0206C0026A9
:100EA00010B107E0012070BD204600F01DF8666417
:100EB00084F83C60206CC00610D4206C20F488506C
:100EC00040F0020020642046FFF75CFD6664206C61
:100ED00020F0020040F00100206400E0012584F8C9
:100EE0003C60284670BD000010B586B00446142151
:100EF0006846FFF7CEF91149206888421BD1104897
:100F00000021026842F480720260006800F4807080
:100F100005900B481438026842F004020260006831
:100F200000F00400059003200090CDE9010169461E
:100F3000044800F04BF906B010BD0000002001404D
:100F400044380240000802402DE9F04104460068A0
:100F50000D4681684FF0000749050BD58068C00534
:100F600008D5206C40F02000206484F83C700120FB
:100F7000BDE8F08100F02CFA064613E0681C11D0A1
:100F800025B100F025FA801BA8420BD92068006823
:100F9000800707D4206C40F00400206484F83C7083
:100FA0000320E5E7206800688007E7D521686FF037
:100FB00012000860206C40F4007020642068816892
:100FC00011F0405F13D1217E89B9C16A11F4700F0D
:100FD00002D0806840050AD4206C20F48070206420
:100FE000206CC00403D4206C40F001002064002079
:100FF000BEE7000018B50021009190F83C20012ABE
:1010000007D0012280F83C2002689368DB0702D0F9
:1010100011E0022018BD936843F0010393602E4A4B
:101020002E4B1268B2FBF3F202EB420200E0521EBA
:101030000092002AFBD102689368DB0742D0036C60
:1010400040F20164A34343F48073036453685B0577
:1010500005D5036C23F4005343F480530364036CFD
:10106000DB0404D5436C23F00603436400E04164D1
:1010700080F83C101A496FF0220313604968006839
:10108000CA06184906D0884224D1816811F0405F11
:1010900013D01FE08842F8D0134A904203D1D1F810
:1010A0000423D206F1D0114A904213D1D1F804138F
:1010B00001F01F011029E8D30CE0816841F0804164
:1010C000816007E0016C41F010010164416C41F066
:1010D00001014164002018BD0C00002040420F00B7
:1010E0000023014000200140002101400022014076
:1010F0002DE9F0410446876D00F06AF9064694F840
:1011000035000025022806D08020606584F8345020
:101110000120BDE8F0812068016821F0160101601E
:101120002068416921F080014161206C08B9A06C00
:1011300020B12068016821F0080101602068016881
:1011400021F0010101600CE000F042F9801B05284C
:1011500007D920206065032084F8350084F83450D6
:10116000D7E720680068C007EED194F85C103F20F4
:101170008840B860012084F8350084F8345000209D
:10118000C7E790F83510022903D08021416501207E
:101190007047052180F835100068016821F00101D1
:1011A000016000207047000070B5044600F010F99F
:1011B0000546601C02D004480078044400F008F999
:1011C000401BA042FAD370BD000000202DE9F84F6B
:1011D000DFF8BCA10022012503264FF00F090AF118
:1011E000040BAAF1040E00BF0B6805FA02F42340B9
:1011F000A34270D10F7907F00307012F01D0022F0E
:1012000016D187684FEA420806FA08FC27EA0C075D
:10121000D1F80CC00CFA08FC4CEA070CC0F808C066
:101220004768A7430C79C4F3001494403C434460DE
:101230000C79E443A4070AD0C4684FEA420C06FACA
:101240000CF7BC438F6807FA0CF72743C7600C798B
:1012500004F00304022C12D1D40800EB840CDCF857
:1012600020405707FF0E09FA07F824EA0804D1F8CE
:10127000108008FA07F848EA0408CCF820800468CF
:101280004FEA420C06FA0CF7BC430F7907F003074C
:1012900007FA0CF7274307604C6814F4403F70D0FE
:1012A0003C4C276847F480472760246822F00307F6
:1012B00004F480440094384C07EB040CDCF8084834
:1012C00097074FEA177809FA08F7BC43334FB8423B
:1012D00002D1002724E054E0314FB84201D1012768
:1012E0001EE0304FB84201D1022719E02E4FB8421C
:1012F00001D1032714E02D4FB84201D104270FE09C
:101300002B4FB84201D105270AE02A4FB84201D13C
:10131000062705E0284FB84201D1072700E008273B
:1013200007FA08F72743CCF80878DAF80040574660
:10133000D1F804C09C435FEACC2C00D51C433C6030
:10134000DBF800405F46D1F804C09C435FEA8C2C78
:1013500000D51C433C60DEF800407746D1F804C05D
:101360009C435FEA8C3C00D51C433C60084F083F1F
:101370003C68D1F804C09C435FEACC3C00D51C43D8
:101380003C60521C102AFFF42FAFBDE8F88F00001C
:10139000083C014044380240003001400000024057
:1013A0000004024000080240000C0240001002400D
:1013B0000014024000180240001C0240006908406E
:1013C00000D0012070470AB1816170470904FBE732
:1013D00001488068704700000000002070B50400DC
:1013E00025D094F83D00002520B984F83C502046D3
:1013F00000F052FA242084F83D002068016821F0B2
:10140000010101602068016841F400410160206829
:10141000016821F40041016000F0AEFB4D4A6168B3
:10142000914201D84C4900E04C49884201D2012048
:1014300070BD4B492368B0FBF1F15E6826F03F06B2
:101440000E435E606368934206D94FF49673594326
:101450004FF47A73B1FBF3F12368491C1E6A26F03E
:101460003F06314319626168914210D84900401E1D
:10147000B0FBF1F2521CC2F30B02042A01D2042089
:1014800022E0B0FBF1F0401CC0F30B001CE0A268AE
:10149000F2B301EBC10303EB0116431EB3FBF6F3FA
:1014A0005B1C43F480431B0549D092B301EBC1029E
:1014B00002EB0111401EB0FBF1F0401CC0F30B0029
:1014C00040F4804040F400402168CA694CF6FF7344
:1014D0009A431043C861D4E90710014320680268A9
:1014E00022F0C00211430160D4E9030101432068E6
:1014F000826848F2FF339A4311438160D4E90501C1
:1015000008432168CA6822F0FF021043C86001E066
:101510000EE016E02068016841F0010101602564D9
:10152000202084F83D00256384F83E50002070BDE3
:1015300001EB4106431EB3FBF6F35B1CB3E701204E
:10154000C2E701EB4101401EB0FBF1F0401CC0F3CB
:101550000B00B7E7A086010080841E0000093D0053
:1015600040420F002DE9FF4F83B09A46DDE9118715
:1015700093460446DDF84090FFF72AFF054694F8AD
:101580003D00202870D1192301227449204600957E
:1015900001F0BEFF0028F5D194F83C00012863D08B
:1015A000012084F83C0020680168C90703D1016864
:1015B00041F0010101602068016821F400610160CF
:1015C000222084F83D00402084F83E000026266456
:1015D000C4F82490A4F82A80608D20856048E062D9
:1015E000CDE9007553465A462046049901F092FE13
:1015F000002879D1208DD0B1012821D0022820687F
:1016000024D0416980690090208D032866D8012884
:101610002BD0544902283B464FF00002009557D08A
:101620008846204601F074FF00285DD13AE020682A
:10163000416981690091016841F4007101607DE0B8
:101640002068016821F480610160F0E7016821F4FD
:10165000806101602068016841F4006101602068D8
:1016600041698069009069E075E02A463946204664
:1016700001F0F4FF88BB54E02068016841F4007178
:10168000016020680069616A0870606A401C6062DD
:10169000218D491E2185618D491E61852168096959
:1016A000017042E02068016821F4806101602068D7
:1016B0000069616A0870606A401C6062208D401E8B
:1016C0002085608D401E60853B4600224146009586
:1016D000204601F01DFF00B9CEE705E02A46394655
:1016E000204601F0BBFF18B1012007B0BDE8F08F24
:1016F00020680069616A0870606A401C6062208D21
:10170000401E81B22185608D401E6085206842693F
:10171000D243520712D4032903D1016821F4806116
:10172000016020680069616A0870606A401C60623C
:10173000208D401E2085608D401E6085208D0028F4
:101740007FF462AF202084F83D0084F83E6084F886
:101750003C600020C9E70220C7E70000020010003B
:101760000000FFFF040001002DE9FF4F83B09A46FF
:10177000DDE9119793460446DDF84080FFF728FE27
:10178000054694F83D0020287FD1192301224049C5
:101790002046009501F0BCFE002876D194F83C006C
:1017A000012872D0012084F83C0020680168C90734
:1017B00003D1016841F0010101602068016821F452
:1017C00000610160212084F83D00402084F83E0043
:1017D00000262664C4F82480A4F82A90608D208511
:1017E0002C48E062CDE9007553465A4620460499DC
:1017F00001F00EFE70B930E02A463946204601F06D
:1018000065FF58B1206C042804D12068016841F4B8
:1018100000710160012007B0BDE8F08F606A2168A7
:1018200000780861606A401C6062218D491E89B29F
:101830002185628D521E628522685369DB435B07F6
:101840000BD469B100781061606A401C6062208D21
:10185000401E2085608D401E6085208D0028CBD1E4
:101860002A463946204601F027FE0028CAD154F8FE
:101870003D0B016841F400710160202004F81E094D
:10188000E67766770020C6E7FFE70220C3E700009F
:10189000020010000000FFFF10B586B004461421BE
:1018A0006846FEF7F6FC14492068884221D11348A7
:1018B0000021026842F002020260006800F00200AB
:1018C00005904FF4406000901220CDE90101032003
:1018D00003900420049069460948FFF777FC074805
:1018E0001030016841F480010160006800F480005C
:1018F000059006B010BD000000580040303802408E
:1019000000040240024881680278114481607047F7
:10191000000000200B4810B5016841F4007101601F
:10192000016841F480610160016841F480710160E7
:10193000032000F06FF80F2000F006F800F024F804
:10194000002010BD003C024070B50D4D04464FF420
:101950007A712878B1FBF0F00A490968B1FBF0F020
:1019600000F012FB48B9102C07D200222146501E6D
:1019700000F030F800206C6070BD012070BD0000E8
:10198000000000200C0000200A4808B5016841F45E
:1019900080410160006800F4804000900548001F0D
:1019A000016841F080510160006800F080500090B3
:1019B00008BD000044380240002809DB00F01F0287
:1019C000012191404009800000F1E020C0F80011A1
:1019D00070470000F0B40E4B1B680C46C3F30223A3
:1019E000C3F10705042D00D90425191D072901D2CB
:1019F000002300E0DB1E012606FA05F1491E214006
:101A000099409E40761E16403143F0BC03F058BC0E
:101A10000CED00E0064900F0070208684FF6FF03EE
:101A2000184040EA0220034A104308607047000053
:101A30000CED00E00000FA052DE9F0470E46050028
:101A400065D0DFF81481D8F80000F7B200F0070085
:101A5000B04207D288F80070D8F8000000F0070004
:101A6000B04254D128683D4C810712D5400703D5B8
:101A7000206840F4E05020602878000703D52068F3
:101A800040F4604020602068A96820F0F00008431E
:101A900020602878C0072DD03049686808390128AF
:101AA00012D0022813D0032811D009688907002911
:101AB0002DDA216821F0030101432160FFF788FC42
:101AC000814641F2883A0EE009688903EFE7096828
:101AD0008901ECE7FFF77CFCA0EB0901514502D935
:101AE0000320BDE8F0872068696800F00C00B0EBC7
:101AF000810FEFD1D8F80010404601F00701B14244
:101B000007D90770006800F00700B04201D001203B
:101B1000E7E72878400705D52068E96820F4E05019
:101B2000084320602878000706D52068296920F43A
:101B3000604040EAC100206000F03EF82168084A99
:101B4000C1F30311515CC8400649086006480068AB
:101B5000FFF7FAFE0020C4E7003C024008380240CC
:101B6000D48700080C000020040000200148006811
:101B7000704700000C00002004480549006809680F
:101B8000044AC1F38221515CC84070470C00002018
:101B900008380240E48700080448054900680968DD
:101BA000044AC1F34231515CC84070470C00002028
:101BB00008380240E4870008154810B5006810F0A6
:101BC0000C02144813D01449042A0FD0082A0ED14D
:101BD0000F4C241F2268236802F03F025B0207D5E6
:101BE0002068C0F38810A0FB010106E0084610BD84
:101BF0002168C1F38811A1FB00010023FEF7E0FA80
:101C00002168C1F30141491C4900B0FBF1F010BD4E
:101C1000083802400024F40040787D012DE9F84F97
:101C200004006ED02078DFF84C93C007A9F10405BA
:101C30004AD009F104000168C1F38101012908D0EB
:101C40000068C0F3810002280AD1D9F800004002E0
:101C500006D52868800337D560680028E1D033E0D6
:101C60006068B0F5803F10D0B0F5A02F286810D084
:101C700020F480302860286820F480202860606884
:101C8000A8B1FFF7A5FB06460DE0286840F48030B8
:101C9000F4E740F480202860F7E700BFFFF798FBE7
:101CA000801B642873D828688003F7D50CE0FFF701
:101CB0008FFB064605E000BFFFF78AFB801B642808
:101CC000F0D828688003F7D42078DFF8AC8280074A
:101CD0004FF0000A3ED5A748001D016811F00C0F17
:101CE00008D00068C0F3810002280BD1D9F80000A9
:101CF000400207D42868800716D5E068012800D183
:101D000012E033E1E068B8B10120C8F80000FFF745
:101D10005FFB064605E000BFFFF75AFB801B022869
:101D2000C0D828688007F7D52868216920F0F80016
:101D300040EAC10028600DE0C8F800A0FFF748FBAA
:101D4000064604E0FFF744FB801B02281FD82868E2
:101D50008007F7D42078000722D5864F874861692D
:101D6000703771B101210160FFF732FB064604E0D4
:101D7000FFF72EFB801B022809D838688007F7D5AB
:101D80000EE0C0F800A0FFF723FB064605E082E066
:101D9000FFF71EFB801B02287DD838688007F7D428
:101DA0002078400768D5DFF8CCB100270BF13C0B59
:101DB000DBF80000C0000BD4DBF8001041F08051CC
:101DC000CBF80010DBF80000012700F080500090F5
:101DD0006B4E3068C00510D4306840F480703060BD
:101DE000FFF7F6FA009005E0FFF7F2FA0099401AC3
:101DF000022850D83068C005F6D55E4EA0686C3613
:101E000001280FD00528306810D020F00100306084
:101E1000306820F004003060A068B8B1FFF7D8FA4D
:101E200000900FE0306840F00100F4E740F004005B
:101E30003060F7E7FFF7CCFA0099411A41F2883099
:101E4000814266D830688007F4D50EE0FFF7C0FA0B
:101E5000009007E0FFF7BCFA0099411A41F2883080
:101E6000814256D830688007F4D42FB1DBF80010D7
:101E700021F08051CBF80010A069C8B33D49091D7D
:101E80000968C1F3810102294AD00228504607D0CF
:101E9000C8F8600000E03CE0FFF79AFA04463BE037
:101EA0004746C8F86000FFF793FA064605E000BF12
:101EB000FFF78EFA801B02282BD828688001F7D400
:101EC000D4E907010843A16A2E4A490802EB0141FF
:101ED000626A41EA8211084394F82C1040EA0161D9
:101EE000C9F8001001203866FFF772FA044606E0D0
:101EF0003EE000BFFFF76CFA001B022809D82868F3
:101F00008001F7D534E000BFFFF762FA001B02281A
:101F100002D90320BDE8F88F28688001F4D427E0B7
:101F20000128F7D0D9F80000E26900F4800191425D
:101F30001CD1226A00F03F01914217D147F6C071CF
:101F4000626A0140B1EB821F10D1A26A4FF0FF33E9
:101F500000F4403103EB5202B1EB024F06D194F88A
:101F60002C1000F07060B0EB016F01D00120D1E7C0
:101F70000020CFE70438024000004742800E47426D
:101F8000007000400000FFFF10B5401EB0F1807FE0
:101F900001D3012010BD4FF0E02460610F216017D4
:101FA00003F08EF90020A06107202061002010BD01
:101FB0007047704710B590F83C20012A22D00122CA
:101FC00080F83C20CA688C6822F4407222434C6836
:101FD00022F4806222430C6822F4006222430C69DE
:101FE00022F4805222434C6922F400522243C969F0
:101FF000002322F480420A4301684A6480F83C309E
:10200000002010BD022010BD70B590F83C20012AC0
:1020100032D0012480F83C40022280F83D20036841
:102020005A689D6822F070060A6832435A60134B62
:1020300002689A4214D0B2F1804F11D0104B9A42EC
:102040000ED0104B9A420BD00F4B9A4208D00F4B38
:102050009A4205D00E4B9A4202D00E4B9A4204D1BE
:10206000496825F080031943916080F83D400021C4
:1020700080F83C10084670BD022070BD0000014091
:102080000004004000080040000C00400004014033
:10209000004001400018004010B5040003D094F83F
:1020A0003D0010B107E0012010BD002084F83C0085
:1020B000204600F01FF8022084F83D00211D206812
:1020C00002F0A4FD012084F8460084F83E0084F864
:1020D0003F0084F8400084F8410084F8420084F80E
:1020E000430084F8440084F8450084F83D00002053
:1020F00010BD000008B5234A01682348914207D16A
:10210000016841F001010160006800F0010014E085
:102110001E4A914207D1016841F002010160006846
:1021200000F0020022E01A4A914208D1016841F40D
:1021300000310160006800F40030009008BD154ACD
:10214000914207D1016841F480210160006800F4E8
:102150008020F2E710488142F0D10B48001F01684F
:1021600041F040010160006800F040000090002252
:1021700001212B20FFF72EFCBDE808402B20FFF7A4
:102180001BBC000000000140443802400004014034
:1021900000440140004801400018004090F83D1004
:1021A000012901D001207047022180F83D1001680B
:1021B000CA6842F00102CA6000681149884214D01E
:1021C000B0F1804F11D00F4988420ED00E4988429D
:1021D0000BD00E49884208D00D49884205D00D49E0
:1021E000884202D00C49884204D1816801F007017D
:1021F000062903D0016841F0010101600020704709
:10220000000001400004004000080040000C0040B5
:1022100000040140004001400018004070B5044631
:1022200090F83C000025012817D0012684F83C6076
:10223000022084F83D002068826822F0770222F4B0
:102240007F4282600868502838D00DDC20284FD0AB
:1022500005DC90B3102811D14AE0022070BD30286F
:1022600046D040280AD13BE060282FD070280DD0FE
:10227000B0F5805F03D0B0F5005F12D0012584F87F
:102280003D60002084F83C00284670BDCB68D1E951
:102290000121206802F033FD2068816841F0770158
:1022A00009E0CB68D1E90121206802F028FD20680F
:1022B000816841F480418160E1E719E0CA684968BA
:1022C000206802F0F1FD5021206806E0CA684968E4
:1022D000206802F0FAFD6021206802F01AFDCEE7C6
:1022E000CA684968206802F0DFFD40212068F4E7F1
:1022F000226801461046F0E72DE9F0410D46040042
:1023000003D094F83D0018B108E00120BDE8F08149
:10231000002084F83C00204600F040F8022084F8B9
:102320003D002068816844F2070291438160211DCD
:10233000206802F06BFC226890689169166A2B682D
:10234000AF69034340F20330814341EA0721A868A3
:10235000EF6908434FF6FC418843E96840EA0720EB
:10236000014328692F6A000140EA07300843696881
:102370006D6926F0AA0646EA05152943936022688E
:10238000906154F8460B0162012004F81F09E075C2
:102390002076E0762077A0750020B7E7F0B587B00B
:1023A000044614216846FDF774FF4349236800245E
:1023B000414810390225414A414EB3F1804F14D0B3
:1023C000404FBB4242D1026842F002020260006804
:1023D00000F002000590086840F0020008600868FC
:1023E00000F002000590302044E0036843F0010350
:1023F0000360006800F001000590086840F00100EB
:102400000860086800F001000590086840F00200CC
:1024100008600868012700F0020005904FF40040B2
:102420000090CDE90154CDE9034769461046FEF717
:10243000CDFE08200090CDE90154CDE9034769465F
:10244000304600BFFEF7C2FE07B0F0BD1E4FBB42D4
:1024500016D1026842F004020260006800F0040035
:102460000590086840F002000860086800F002006B
:102470000590C0200090CDE901546946304618E02F
:10248000124EB342E0D1036843F0080303600068D2
:1024900000F008000590086840F001000860086836
:1024A000694600F00100059003200090CDE9015439
:1024B0001046CDE90345C5E7403802400000024020
:1024C000000402400004004000080040000C0040EE
:1024D00070B590F83E60044690F83F5090F8423056
:1024E00090F84320022021B104290ED0012E1BD1E7
:1024F00014E0012E18D1012B16D184F83E0084F887
:10250000420001220021206820E0012D0CD1012A87
:102510000AD184F83F0084F8430014E0012D03D170
:10252000012B01D1012A01D0012070BD84F83E00A9
:1025300084F83F0084F8420084F84300012200211F
:10254000206802F0CFFB01220421206802F0CAFBC0
:102550002068016841F001010160002070BD7047F2
:102560002DE9F04104460068C66805694FF0000790
:10257000A90713D5B10711D5F91E016101202077F4
:10258000206880698007204602D0FFF7E8FF04E05A
:1025900000F0F8F8204600F09DF92777680716D577
:1025A000700714D521686FF00400086102202077BD
:1025B0002068806910F4407F204602D0FFF7CFFFEB
:1025C00004E000F0DFF8204600F084F927772807C0
:1025D00015D5300713D521686FF008000861042075
:1025E00020772068C0698007204602D0FFF7B7FF38
:1025F00004E000F0C7F8204600F06CF92777E80601
:1026000016D5F00614D521686FF010000861082077
:1026100020772068C06910F4407F204602D0FFF781
:102620009EFF04E000F0AEF8204600F053F9277753
:10263000E80708D0F00706D021686FF001000861B4
:10264000204600F0ADF9280608D5300606D52168E9
:102650006FF0800008612046FFF7AAFC680608D5E5
:10266000700606D521686FF040000861204600F032
:1026700057FBA8060AD5B00608D521686FF02000E0
:1026800008612046BDE8F041FFF793BCBDE8F0814A
:1026900070B586B0044614216846FDF7FAFD24683B
:1026A0002F4D00222F4902232F48AC4211D10C6834
:1026B00044F010040C60096801F0100105914FF41A
:1026C000D4410091CDE901320121CDE903216946D0
:1026D00013E0264E0325B44213D1086840F00400ED
:1026E00008600868694600F0040005904FF47070B7
:1026F0000090CDE901321E482EE0FEF767FD06B0DE
:1027000070BD1C4EB44209D10C6844F010040C603A
:10271000096801F010010591602119E0164E174873
:10272000B44209D10C6844F002040C60096801F05D
:102730000201059181150BE0114EB442DFD10C6806
:1027400044F002040C60096801F002010591711562
:102750000091CDE901326946CDE90325CDE70000BE
:1027600000000140303802400010024000040140E7
:1027700000080240004001400044014000040240C3
:1027800000480140704770B5044690F83C000026B0
:102790000D4601280FD0012084F83C006AB1042ABC
:1027A0001DD0082A2FD00C2A3FD00126002084F803
:1027B0003C00304670BD022070BD206802F0B2FAC5
:1027C0002068816941F0080181612068816921F0F8
:1027D00004018161206881692A69114311E0206840
:1027E00002F0D0FA2068816941F4006181612068BB
:1027F000816921F480618161206881692A6941EAE7
:1028000002218161D2E7206802F0F2FA2068C169F2
:1028100041F00801C1612068C16921F00401C16172
:102820002068C1692A69114311E0206802F014FB95
:102830002068C16941F40061C1612068C16921F467
:102840008061C1612068C1692A6941EA0221C161D0
:10285000ACE710B5040003D094F83D0010B107E0D8
:10286000012010BD002084F83C00204600F01EF836
:10287000022084F83D00211D206802F0C7F90120E4
:1028800084F8460084F83E0084F83F0084F8400055
:1028900084F8410084F8420084F8430084F844003E
:1028A00084F8450084F83D00002010BD08B500689C
:1028B0000649884208D10648016841F48031016028
:1028C000006800F48030009008BD00000040014026
:1028D000443802407047000010B50446022249B156
:1028E00004290ED0082913D094F84100012816D0ED
:1028F000012010BD94F83E000128F9D184F83E2053
:102900000FE094F83F000128F2D184F83F2008E05E
:1029100094F840000128EBD184F8402001E084F8CD
:1029200041200122206802F0DDF916492068164A8C
:10293000884201D0904203D1436C43F40043436486
:102940002068884213D0B0F1804F10D00F498842E0
:102950000DD00F4988420AD00E49884207D09042D4
:1029600005D00D49884202D00C49884204D18168C3
:1029700001F00701062903D0016841F0010101605F
:10298000002010BD00000140000401400004004090
:1029900000080040000C00400040014000180040CA
:1029A0002DE9F05FD4492DED028B006888427DD17E
:1029B000DFF8488300264FF0010A98F8050068B157
:1029C000B8F808000A3080B2A8F80800B8F8061075
:1029D000884203D388F804A0A8F80860FEF70EF92F
:1029E000C64B4433A3F10802111F101D00F052FF23
:1029F00098F80200C24CC34FDFF80C93C34D012876
:102A000042D002287ED003287DD005284ED1D5EDB6
:102A1000020A00BF95ED000A00F084FE00EE100AE5
:102A2000B8EEC00A85ED010AD4ED020A94ED000A61
:102A300000F0B2FE00EE100A44F27400B8EEC00AD4
:102A400084ED010A00F0E2FE97ED010ABDEEC00A36
:102A500010EE103A99ED010ABDEEC00A10EE102AF0
:102A600094ED010ABDEEC00A10EE101A95ED010AB0
:102A7000BDEC028BB1EE400ABDE8F05FBDEEC00ACE
:102A800010EE100A02F02CB898F8030001280DD0BF
:102A90009F48D8ED0B0A90ED000AD8F81C00B8EE5C
:102AA000C01A71EE601A01EE100A00E07DE0B8EE87
:102AB000C11AF4EEC11AF1EE10FA10D2B8EEC01A33
:102AC000404271EE601A01EE100AB8EEC11AF4EE3F
:102AD000C11AF1EE10FA02DD88F800A001E088F8D2
:102AE0000060DFF830B2D8ED0C1AD8F820009BED6A
:102AF000001AB8EEC12A72EE612A02EE100AB8EE90
:102B0000C22A01E066E0C5E0F4EEC22AF1EE10FA56
:102B100014D2B8EEC11A404271EE611A01EE100AE9
:102B2000B8EEC11AF4EEC11AF1EE10FA06DD88F81B
:102B300001A098F8000001282BD001E088F801607E
:102B4000B8EEC00A01F096FBB0EE408A9BED000A99
:102B5000D8ED0C0AB8EEC00A01F0F2FBF0EE408AA4
:102B600098ED031ADFED6C0AB0EE480A05F0BFFBE2
:102B700098ED041AB0EE408AB0EE680AF1EE410A10
:102B800005F0B5FB98F80000DFED640A012810D0CD
:102B900011E000231A461946184601F0A1FF88F8F3
:102BA000006088F8016088F803A0BDEC028BBDE8E6
:102BB000F09FB0EE608A98F80100012801D1B0EED4
:102BC000600AF1EE480A70EEC00A30EE480AC5ED20
:102BD000020A8DE0D8F8240095ED060AD5ED020A28
:102BE00001EE900A30EE601AF8EEE11AB4EEE11A46
:102BF000F1EE10FA11D2404201EE900AF8EEE11A1D
:102C0000B4EEE11AF1EE10FA07DD00231A46194678
:102C1000184601F065FF02205BE0FDEEE00A10EED1
:102C2000900A01F091FE00EE100AB8EEC00A85EDA0
:102C3000010A94ED020ABDEEC00A10EE100A94EDEE
:102C4000060A01F0B5FE00EE100AB8EEC00A84EDE7
:102C5000010A98ED051A95ED010AF1EE410A05F019
:102C600046FB85ED010A98ED051A94ED010AF1EE97
:102C7000410A05F03CFB84ED010A95EC020A00F0E4
:102C800051FD00EE100AB8EEC00A85ED010A94EC81
:102C9000020ACDE698F80300032886D098ED0F0AC3
:102CA000D8ED0D0A98ED0A1A70EE601AF4EEC11A0A
:102CB000F1EE10FA10D2B1EE411AF4EEC11AF1EEB3
:102CC00010FA09DD00231A461946184601F008FFDC
:102CD000032088F8030068E702F014F998ED061A5B
:102CE000F1EE410A05F003FBF1EE400AC5ED020AE0
:102CF00084ED020A8EE60000001800401401002056
:102D000040120020781200205C12002024120020C3
:102D10003800002010010020CDCCCCBE0000000007
:102D20007047704770470000F8B5016804460868AE
:102D3000CA684B6910F00F0F4FF0000559D003F02F
:102D4000010602F49077374365D0C10705D0D1055D
:102D500003D5616C41F001016164410705D5D907D4
:102D600003D0616C41F002016164810705D5D90788
:102D700003D0616C41F004016164010707D502F0E2
:102D80002001314303D0616C41F008016164616C42
:102D900000293AD0800604D5900602D5204602F0DC
:102DA000F4F820684069616CC0F38010090700D412
:102DB00060B3204602F0C2F820684069400621D581
:102DC0002068143050E8001F21F0400140E8001254
:102DD000002AF5D1E06BA8B16E490165E06BFEF702
:102DE000D0F9002811D0E06B016D01B0BDE8F040D2
:102DF000084783060FD593060DD52046BDE8F84059
:102E000002F0C3B82046FFF78DFFF8BD2046FFF75C
:102E100089FF6564F8BD266B2023012E7DD1C6068F
:102E20007BD5D60679D508684868009048694FF088
:102E30000206400641D5E16B086840680004000CBA
:102E4000E8D0A28D8242E5D9E085C869B0F5807FDF
:102E50002DD020680C3050E8001F21F4807140E82C
:102E60000012002AF5D12068143050E8001F21F02C
:102E7000010140E80012002AF5D12068143050E822
:102E8000001F21F0400140E80012002AF5D184F82B
:102E90004230256320680C3050E8001F21F01001FB
:102EA00040E80012002AF5D1E06BFEF721F96663D5
:102EB000A08DE18D401A81B22AE0A08DE18D401AEB
:102EC00081B2E08D0028A5D00029A3D022680C3261
:102ED00052E8000F20F4907042E80007002FF5D16F
:102EE0002068143050E8002F22F0010240E800274B
:102EF000002FF5D184F84230256320680C3050E86B
:102F0000002F22F0100240E80023002BF5D1666369
:102F10002046FFF706FFF8BDFFE705062BD515068F
:102F200029D594F841002128F5D1A068B0F5805F3B
:102F300001D12069B0B1206A411C2162216800786A
:102F40004860E08C401E0004000CE084E3D120685F
:102F5000C16821F08001C1602068C16841F0400172
:102F6000C160D8E7206A0088C0F308004860206A82
:102F7000801C2062E5E74006CDD55006CBD5CA6857
:102F8000204622F04002CA6084F8413000F0A0F9E7
:102F9000C1E700002D4F000870B5040004D094F87C
:102FA0004100002510B106E0012070BD84F84050BA
:102FB000204600F023F8242084F841002068C168EE
:102FC00021F40051C160204602F040F820680169F8
:102FD00021F4904101612068416921F02A01416199
:102FE0002068C16841F40051C1606564202084F804
:102FF000410084F842006563002070BDF0B587B0E1
:10300000044614216846FDF744F93D4A266800212C
:103010003C48022303240725964222D1394A143220
:10302000166846F010061660126802F0100205924B
:10303000026842F001020260006802AA00F001008A
:10304000059082E832006002CDE9000369462E480F
:10305000FEF7BCF8002201212520FEF7BBFC25204D
:1030600024E0284A294F1032BE4223D1166846F484
:1030700000361660126802F400320592026842F0CF
:1030800008020260006802AE00F00800059086E8C1
:1030900032006020CDE9000369461D48FEF796F82E
:1030A000002211462620FEF795FC2620FEF784FC20
:1030B00007B0F0BD174FBE42FAD1166846F480261D
:1030C0001660126802F480220592026842F004023F
:1030D0000260006802AE00F00400059086E832004D
:1030E0004FF44060CDE9000369460B48FEF76EF8E7
:1030F000002211462720FEF76DFC2720D6E70000AE
:1031000000100140303802400000024000440040FE
:10311000000C0240004800400008024090F8423095
:10312000202B01D00220704721B11AB10023036384
:1031300002F012B801207047F0B4364C002201238F
:103140003549A04222D10846CD7844793DB1836803
:10315000324E581C012D06D0022D0BD00EE02B2C28
:103160000CD1CB700AE00D2C01D0F4540CE00220FD
:10317000C87003E00A2CCA7005D08A602649012273
:10318000491D244840E0F2548860F7E7244CA042EF
:103190001ED1087890B9204C0879A47910B1012883
:1031A00004D00BE0572C09D10B7107E01A481D4ED3
:1031B000C068451C4C2C06D03454CD601649012201
:1031C000891D174820E00A713254CD600B70F5E775
:1031D000154CA0421BD14878002818D1134C08691F
:1031E000CD792554401C0861204410F8014C0A2C6C
:1031F00006D110F8024C0D2C02D100F8022C4B70B5
:10320000054901220848C91DF0BCFFF787BFF0BC83
:10321000704700002405002010000020FC0500205D
:103220006C050020FC090020B4050020FC0D0020E6
:103230002DE9F843044690F84100984616460D469D
:10324000202802D00220BDE8F88385B17EB100209D
:103250006064212084F84100FEF7BAF8A684814614
:10326000E684A0682027B0F5805F02D003E001204B
:10327000E9E7206910B12E4600250EE000260CE09B
:103280008021204601F0A6FFA8B9C6B116F8010BAF
:1032900021684860E08C401EE084E08C4B464FF093
:1032A0000002CDF800800028EAD14FF0400120460E
:1032B00001F090FF40B184F841700320C3E735F876
:1032C000020BC0F30800E3E784F841700020BAE77E
:1032D00070470000024940F6E44008607047000073
:1032E00038040140FEE701684A69D24352050FD411
:1032F0006FF480624A61002140F8301F202242733F
:103300008173026942F00402026101730120704777
:10331000002070472DE9F84F0446006889460B9D50
:1033200001689846174641F4806101602068016891
:1033300041F48071016000954FF0011B0022594655
:1033400020460A9B00F0E4F84FF4007A40B1206870
:103350000068C00501D5C4F840A00320BDE8F88F7F
:10336000216809F0FE0008612B46284920460A9A88
:1033700000F016F9F0BB20684169806900902A4688
:1033800020460A9900F0A2F940B1206C04283AD1F5
:103390002068016841F40071016034E0FEB2B8F1C8
:1033A000010F09D02168380A08612A4620460A9987
:1033B00000F08CF90028E8D1206806612A462046F2
:1033C0000A9900F083F90028DFD12068016841F4F0
:1033D0008071016000950022594620460A9B00F04A
:1033E00097F80028B3D1216809F0FF0040F00100F0
:1033F000086100E007E02B46044920460A9A00F0E5
:10340000CFF80028AAD00120A8E7000002000100A0
:103410002DE9F843044600680D46DDE90897016888
:103420009846164641F4807101604B4600224FF0E9
:1034300001112046009700F06BF848B12068006841
:10344000C00502D54FF4007020640320BDE8F88366
:10345000216805F0FE0008613B464A4615492046B2
:1034600000F09EF888B920684169806900903A466A
:103470004946204600F02AF948B1206C042804D1BE
:103480002068016841F4007101600120DEE7F5B2B7
:10349000B8F1010F09D02168300A08613A4649465F
:1034A000204600F013F90028E7D1206805610020CC
:1034B000CCE700000200010070B516460D46044638
:1034C0001EE02046FFF70FFF08B1012070BD681C09
:1034D00016D0FDF77DFF801BA84200D885B9206873
:1034E0004069C04340070BD5002044F8300F20212D
:1034F0006173A073216941F0200121612073E4E729
:1035000020684069C0434007DBD4002070BD000044
:103510002DE9F047984617460D460446C1F3074685
:10352000DDF820902AE000BFB8F1FF3F26D0FDF77C
:103530004FFFA0EB0901414502D8B8F1000F1DD1A2
:103540002068012E16D0806925EA00000004000CD6
:1035500012D00020B84211D1002044F8300F2021B1
:103560006173A073216941F0200121612073012062
:10357000BDE8F0874069E7E70120EBE72068012E0E
:103580000AD0806925EA00000004000C06D0002063
:10359000B842C9D00020EBE74069F3E70120F7E724
:1035A0002DE9F047984616460D4604464FF00009AF
:1035B0004FF0200AC1F3074723E020684069C04369
:1035C000400515D42068016841F40071016021684C
:1035D0006FF480604861C4F8309084F83DA084F8AE
:1035E0003E90216C41F00401216484F83C9021E07C
:1035F000701C06D0FDF7ECFEA0EB0800B04203D82B
:1036000016B1012F1FD021E02068012F15D080694D
:1036100025EA00000004000C18D000BF44F8309FD9
:1036200084F80DA084F80E90216941F020012161F9
:1036300084F80C900120BDE8F087406925EA00007D
:103640000004000CEAD12068406901E0206880692C
:1036500025EA00000004000CAFD1ECE72DE9F041B1
:10366000002590460E460446202728E04069C043C6
:10367000C0060CD454F8301B6FF01000486144F8B9
:1036800010596777A577206A2062257714E0FDF747
:103690009FFEA0EB0800B04200D886B920684069C0
:1036A000C04340060BD544F8305F6773A5732069AB
:1036B00040F02000206125730120BDE8F0812068E2
:1036C0004169C9434906D1D40020F6E770B51646D2
:1036D0000D4604461EE02046FFF705FE08B1012016
:1036E00070BD681C16D0FDF773FE801BA84200D881
:1036F00085B920684069C04300060BD5002044F816
:10370000300F20216173A073216941F020012161F4
:103710002073E4E720684069C0430006DBD4002042
:1037200070BD0000174830EEC00AA0F18001D0ED56
:103730000B0A91ED011A144A70EE600A60EE810ADC
:1037400091ED021A41EE000A90ED0A1A70EE810A1C
:1037500010EE901AC0ED0A0A914203DDDFED0B0A6C
:10376000C0ED0A0A10EE901A094A914203D9DFED22
:10377000090AC0ED0A0A80ED0B0ABDEEE00A10EE60
:10378000100A7047BC00002000408346004083467A
:10379000004083C6004083C6174830EEC00AA0F13F
:1037A0008001D0ED0E0A91ED011A144A70EE600A04
:1037B00060EE810A91ED021A41EE000A90ED0D1AB9
:1037C00070EE810A10EE901AC0ED0D0A914203DDF1
:1037D000DFED0B0AC0ED0D0A10EE901A094A914276
:1037E00003D9DFED090AC0ED0D0A80ED0E0ABDEE2A
:1037F000E00A10EE100A7047BC000020004083462B
:1038000000408346004083C6004083C600EE900A15
:1038100041421F4AB8EEE01A00EE901A00B592ED50
:10382000010AF8EEE00A04F062FD00EE900A82ED73
:10383000010A174AB8EEE01A00EE901A1C3292ED17
:10384000010AF8EEE00A04F052FD00EE900A82ED63
:10385000010A0F4AB8EEE01A00EE901A383292EDE3
:10386000010AF8EEE00A04F042FD00EE900A82ED53
:10387000010A074AB8EEE01A00EE901A543292EDAF
:10388000010AF8EEE00A04F032FD82ED010A00BD03
:1038900024120020F0B50F462DED0C8B8DB00446A0
:1038A0000CA906A81D461646CDE90001F7EE00BAA0
:1038B0000BAB02AA09A907A802F09AFC28B14FF0A5
:1038C000FF300DB0BDEC0C8BF0BDBDF81800C0058D
:1038D0007ED59DED020AF8EEC00A9FED4A0AB0EED1
:1038E00000CA60EE809ADDED030AF8EEE00A69EEA8
:1038F0008CCA20EE808ADDED040AF8EEE00A60EE64
:10390000808ADDED050AF8EEE00A20EE809AB8EE36
:10391000000A28EE00BA2BEE090A0CEEA80A10EEF7
:10392000100AFCF780FD41EC100B01F0D9FC9FED73
:1039300036AB51EC100B53EC1A2BFCF7F1FCFCF7F7
:1039400085FD2BEE080A28EE8CDA20600DEE680A61
:1039500030EE2B0A10EE100AFCF765FD2DEE090A79
:1039600041EC1B0B0CEE880A10EE100AFCF75BFD15
:1039700041EC100BB0EE4B1AF0EE6B1A01F0CCFFDD
:1039800053EC1A2B51EC100BFCF7CAFCFCF75EFD54
:1039900029EEA90A386008EE080A08EEE80A09EEDE
:1039A000490A10EE100AFCF73EFD29EE890A41ECA7
:1039B0001B0B08EE280A20EE0C0A10EE100AFCF78A
:1039C00032FD41EC100BB0EE4B1AF0EE6B1A00E03A
:1039D00016E001F0A1FF53EC1A2B51EC100BFCF791
:1039E0009FFCFCF733FD3060BDF92000DFED080AD5
:1039F00000EE100AB8EEC00A80EE201A85ED001A1B
:103A000000205EE7000080306666666666A64C4071
:103A10006F12834138B5684603F04AFD10B14FF08C
:103A2000FF3038BD782004F0C9FA10B16FF0010002
:103A300038BD782003F068FC10B16FF0020038BD8B
:103A4000642004F06FFA10B16FF0030038BD02F08B
:103A5000C5FB10B16FF0040038BD1948044603F0EF
:103A600015FA0546E01C03F011FA45EAC005A01D51
:103A700003F00CFA45EA801080B202F063FD10B149
:103A80006FF0050038BD40F2731002F07FFA10B1FC
:103A90006FF0060038BD642002F0BCFC10B16FF07E
:103AA000070038BD04F03EFB10B16FF0080038BDD0
:103AB000012004F033F90028F9D06FF0090038BD77
:103AC000A00100207FB500241B48009401940294BB
:103AD00018490394016001254FF480310561C0E964
:103AE0000114047680F8205014494562C0E90A1494
:103AF0000226C661C46080F830404561FDF7C9F90F
:103B000008B1FDF779F80A20CDE90005694602946D
:103B10000948FDF715F908B1FDF76EF80B20CDE95E
:103B2000000669460448FDF70BF9002801D0FDF7AF
:103B300063F87FBD00200140B80100200100000FA4
:103B40002DE9F04786B014216846FCF7A2FB3E48F9
:103B50000024016841F010010160016801F01001CA
:103B60000591016841F080010160016801F0800168
:103B70000591016841F004010160016801F0040150
:103B80000591016841F001010160016801F0010146
:103B90000591016841F002010160016801F0020134
:103BA0000591016841F0080101600068DFF89CA000
:103BB00000F00800059000224FF488515046FDF7B0
:103BC00002FC012291025046FDF7FDFBDFF88080E8
:103BD0004FF4F046002231464046FDF7F4FBDFF893
:103BE00074904FF48077002239464846FDF7EBFB8E
:103BF0004FF4A85000900125CDE901546946504684
:103C00000394FDF7E3FAE8038DE831006946504676
:103C1000FDF7DCFA0096CDE901546946404603946D
:103C2000FDF7D4FA0097CDE901546946484603945C
:103C3000FDF7CCFACDE90054694650460294FDF7F1
:103C4000C5FA06B0BDE8F0873038024000100240E7
:103C5000000C0240000002400D4810B50B49016005
:103C60000C49416000214FF480428160C0E9031299
:103C700041618161C1610162FDF7B0FB002803D0A1
:103C8000BDE81040FCF7B8BF10BD00000058004070
:103C900000020020A086010010B588B01C216846F3
:103CA000FCF7F7FA154814490024C0E9001444F25F
:103CB0009F11C0E90241802104618161FEF7ECF9A6
:103CC00008B1FCF799FF0D48FEF7C3FD08B1FCF7FA
:103CD00093FF6020CDE90004029400226946074862
:103CE0000494FEF750FD08B1FCF786FF0348FEF789
:103CF000CFFC08B010BD0000004401404C0400207F
:103D000010B588B01C216846FCF7C3FA1548144961
:103D10000024C0E9001444F29F11C0E9024180214F
:103D200004618161FEF7B8F908B1FCF765FF0D4841
:103D3000FEF78FFD08B1FCF75FFF6020CDE90004BE
:103D400002940022694607480494FEF71CFD08B15E
:103D5000FCF752FF0348FEF79BFC08B010BD0000C3
:103D600000480140940400201FB500211148009133
:103D7000019102910E4A039102605322C0E9012190
:103D800042F20F72C0E9032180218161FEF784F9BC
:103D900008B1FCF731FF4FF48050009069460548A8
:103DA000FEF73CFA002801D0FCF726FF1FBD0000FB
:103DB00000180040DC04002010B596B000240F94D9
:103DC00010941194129413941C2168461494FCF7D7
:103DD00060FA202107A8FCF75CFA34483249C0E9B0
:103DE000001444F29F11C0E9024180210461C0E93E
:103DF0000541FEF751F908B1FCF7FEFE4FF4805083
:103E00000F900FA92948FEF709FA08B1FCF7F4FE54
:103E10002648FEF71EFD08B1FCF7EEFE139413A929
:103E200022481494FEF7F0F808B1FCF7E5FE602094
:103E3000CDE9000402940394049405940022694699
:103E40001A480694FEF79FFC08B1FCF7D5FE042241
:103E500069461648FEF797FC08B1FCF7CDFE08222C
:103E600069461248FEF78FFC08B1FCF7C5FE0C222C
:103E700069460E48FEF787FC08B1FCF7BDFE0794C3
:103E8000089409944FF400500A94CDE90B4007A917
:103E900006480E94FEF78EF808B1FCF7ADFE034815
:103EA000FEF7F6FB16B010BD0000014054020020E2
:103EB00010B58CB024216846FCF7EBF900241648B5
:103EC00009944FF080410A94C0E900144FF6FF7145
:103ED000C0E90241046184610320CDE900040120AE
:103EE000CDE902040F210491CDE90540CDE9074158
:103EF00069460948FEF700FA08B1FCF77DFE09940F
:103F000009A905480A94FEF77FF8002801D0FCF7BC
:103F100073FE0CB010BD00009C02002010B58CB0E8
:103F200024216846FCF7B5F9002416480994144981
:103F30000A94C0E900144FF6FF71C0E90241046120
:103F400084610320CDE900040120CDE902040F21A2
:103F50000491CDE90540CDE9074169460948FEF7DE
:103F6000CBF908B1FCF748FE099409A905480A9461
:103F7000FEF74AF8002801D0FCF73EFE0CB010BD59
:103F800000040040E402002010B58CB024216846F3
:103F9000FCF77FF900241648099414490A94C0E9F3
:103FA00000144FF6FF71C0E90241046184610320EF
:103FB000CDE900040120CDE902040F210491CDE9EF
:103FC0000540CDE9074169460948FEF795F908B172
:103FD000FCF712FE099409A905480A94FEF714F8A3
:103FE000002801D0FCF708FE0CB010BD000800400E
:103FF0002C03002010B58CB024216846FCF749F949
:1040000000241648099414490A94C0E900144FF694
:10401000FF71C0E90241046184610320CDE900041D
:104020000120CDE902040F210491CDE90540CDE93D
:10403000074169460948FEF75FF908B1FCF7DCFD66
:10404000099409A905480A94FDF7DEFF002801D06C
:10405000FCF7D2FD0CB010BD000C00407403002032
:1040600010B596B000240F941094119412941394E8
:104070001C2168461494FCF70CF9202107A8FCF7D2
:1040800008F93548334901605321C0E9011444F669
:104090002061C0E903148021C0E90541FDF7FCFF60
:1040A00008B1FCF7A9FD4FF480500F900FA92A48E2
:1040B000FEF7B4F808B1FCF79FFD2748FEF7C9FBEF
:1040C00008B1FCF799FD139413A923481494FDF744
:1040D0009BFF08B1FCF790FD6020CDE9000402943D
:1040E000039404940594002269461B480694FEF745
:1040F0004AFB08B1FCF780FD042269461648FEF72A
:1041000042FB08B1FCF778FD082269461248FEF729
:104110003AFB08B1FCF770FD0C2269460E48FEF729
:1041200032FB08B1FCF768FD0794089409944FF43A
:1041300000500A94CDE90B4007A907480E94FDF7FB
:1041400039FF08B1FCF758FD0348FEF7A1FA16B095
:1041500010BD000000040140BC03002010B588B071
:104160001C216846FCF795F8164815490024C0E95B
:10417000001444F29F11C0E9024180210461816171
:10418000FEF767FB08B1FCF737FD6020CDE90004BE
:104190000294002269460B480494FEF7F4FA08B131
:1041A000FCF72AFD042269460648FEF7ECFA08B13E
:1041B000FCF722FD0348FEF76BFA08B010BD0000C3
:1041C00000400140040400200C4810B50A49016079
:1041D0004FF4E1314160002181600C22C160C0E9EF
:1041E00004128161C161FEF7D7FE002803D0BDE84B
:1041F0001040FCF701BD10BD001001402405002057
:104200000C4810B50A4901604FF416514160002175
:1042100081600C22C160C0E904128161C161FEF7B6
:10422000BBFE002803D0BDE81040FCF7E5BC10BD84
:10423000004400406C0500200C4810B50A4901609C
:104240004FF4E1314160002181600C22C160C0E97E
:1042500004128161C161FEF79FFE002803D0BDE812
:104260001040FCF7C9BC10BD00480040B405002058
:10427000FEE7000010B52B4C2DED028BF0EE608AAE
:104280002078B0EE408A10B1012819D01CE094EDDE
:10429000090AB8EEC00AB4EEC08AF1EE10FA0CDDDD
:1042A000206AFCF7AFF89FED200B53EC102BFCF7C6
:1042B00037F8FCF7CBF8A06206E09FED1D0A01E09D
:1042C0009FED1C0A84ED0A0A38EEC80A9FED1A1AFF
:1042D00084ED0F0AD4ED110A30EE800ADFED170AE3
:1042E00084ED110A04F003F8B0EE401A84ED111ABF
:1042F00094ED0A0AD4ED0F0AD4ED0B1A20EE200A31
:1043000001EE810A94ED121AD4ED0C1A30EEC11AA6
:1043100001EEC10A84ED100AC4ED120ABDEC028B55
:1043200010BD00003C0000202D431CEBE2363A3F5C
:1043300017B7D139F4FDD43BCDCC4C3ECDCC4CBEDF
:104340001348017879B990ED091AB8EEC11AB4EEA4
:10435000C10AF1EE10FA02DD9FED0E1A01E09FEDA9
:104360000E1A80ED0D1A70EEC00AC0ED130A90ED22
:104370000D0A90ED141AD0ED0E1A20EE200A30EE40
:10438000C11A01EEC10A80ED150AC0ED140A70478A
:104390003C00002017B7513917B7D138FEE70000AD
:1043A00030B40021084B0A465FF0000003EBC00464
:1043B000401CC0B262548028F8D3491CC9B20829F5
:1043C000F2D330BC00F0DAB8F812002030B1012886
:1043D00007D100215FF0A70000F0A0B90021A620BE
:1043E000FAE7704710B500218D2000F097F9002101
:1043F000102000F093F90021BDE81040AE2000F03D
:104400008DB910B558B1012810D10021C02000F09D
:1044100085F90021A020BDE8104000F07FB90021FF
:10442000C82000F07BF90021A120F4E710BD0000B6
:1044300030B5CC0801F0070301259D40EBB2064DD5
:1044400005EBC005C808285C0AB1184302E063EA1E
:104450000000C043285530BDF812002070B5424D11
:104460004FF48054002221462846FCF7ACFFC820B8
:10447000FCF79AFE012221462846FCF7A4FF002102
:10448000AE2000F04BF90021084600F047F900216A
:10449000102000F043F90021402000F03FF90021F6
:1044A000812000F03BF90021CF2000F037F90021F6
:1044B000A12000F033F90021C82000F02FF90021DD
:1044C000A62000F02BF90021A82000F027F90021F8
:1044D0003F2000F023F90021D32000F01FF9002134
:1044E000084600F01BF90021D52000F017F9002143
:1044F000802000F013F90021D92000F00FF90021ED
:10450000F12000F00BF90021DA2000F007F900217A
:10451000122000F003F90021DB2000F0FFF8002159
:10452000402000F0FBF80021202000F0F7F80021E7
:10453000022000F0F3F800218D2000F0EFF80021B8
:10454000142000F0EBF80021A42000F0E7F800218F
:10455000A62000F0E3F8FFF723FFBDE8704000213C
:10456000AF2000F0DBB80000000C02400246012042
:1045700000E05043491EC9B2FBD2704770B5114EDE
:10458000002400BF04F1B000C0B2002100F0C6F862
:104590000021084600F0C2F80021102000F0BEF80B
:1045A0005FF0000506EBC5000121005D00F0B6F8E4
:1045B0006D1CEDB2802DF5D3641CE4B2082CE1D360
:1045C00070BD0000F81200202DE9FC4F1C460E467D
:1045D00082468B460190082B0ED0600700D0012048
:1045E00000EBD400610810FB01F0C0B28146203A14
:1045F000D0B2009000204AE00620F7E7082C12D045
:104600000C2C17D0102C1AD0182C43D10098234909
:1046100000EBC00001EB8001002711F80850E8070B
:1046200012D00B9A13E000981D4900EB400001EBFB
:104630004001F1E700981B4900EB4000EAE71A4906
:10464000009801EB0011E7E70B9828B300223146F0
:104650005046FFF7EDFE761C7F1C6D08FFB2F6B2E8
:10466000082FDCD30AF1010000F0FF0A082C0AD061
:104670000199AAEB0100B0EB540F04D10BF1080033
:104680008A4600F0FF0B08F101005E46C0B280468A
:104690004845B3D3BDE8FC8F0122D8E7C2A000088B
:1046A000369400085E960008D29A00082DE9F84F6B
:1046B0000025DDE90A691F4692468B468046082E92
:1046C00000D1022500241CE0381B401EC1B20A2084
:1046D000FFF74CFFBAFBF0F00A21B0FBF1F201FB4F
:1046E0001200CDF8009080B13030C2B205EB560117
:1046F00001FB0480C0B233465946FFF765FF641CD6
:10470000E4B2BC42E0D3BDE8F88F05EB560101FBF3
:104710000480C0B233463022EEE700002DE9F047B6
:10472000184E05464FF4006909B1012200E000224D
:1047300049463046FCF747FE00244FF400584FF43A
:104740008047002239463046FCF73DFE280601D559
:10475000012200E0002241463046FCF734FE0122EF
:1047600039463046FCF72FFE6806641C050EE4B29D
:10477000082CE6D349463046BDE8F0470122FCF755
:1047800022BE0000000C0240044B4FF4807108B1BF
:10479000012200E000221846FCF715BE001002407E
:1047A000044B4FF4806108B1012200E0002218465A
:1047B000FCF709BE00100240044B4FF4805108B1D1
:1047C000012200E000221846FCF7FDBD0010024067
:1047D0002DE9F047334881785A294FD1C278012119
:1047E00021EA020482460346D2430930C2F3401C48
:1047F0004474C2F3C0048474C2F30014C47280F819
:1048000009C0C2F3801880F80C80C2F3C017A1461B
:1048100087721C79A1438171E143C1F340040472A2
:10482000C1F380044471C1F3C004C471C1F3001624
:10483000C1F34015C673C1F3801445730474C1F30A
:10484000C01181739AF80130412B19D05146732B56
:1048500014D1C2F34003C374C2F380020275CA7953
:10486000803AC2700A7AD243803202714A79803A21
:1048700042709AF80610C94380318170BDE8F08714
:10488000ACEB0702C2EBC212C270A9EB0802C2EB8A
:10489000C212691A0271C1EBC1114170311BC1EB27
:1048A000C111EAE7C812002070B50026044635465B
:1048B000E00700D00120FFF77FFF64080120FFF729
:1048C00063FF322001F036FB0020FFF75DFF760822
:1048D00000F012F846EAC010C6B2322001F02AFBFE
:1048E0000120FFF751FF322001F024FB6D1C082D41
:1048F000DEDB304670BD00004FF400410148FCF79C
:104900005DBD00000010024070B50020FFF748FFB9
:104910000120FFF7C9FF0A4D28704220FFF7C4FFAE
:1049200068700224FF20FFF7BFFF2855641C092C84
:10493000F8DB0120FFF734FFBDE87040FFF748BF08
:10494000C81200207047000000EE900A154800B51C
:10495000F8EEE00A9FED141A70EEC01A90ED1B0AF3
:10496000DFED120A30EE210A80ED1B0A03F0BFFCD6
:1049700080ED1B0AD0ED030A90ED041A60EEA10A47
:1049800041EE000A90ED1C0A90ED051AC0ED1C1ACC
:1049900031EEC00A41EE000ABDEEE00A10EE100A48
:1049A00000BD00003C00002000007A4400007AC4F2
:1049B00000EE900A164800B5F8EEE00A9FED151AD1
:1049C00070EEC01A90ED1F0ADFED130A30EE210AD7
:1049D00080ED1F0A03F08BFC80ED1F0AD0ED030A67
:1049E00090ED041A0A4960EEA10A803141EE000AF6
:1049F00091ED000A90ED051AC1ED001A31EEC00AE2
:104A000041EE000ABDEEE00A10EE100A00BD000003
:104A10003C00002000007A4400007AC400210228F3
:104A200007D003280BD004280BD005280BD000207A
:104A300070474FF08042506A516200B27047044A9A
:104A400002E0044A00E0044A1068116000B27047B6
:104A50002404004024080040240C004010B551EC10
:104A6000100B2DED068BB0EE438AF0EE629AB0EE9D
:104A700042AAB0EE619AF0EE418AFBF7E7FCBDEE88
:104A8000CA0A134910EE102ABDEEE90A0860C1ED0A
:104A9000018A10EE103A81ED059AC1E9022381EDF9
:104AA000048A9900514300EE101A0A49B8EEC00A70
:104AB00081ED000A9FED080A28EE000A81ED010A47
:104AC0008860C1ED038A81ED049ABDEC068B10BDB0
:104AD0000C12002024000020DB0F4940704700002A
:104AE00070B5154D154E44F2A014002803DA2C6061
:104AF0002044306002E03460201A28601048002909
:104B000003DA44632144816302E08463611A4163F0
:104B10000C48002A03DA44631119816302E08463BC
:104B2000A11A4163002B03DA04641919C16370BD33
:104B3000C463E11A016470BD34480140344401404B
:104B40000040014000000140FCF7DCBE30B593B0EE
:104B500030216846FBF79DFB14210CA8FBF799FB5D
:104B60001D480025016841F080510160006800F097
:104B7000805011901948016841F48041016000683B
:104B8000022400F480401190012003901020009432
:104B900006940490CDE907504FF4A870CDE90904BC
:104BA00004200B906846FDF739F808B172B6FEE7AD
:104BB0000CA90F2081E831004FF4A0500F904FF462
:104BC0008050109005210CA8FCF736FF002801D07A
:104BD00072B6FEE713B030BD4038024000700040AE
:104BE0000248016841F470010160704788ED00E0FF
:104BF00010B50448FDF7B4FCBDE810400248FDF7CD
:104C0000AFBC0000BC030020DC040020F0B502684B
:104C1000294C2A4D2A4E2B4F2B4B4FF0804CA04253
:104C200009D0604507D0A84205D0B04203D0B842B1
:104C300001D0984204D122F0700E4A6842EA0E0276
:104C4000A0421BD0604519D0A84217D0B04215D061
:104C5000B84213D0984211D01C4DA8420ED01C4D22
:104C6000A8420BD01B4DA84208D01B4DA84205D02E
:104C70001A4DA84202D01A4DA84203D122F4407521
:104C8000CA682A434D6922F080022A4302608A687A
:104C9000C2620A688262A04201D0984201D10969C9
:104CA0000163012141610169C90703D0016921F054
:104CB00001010161F0BD000000000140000400405E
:104CC00000080040000C004000040140004001408A
:104CD000004401400048014000180040001C004012
:104CE0000020004010B501F01F030121046A994023
:104CF0008C430462016A9A401143016210BD10B5F1
:104D0000846842EA032224F47F440A4322438260F7
:104D100010BD826822F070020A4342F007018160F0
:104D200070470000F0B5036A026A22F001020262D5
:104D300042688469124E24F073050C682C4323F0FA
:104D400002058B682B430D4DA84201D0B04205D11E
:104D500023F00807CB683B4323F00403A84201D0AB
:104D6000B04205D14D6922F4407215438A692A4345
:104D700042608461496841630362F0BD0000014004
:104D800000040140F0B5026A036A23F010030362D5
:104D9000436884690D6824F4E64444EA05248D6878
:104DA00022F0200242EA05120F4D104EA84201D017
:104DB000B04206D1CF6822F0800242EA071222F008
:104DC0004002A84201D0B04207D14D6923F44063AC
:104DD00043EA85038D6943EA85034360846149683A
:104DE00081630262F0BD0000000001400004014048
:104DF000F0B5026A036A23F4807303624368C469EE
:104E000022F4007224F073050C68124E2C438D6856
:104E100042EA05220E4DA84201D0B04206D1CF6829
:104E200022F4006242EA072222F48062A84201D002
:104E3000B04207D14D6923F4405343EA05138D690D
:104E400043EA05134360C4614968C1630262F0BD6F
:104E5000000001400004014030B5046A026A22F4F7
:104E6000805202624268C3690D6823F4E64343EA54
:104E700005238D6824F4005444EA0534084DA84203
:104E800002D0084DA84204D14D6922F4804242EA82
:104E900085124260C36149680164046230BD00004C
:104EA000000001400004014010B5036A046A24F0C8
:104EB00001040462846924F0F00444EA021423F03B
:104EC0000A020A438461026210BD10B5036A046AD3
:104ED00024F010040462846923F0A00324F47044D5
:104EE00044EA023243EA01118261016210BD00000E
:104EF000034940F6B83008606420FCF755B900005B
:104F000038040140084870EEC00A90ED060A90EDA2
:104F1000171AD0ED071A20EE200A30EEC11AC0EDA4
:104F2000170A01EE810A70473C00002010B5806B23
:104F30000021C185C184FDF7F5FE10BD01680C316B
:104F400051E8002F22F4907241E80023002BF5D1A4
:104F50000168143151E8002F22F0010241E80023DA
:104F6000002BF5D1016B012909D101680C3151E801
:104F7000002F22F0100241E80023002BF5D1202160
:104F800080F8421000210163704708B590F8421084
:104F9000222901D0022008BD82684FF480539A4232
:104FA00001D1016921B1816A9A421BD04AB10AE05C
:104FB0000268816A5268C2F308020A80816A891C09
:104FC00008E0026972B10268526802F07F020A705A
:104FD000816A491C8162C18D491E0904090CC18581
:104FE00003D01BE002685268F1E70168CA6822F04A
:104FF0002002CA600168CA6822F48072CA6001682F
:105000004A6922F001024A61202180F84210002101
:105010004163026B012A03D0FEF78EF8002008BD21
:10502000016301680C3151E8002F22F0100241E8C1
:105030000023002BF5D101680A68D20602D50A6860
:1050400049680091818DFDF76CFEE7E770B5044675
:1050500000680169E26821F440511143016121694E
:10506000A068E26908436169114308432168CA687E
:1050700049F20C639A430243CA6020684169A269FD
:1050800021F440711143416131492068884202D0C6
:105090003049884202D1FCF77FFD01E0FCF76CFD4E
:1050A000E2690023192164253226B2F5004F6268B7
:1050B00028D0A0FB0101930F9200FBF781F8014675
:1050C000B0FBF5F06FF01802504301EB800006EBE7
:1050D0000010B0FBF5F000F0F002B1FBF5F002EBD0
:1050E0000012B1FBF5F06FF01803584301EB80009C
:1050F00006EB0010B0FBF5F000F00F002168104443
:10510000886070BDA0FB010192185B41FBF758F865
:105110000146B0FBF5F00201B1FBF5F06FF01803AA
:10512000584301EB800006EBC000B0FBF5F000F047
:10513000F80002EB4002B1FBF5F0584301EB8000B0
:1051400006EBC000B0FBF5F000F00700D6E700006A
:10515000001001400014014081628285C285002157
:105160004164222180F84210016921B10168CA68B6
:1051700042F48072CA6001684A6942F001024A61E1
:105180000068C16841F02001C16000207047000044
:1051900001B50C484FF6FF738078012807D002282C
:1051A00009D003280CD101226946074806E00122F4
:1051B0006946064802E0012269460548FEF738F8CC
:1051C00008BD000010000020B405002024050020C8
:1051D0006C0500202DE9F843984617460D46044615
:1051E000089E24E0701C22D0FCF7F2F8A0EB080027
:1051F000B0421AD8CEB12068C168490717D5802DB2
:1052000015D0402D13D00168C94309070FD4016898
:105210000025406800902046FFF790FE082060645B
:1052200084F840500120BDE8F8830320FBE72068A4
:10523000006835EA000004D00020B842D2D0002037
:10524000F1E70120F9E700000148FDF76DBD00001E
:10525000240500200148FDF767BD00006C05002013
:105260000148FDF761BD0000B4050020FEE7000025
:105270000FB4054B10B503A9044A029800F00AFDCB
:1052800010BC5DF814FB0000DD680008B0010020D0
:1052900003B401984100009850EAC12018BF0420CF
:1052A0004A0D18BF40F0010040F2FF72B2EB515FAF
:1052B00008BF40F00200012808BF052002B0704777
:1052C0000907090E002804DB00F1E02080F8001433
:1052D000704700F00F0000F1E02080F8141D7047C7
:1052E00070B5C1482DED020B2DED0E8B82B0119DD6
:1052F00025F000449FEDBEDB9FEDBFEB84423EDB1B
:10530000A4F140511098A1F17F6108430FD0BC482F
:10531000844202DC28D1109830B39DED100B02B00E
:10532000BDEC0E8B02B0BDE8704000F069BC9DED95
:10533000100B53EC1D2B51EC100BFAF7F1FF9DED08
:10534000100B41EC180B53EC1E2B51EC100BFAF721
:10535000E7FF53EC182BFBF75EF941EC100B02B0A2
:10536000BDEC0E8B02B070BD012000F08DFC02B0D0
:10537000BDEC0E8B02B0BDE8704000F055BCA148FA
:105380009FEDA18B844256DA9DED100BB4F1795F4D
:105390000ADA51EC100BFFF77BFF042808BF00F07E
:1053A00053FC9DED100BDAE753EC102B51EC100B76
:1053B000FAF7B6FF41EC190B95480621B0EE490A01
:1053C000F0EE690A784400F09FFB53EC192B51EC86
:1053D000100BFAF7A5FF41EC1A0B8E48B0EE490A04
:1053E000F0EE690A0421784400F08EFB53EC192B8F
:1053F00051EC100BFAF794FF53EC182BFBF70BF959
:1054000041EC100B51EC1A0B53EC102BFBF7AAF9E3
:10541000CDE900019DED000B53EC102B9DED100B21
:1054200051EC100BFAF77CFF9DED101B53EC112B88
:10543000FBF7F1F8D2E09DED100B51EC100B01F0F1
:1054400041FA53EC182BFBF78AF99FED730BCDE96A
:10545000000153EC102B9DED000B51EC100BFAF7F3
:105460005FFF41EC190B6E480621B0EE490AF0EEE1
:10547000690A784400F048FB53EC192B51EC100BEF
:10548000FAF74EFF41EC1B0B6648B0EE490AF0EE0E
:10549000690A0421784400F037FB53EC192B51ECD6
:1054A000100BFAF73DFF53EC182BFBF7B4F841EC67
:1054B0001C0B51EC190B02F0E3FE41EC180B5A489F
:1054C0009FED5BABA04222DC53EC1C2B51EC1B0B81
:1054D000FBF748F9CDE900019DED000B51EC180BED
:1054E00053EC102BFAF71CFF53EC182BFBF793F837
:1054F00053EC1A2BFAF714FF53EC1D2BFBF72CF986
:1055000053EC1E2BFBF72BF941EC100B5FE08DEDFC
:10551000008B002000909DED000B51EC180B53EC1C
:10552000102BFBF778F89DED000B41EC1E0B53ECB4
:10553000102B51EC100BFAF7F3FE53EC192BFBF781
:105540000EF953EC1E2BFBF70DF941EC190B53EC44
:105550001C2B51EC1B0BFBF705F941EC1B0B53EC1F
:105560001A2B51EC190BFAF7DBFE53EC1D2BFBF752
:10557000F6F841EC190B53EC1A2B51EC180BFAF717
:10558000CFFE53EC1B2BFAF7CBFE53EC192BFBF79A
:10559000E3F89DED000B41EC180B53EC1A2B51EC8A
:1055A000100BFAF7BDFE9FED249B53EC192BFBF774
:1055B000D6F841EC100B51EC180B53EC102BFBF709
:1055C000CBF853EC192BFBF7CAF841EC100B002D6C
:1055D0003FF7C5AE51EC100B81F0004141EC100BD0
:1055E000BDE60000000000000000F03F00000000E9
:1055F000075C143326A6913C182D4454FB21F93F37
:105600000000F07F0000E03F000000000000F03FDD
:10561000805E00008E5E0000000000000000E03FA1
:10562000D25D0000E05D00003333EF3F000000007A
:105630000000000000000040182D4454FB21E93F09
:1056400070B59B482DED020B2DED068B079D25F0C7
:105650000044A04218DC9748844202DC0AD1069834
:1056600040B19DED060BBDEC068B02B0BDE870406D
:1056700000F0C6BA002DCCBF9FED8F0B9FED900BB5
:10568000BDEC068B02B070BD8F48A04215DD8F487F
:10569000A042D8BF4FF0FF3458DD9DED060B51EC12
:1056A000100BFFF7F5FD042808BF00F0CDFA9DEDC3
:1056B000060BBDEC068B02B070BD9DED060B51ECE8
:1056C000100B01F0FFF8CDE9060181489FED828BB8
:1056D000A0423CDD8248A0421FDD00249FED82AB4A
:1056E0009DED060B53EC1A2B51EC100BFAF793FFC0
:1056F0009DED060B41EC190B53EC1A2B51EC100BE2
:10570000FAF70EFE53EC182BFBF726F853EC192B87
:10571000FBF728F8CDE9060149E09DED060B0124D1
:1057200053EC182B51EC100BFAF775FF9DED060B9F
:1057300041EC190B53EC182B51EC100BFBF70CF848
:1057400053EC192BFBF70EF8CDE906012FE0684862
:10575000A0421FDD02249FED689B9DED060B53ECDC
:10576000192B51EC100BFAF7DBFD53EC182BFAF761
:1057700052FF9DED060B41EC180B53EC192B51EC2D
:10578000100BFAF7E9FF53EC182BFAF7EBFFCDE912
:1057900006010CE09DED060B032453EC102B9FED4E
:1057A000580B51EC100BFAF7DDFFCDE906019DED2A
:1057B000060B53EC102B51EC100BFAF7B1FD41EC3A
:1057C000180B53EC182BFAF7ABFD41EC190B4E48B4
:1057D0000621B0EE490AF0EE690A784400F094F927
:1057E00053EC182B51EC100BFAF79AFD41EC180B07
:1057F0004648B0EE490AF0EE690A0521784400F007
:1058000083F953EC192B51EC100BFAF789FD41EC9D
:10581000100B51EC180B53EC102B002C0EDAFAF78E
:10582000FAFE9DED061B53EC112BFAF779FD9DED69
:10583000061B53EC112BFAF792FF35E0FAF7EBFE5B
:105840009DED061B53EC112BFAF76AFD41EC100B92
:105850002F48784400EBC40090ED001B51EC100B76
:1058600053EC112BFAF778FF9DED061B53EC112B2F
:10587000FAF772FF41EC100B2648784400EBC400A5
:1058800090ED001B51EC100B53EC112BFAF767FF56
:1058900041EC100B002DA2BFBDEC068B02B070BD19
:1058A00051EC100B81F0004141EC100B01E70000BE
:1058B000000010440000F07F182D4454FB21F93FF4
:1058C000182D4454FB21F9BF0000DC3F0000203EAE
:1058D0000000F33F00000000000000000000F03F67
:1058E0000000E63F00000000000000000000004053
:1058F0000080034000000000000000000000F83FAE
:10590000000000000000F0BF225B0000D85A000039
:10591000625A00001A5A000070B56B4E2DED040B50
:105920002DED028B82B0DDF81CC0DDE905235C4261
:105930002CF000411C4341EAD474049D22F0004045
:10594000B44205D86C422C4340EAD474B4420BD91B
:105950009DED061B9DED040B02B0BDEC028B04B067
:10596000BDE8704000F056B9ACF14054A4F17F643A
:105970001C430BD0022404EAAC7444EAD2740543FD
:105980009FED538B9FED542B07D015E09DED040B3D
:1059900051EC100B00F0B8FA42E0002C11BF012CC2
:1059A0009DED040B02B0BDEC028B04BF04B070BDD2
:1059B000022C38D0032C3BD00B439FED491B9FEDAD
:1059C0004A0B0AD0B14218D1B04209D121F080412E
:1059D00020F08040079105900FE0002A15DA10E0D2
:1059E000434B7B44002C08BF93ED000B0DD0012CE2
:1059F00010D0022C17D0032C1AD0B0421DD1002A8F
:105A000003DAB0EE410AF0EE610A02B0BDEC028B9F
:105A100004B070BD93ED000B51EC100B81F0004110
:105A200041EC100BF1E7B0EE480AF0EE680AECE743
:105A3000B0EE420AF0EE620AE7E7401A00153C2891
:105A4000C8BF8DED000B19DCBCF1000FBEBF10F11B
:105A50003C0F9FED290B8DED000B0FDB9DED060B31
:105A600053EC102B9DED040B51EC100BFAF77AFE62
:105A700000F028FF00F048FACDE90001002C08BF33
:105A80009DED000BC1D0012C10D0022C9FED1C0B02
:105A900053EC102B9DED000B51EC100B0DD0FAF7D1
:105AA0005BFE53EC182BFAF757FEB9E7019880F02C
:105AB000004001909DED000BA7E7FAF74DFE53EC77
:105AC000182BFAF74CFEABE70000F07F0000000057
:105AD000182D4454FB210940182D4454FB2109C0C2
:105AE000182D4454FB21F9BF182D4454FB21F93FD4
:105AF0004A59000000000000000000000000000003
:105B0000075C143326A6A13C70B504462DED028B2C
:105B10004D1E00EBC500B0EE408AF0EE608A90EDBD
:105B2000000B35F0060017D053EC182B51EC100B7E
:105B3000FAF7F6FB41EC100B6D1E04EBC50090ED7F
:105B4000001B51EC100B53EC112BFAF764FD41ECE8
:105B5000100B35F00600E7D1022D36D0042D1CD0F5
:105B6000062D1CBFBDEC028B70BD53EC182B51EC05
:105B7000100BFAF7D5FB94ED0A1B53EC112BFAF737
:105B80004AFD53EC182BFAF7CBFB94ED081B53ECB2
:105B9000112BFAF740FD41EC100B53EC182B51EC94
:105BA000100BFAF7BDFB94ED061B53EC112BFAF723
:105BB00032FD53EC182BFAF7B3FB94ED040B53ECC6
:105BC000102BFAF728FD41EC100B53EC182B51EC7D
:105BD000100BFAF7A5FB94ED021B53EC112BFAF70F
:105BE0001AFD53EC182BFAF79BFB94ED001B53ECBA
:105BF000112BFAF710FDBDEC028B41EC100B70BDC0
:105C000010B553EC102B51EC100BFAF704FD41ECDE
:105C1000100B10BD10B553EC112B51EC100BFAF713
:105C2000FAFC41EC100B10BD9FED050B10B553ECC9
:105C3000102B51EC100BFAF795FD41EC100B10BD39
:105C400000000000000000009FED050B10B553ECB4
:105C5000102B51EC100BFAF763FB41EC100B10BD4D
:105C6000000000000000001002E008C8121F08C178
:105C7000002AFAD170477047002001E001C1121FCD
:105C8000002AFBD1704700000149086070470000FE
:105C9000B40100202DE9FF4F8BB09A460F46054610
:105CA000002606E025280BD052460D9990476D1C22
:105CB000761C28780028F5D10FB03046BDE8F08F6B
:105CC0000024A0460122604900E0044315F8013F8A
:105CD000203B02FA03F00842F7D128782E2817D18A
:105CE00015F8010F44F004042A280ED06FF02F029B
:105CF0002878A0F1300109290AD808EB880102EBC5
:105D0000410100EB01086D1CF2E757F8048B6D1C94
:105D1000287869283ED006DC0028CDD063280BD037
:105D2000642804D136E0732810D075284BD0524631
:105D30000D999047761C85E017F8040B8DF800004C
:105D400000208DF80100E946012003E057F8049B8C
:105D50004FF0FF3061074FF0000401D40AE0641CEB
:105D600044450DDA8442FADB19F804100029F6D113
:105D700006E0641C8442FCDB19F804100029F8D109
:105D8000264404E019F8010B52460D999047641E11
:105D9000F8D257E001CF4FF00A0B002802DA404258
:105DA0002D2102E0210504D52B218DF8241001219D
:105DB00003E0E10705D02021F7E70DF12009089164
:105DC0000CE00021F9E701CF4FF00A0BF9E7594643
:105DD000FAF758FB01F1300209F8012D0028F6D13D
:105DE000ADEB090000F1200B600701D44FF0010872
:105DF000D84502DDA8EB0B0000E00020804600241F
:105E000006E009A85246005D0D999047641C761C77
:105E100008988442F5DB04E0302052460D99904703
:105E2000761CB8F10001A8F10108F5DC05E019F8CD
:105E3000010B52460D999047761CBBF10001ABF166
:105E4000010BF4DC6D1C34E709280100FEB50646A1
:105E50000D460024684600F047FD00229FED1B1A06
:105E60006B46012156F8227055F82200381A00D5E9
:105E7000404200EE100A03EB8200B8EEC00AD0EDFB
:105E8000000A20EE010AF5EEC00AF1EE10FA0DD07C
:105E9000C0EE201AB7EE000A0D4F31EEC00AB0EE88
:105EA000C00A10EE100AB84207DC09E010EE100A32
:105EB000084F3844084FB84202D301FA02F00443B5
:105EC000521C032ACEDB2046FEBD000000008037B6
:105ED000295C0F3E666666C19A99D90010B50378B1
:105EE000002101222D2B01D14A1E401C6FF02F04EE
:105EF000037833B101EB810104EB41011944401CEB
:105F0000F6E701FB02F010BD10B541EC100BFFF7F6
:105F100097FB51EC100B10BD054940F6746008600A
:105F2000091D40F6AC500860C820FBF73DB90000E1
:105F30003C04014010B50446FBF718FE0349B0FBD2
:105F4000F1F16143491EFDD210BD000040787D0192
:105F500008B560B120208DF8000028208DF80100E0
:105F600030208DF8020038208DF8030004E0A322D1
:105F700004216846FAF786F96A46042140F69E2015
:105F800002F08AF801F09AFC08BD00003EB5044614
:105F900002208DF80000CA208DF80100E3208DF862
:105FA000020009208DF803006A460421682002F0EF
:105FB00073F8A3208DF80000610609D5C0218DF883
:105FC0000110C8218DF80210C2218DF8031005E0E0
:105FD0008DF801008DF802008DF8030014F4C07FE5
:105FE00009D0C4218DF80410CC218DF80510C621EC
:105FF0008DF8061005E08DF804008DF805008DF889
:1060000006008DF808008DF807008DF809006A4633
:106010000A2140F6A72002F03FF8A0074FF0D8056C
:1060200003D020208DF8000001E08DF800506A4672
:10603000012140F6B62002F02FF8A00601D501207C
:1060400000E0002000F08EF814F4C07F1ED0E005C0
:106050000AD5B2208DF800008B208DF80100B62003
:106060008DF802009B2009E0B0208DF80000802010
:106070008DF80100B4208DF8020090208DF8030007
:106080006A46042140F6A22002F006F8E1074FF428
:106090000B6022D0F8218DF800106A46012101F032
:1060A000FBFFFA21072000F03DFB072000F008FB72
:1060B000012000F025FB642000F0E4FB4FF4FA70AF
:1060C00000F0F0FBC821254800F0C2FA282000F0BB
:1060D000D7FA0A2000F0E4FA05E08DF800506A468D
:1060E000012101F0D9FFA00703D5D9208DF80000C8
:1060F00001E08DF800506A46012140F23D7001F048
:10610000CBFF600701D5012000E0002000F048F837
:10611000E00601D5012000E00020FFF719FF104D37
:1061200044F00800688101F0C9FB0020A8736006F4
:1061300001D50620A87314F4C07F02D0A87B801D6F
:10614000A87314F0140F02D0A87B1030A873A00716
:1061500002D0A87B001DA87300203EBD09E3CA023F
:10616000E81200200EB54FF4976310B106A107C9DD
:1061700001E008A207CA8DE807006A46092118460F
:1061800001F08AFF0EBD0000B8AAB38DB4980D359A
:106190005D000000B8AAAAAAB088C3C5C700000065
:1061A00008B560B1C0208DF80000C2208DF8010054
:1061B000C4208DF80200C6208DF8030004E08B2275
:1061C00004216846FAF75EF86A46042140F69820F2
:1061D00001F062FF01F072FB08BD0000C8234FF41C
:1061E0008062024940F6F63001F00CBA408800089F
:1061F0002DE9FF4F89B01746DDE9165200244E4EB7
:10620000884681462C80A246B07B694601F0BCFAE4
:106210004FF0FF3B18B158460DB0BDE8F08F7089C4
:1062200010F0140F3ED0009909BA21F0FF029DF83A
:1062300003100A433A6001999DF8073009BA21F02A
:10624000FF0119437960029B9DF80B401BBA23F0B4
:10625000FF032343BB60039C121424BA24F0FF0CF9
:106260009DF80F4009144CEA040C1024C7F80CC028
:106270001B144FEA2C4712FB02F211FB012113FB06
:1062800003F217FB07221144A1F17061B1F1007F05
:1062900004D901F013FBA5F800A0BCE7298841F45C
:1062A000807129804206694611D50A19A41D1388F8
:1062B0005BBAA8F8003053885BBAA8F8023092881D
:1062C00052BAA8F804202A8842F008022A8010F462
:1062D000C07F11D00A19A41D13885BBAA9F8003039
:1062E00053885BBAA9F80230928852BAA9F8042000
:1062F0002A8842F070022A80800716D00C44E07889
:1063000000F0C00500F03F016078C00706D0C80863
:1063100001F007013268491C02B19047607800071C
:1063200003D5716809B1A8098847FBF751F80C99A2
:106330000860002070E70000E81200202DE9FF410E
:10634000044603A801F028F8BDF80C00410CC30373
:1063500000BF2F48028902F00300550754F82000BF
:1063600000D54042C2F3C105960654F8255000D529
:106370006D42C2F38116D20554F8264000D564421E
:10638000A0FB0367C21702FB037200FB012082001F
:1063900042EA9670A5FB0367EA1702FB037205FB4E
:1063A0000122950045EA9672A4FB0367E51705FBF9
:1063B000037304FB01318B0043EA9671030E8DF8E1
:1063C0000030030C8DF80130030A8DF802308DF88F
:1063D0000300100E8DF80400100C8DF80500100A53
:1063E0008DF80600080E8DF80800080C8DF80900DD
:1063F000080A8DF80A008DF807208DF80B106A4600
:106400000C214FF4257001F047FE04B0BDE8F08187
:10641000E812002030B5044613A285B007CA8DE803
:1064200007004FF0FF35C82C16D8C820B0FBF4F198
:10643000491E080A8DF80C008DF80D1003AA0221E0
:1064400040F2162001F028FE30B96A460C2140F6D1
:10645000C12001F021FE10B1284605B030BD05482D
:1064600084810020F9E70000FEF2ABC4AAF1DFDF6F
:10647000BBAFDFDFE8120020F8B53049098901F031
:10648000030250F822404A0700D56442C1F3C1021A
:106490008B0650F8222000D55242C1F3811350F8E8
:1064A0002330C80500D55B42254984FB01408500A7
:1064B00045EA947082FB0142A40F44EA820483FB04
:1064C0000121950F45EA8105010E8DF80010010CA0
:1064D0008DF80110010A8DF802108DF803006A464C
:1064E00004214FF4747001F0D7FD4FF0FF3688B9E6
:1064F000200E8DF80000200C8DF80100200A8DF888
:1065000002008DF803406A4604214FF4757001F0D3
:10651000C3FD08B13046F8BD280E8DF80000280CE8
:106520008DF80100280A8DF802008DF803506A46A4
:1065300004214FF4767001F0AFFDF8BDE8120020A1
:1065400009E3CA022DE9FF4104463CA004F003031D
:10655000006802903AA0006803903AA006683AA04A
:10656000056802A8C15C8DF80010C4F3C101425C4B
:106570008DF80120C4F38112805C8DF8020003A81D
:10658000C35C8DF80430415C8DF80510805C8DF89B
:1065900006006A46032140F2264001F07DFD4FF0DF
:1065A000FF37E0BB01AA032140F22A4001F074FD4D
:1065B000A8BBCDE9006560070BD59DF8000040F051
:1065C00001008DF800009DF8040040F001008DF8F6
:1065D0000400A0060BD59DF8010040F001008DF8E5
:1065E00001009DF8050040F001008DF80500E00570
:1065F0000BD59DF8020040F001008DF802009DF8D7
:10660000060040F001008DF806006A4603214FF4B1
:10661000886001F041FD10B901AA032100E004E007
:1066200040F2314001F038FD18B1384604B0BDE801
:10663000F081064804810020F8E700004CCD6C0092
:106640000CC92C003656760026466600E81200205B
:106650004FF47A7290FBF2F008B54843010E8DF8C2
:106660000010010C8DF80110010A8DF802108DF850
:1066700003006A4604214FF4AE7001F00DFD08BD21
:106680000521B0FBF1F008B5010A8DF800108DF876
:1066900001006A4602214FF4AD7001F0FDFC08BD17
:1066A0000521B0FBF1F008B5010A8DF800108DF856
:1066B00001006A4602214FF4AC7001F0EDFC08BD08
:1066C00008B500218DF80010C10702D030218DF8E7
:1066D0000010810705D59DF8001041F00C018DF8E0
:1066E0000010400705D59DF8000040F003008DF82C
:1066F00000006A4601214FF4A47001F0CDFC08BDF2
:1067000008B560B1042800D90420401E8DF80000AF
:106710006A46012140F24F1001F0BEFC08BD012085
:10672000F3E7000070B504462DED028B82B0400700
:106730004FF0FF357ED0B1F5C86F7BD800EE101A50
:10674000B8EE400ADFED460A01A880EE208A00F08C
:1067500005FE9DF80400022806D0042810D0082861
:1067600035D0102874D13EE09FED3E0A28EE000A95
:10677000BCEEC00A10EE100A9FED3B0A82B20AE09E
:106780009FED3A0A28EE000ABCEEC00A10EE100A8D
:106790009FED370A82B228EE000A6E46BCEEC00AB0
:1067A00010EE100A81B2100A8DF800008DF8012059
:1067B000080A8DF802008DF80310E00726D0324653
:1067C00002214FF4EA7001F067FC98BB17E09FEDDF
:1067D000290A28EE000ABCEEC00A10EE100A9FED4E
:1067E000260A82B2D7E79FED250A28EE000ABCEE02
:1067F000C00A10EE100A9FED220A82B2CBE7B21C4B
:1068000002214FF4927001F047FC98B9A0070DD512
:106810006A4602214FF4EC7001F03EFC50B9B21C04
:1068200002214FF4947001F037FC18B9600714D5B9
:106830006A4600E00CE002214FF4EE7001F02CFCFF
:1068400030B9B21C02214FF4967001F025FC20B142
:10685000284602B0BDEC028B70BD0020F9E70000B5
:10686000000048430000804600004046000000460B
:106870000000C04500008045000040450000004584
:106880000000C0440521B0FBF1F008B5010A8DF805
:1068900000108DF801006A4602214FF4EF7001F0FC
:1068A000FBFB08BD0521B0FBF1F008B5010A8DF82E
:1068B00000108DF801006A4602214FF4ED7001F0DE
:1068C000EBFB08BD82B0CDE9000121F00040019052
:1068D0009DED000B02B051EC100B704710B5044653
:1068E000FEF756FC204610BD10B586B004464FF4A6
:1068F0008072042104A88DE80700274801230D2297
:10690000406801782548FAF72DFE10B1072006B03F
:1069100010BD9DF810101C2000EAD1029DF8131044
:10692000DFED1F0AC1F301131A438DF80C209DF807
:106930001120C1F3810300EAD2021A438DF80D2021
:106940009DF8122001F0030100EAD20008439FEDF8
:10695000151A9FED150A8DF80E00002103AA505C50
:10696000002804EB810002D080ED001A08E0C0EDA1
:10697000000A0BE0D0ED001A61EE801AC0ED001A9B
:10698000535C5B1E13F0FF035354F3D1491CC9B28F
:106990000329E4D30020BAE774010020000200209C
:1069A000000000007B14AE3E1D5A843F2DE9F04FDD
:1069B00087B04FF0010A0C4605468DF80CA04FF049
:1069C00000080DF10C098DF80D804FF4807602213E
:1069D0004846DFF8C4B38DE84300DBF80010DBF86D
:1069E000040017464A7D01785346EC48FAF7BCFE8E
:1069F00000287DD1C820FAF7D7FB00208DF80C00C5
:106A0000B046CDF80090CDE901A8DBF800005E4665
:106A10000123427CDBF804000178E048FAF7A4FE89
:106A20000028E6D1C346D046CA46CDE900A8CDF835
:106A300008B031687068B1464A7901780123D748B7
:106A4000FAF792FE0028D4D103A9CDE90018CDF8B9
:106A500008B0D9F80010D9F804005E464A7D0178E4
:106A6000CA460123CD48FAF77FFE0028C1D1C146AE
:106A70000DF10C08B34642468DE8040ADAF800002E
:106A800056460123827EDAF804000178C348FAF7FB
:106A90006BFE0028ADD1CA46C1468DE8000E3068B5
:106AA0000123027970680178BC48FAF75DFE00287E
:106AB0009FD10C208DF80C00CDF80090CDE901ABF2
:106AC0003068D8460123027970680178B348FAF734
:106AD0004BFE00288DD10F20FAF766FBB06A407A92
:106AE0008DF80C00CDF80090CDE901A8306800E0E9
:106AF00097E08278706801230178A848FAF734FE9D
:106B000000288ED1B06A0123007A8DF80C00CDF8F0
:106B10000090CDE901A830684278706801789F48FC
:106B2000FAF722FE00287CD1B06A807A0FB140F0DB
:106B3000E0008DF80C00CDF80090CDE901A8306898
:106B400001238279706801789448FAF70DFE0028D5
:106B500067D127B1B06AC07A40F0E00000E01820A9
:106B60008DF80C00CDF80090CDE901A8316870686F
:106B7000CB46CA79017801238848FAF7F5FD002849
:106B800071D117B1C820FAF70FFB40208DF80C0027
:106B90004746CDF800B0CDE901A73068D146D846C8
:106BA00002797068012301787C48FAF7DDFDC0BBEB
:106BB00078208DF80C00CDF80080CDE90197306881
:106BC00001234279706801787448FAF7CDFD40BB23
:106BD0003220FAF7E9FA4FF0000ABB468DF80CA014
:106BE00047468DE8800A3068012342797068017851
:106BF0006A48FAF7B9FDA0B9D94602200097CDE955
:106C0000010931687068BB460A7B0178B0460123F0
:106C10006248FAF7A7FC20B9BDF80C000C2140BA75
:106C200000E020E0B0FBF1F0C5F808A0C5F804A032
:106C3000C5F800A0C4F808A0C4F804A0C6B2002794
:106C4000C4F800A040E00C21CDF800B0CDE9011956
:106C5000D8F80010D8F8040001234A7B01784F4887
:106C6000FAF780FC20B14FF0FF3007B0BDE8F08F9D
:106C7000BDF80C00236840BA01B2BDF80E001944FB
:106C800040BA02B2BDF810002160616840BA1144F8
:106C90006160A16800B20844A060BDF812002B68D2
:106CA00040BA02B2BDF81400BDF816101A442A60AA
:106CB00040BA6A6800B21044686049BAA86809B26C
:106CC00008447F1CFFB2A860B742BCD32868832267
:106CD000C117090441EA104100040023F9F7A1FAA1
:106CE00032460023F9F79DFA286068688322C117AD
:106CF000090441EA104100040023F9F792FA3246F0
:106D00000023F9F78EFA6860A8688322C117090486
:106D100041EA104100040023F9F783FA32460023C8
:106D2000F9F77FFAA86020684FF40065C1170904DD
:106D300041EA104100042A460023F9F772FA32466C
:106D40000023F9F76EFA206060682A46C11709042B
:106D500041EA104100040023F9F763FA32460023A8
:106D6000F9F75FFA6060A0682A46C117090441EA92
:106D7000104100040023F9F754FA32460023F9F7D2
:106D800050FAA060002802DDA0F5803001E000F597
:106D90008030A060002068E774010020000200201D
:106DA0002DE9FF410E46074603AD4FF480700321E5
:106DB0000095CDE901102F480024012340680D22E1
:106DC00001782D48FAF7CEFB18B1072004B0BDE8D2
:106DD000F0819DF80C009FED291A00F01F008DF83E
:106DE0000C009DF80D0000F01F008DF80D009DF8BF
:106DF0000E0000F01F008DF80E0000205FF0010271
:106E000057F8201056F82030C91A00D5494200EE34
:106E1000101A295CB8EEC00A60EE010AD1B1B3EED7
:106E2000090ADFED171A01E020EE210AC9B2491E56
:106E300011F0FF012954F7D1C0EE801AB7EE000A15
:106E4000104B31EEC00AB0EEC00A10EE101A994293
:106E500007DC09E010EE901A0B4B1944B1F1D97F11
:106E600002D902FA00F10C43401C0328C8DB20467B
:106E7000ACE7000074010020000200200000803711
:106E800054E3853F295C0F3E0000E0BE90F90010FE
:106E9000002902DD4FF00000704702DA4FF00400D5
:106EA000704790F90110002902DD4FF00100704792
:106EB00002DA4FF00500704790F90200002802DD69
:106EC0004FF00200704702DA4FF0060070474FF0B3
:106ED0000700704710B501210648FAF76FFA064916
:106EE000C87010B90A79012A00D000228A7008718E
:106EF00010BD0000001002406D0100202DED028B3E
:106F0000FAF708FDFDF722FEFCF71AFEFDF75CF923
:106F1000FDF776F9FCF7CCFFFDF700F8FDF734F844
:106F2000FDF768F8FCF748FFFDF79AF8FDF716F94A
:106F3000FCF7B2FEFCF7E4FEFCF716FFFCF78CFE54
:106F4000FDF77AF9FCF7BEFD0021C548FBF7C0FA52
:106F50000421C348FBF7BCFA0021C248FBF7B8FA8A
:106F60000421C048FBF7B4FA0021BF48FBF7B0FA90
:106F70000421BD48FBF7ACFA0021BC48FBF7A8FA96
:106F80000421BA48FBF7A4FA0021B948FBF7A4FC96
:106F90000421B748FBF7A0FC0821B548FBF79CFC8F
:106FA0000C21B348FBF798FC0021B248FBF794FC96
:106FB0000421B048FBF790FC0021AF48FBF78CFCA4
:106FC0000021AE48FBF788FC0021AD48FBF784FCAC
:106FD0000421AB48FBF780FC0821A948FBF77CFCA7
:106FE0000C21A748FBF778FCFDF738FA0020FDF7E5
:106FF00008FA0020FDF7EAF99FEDA23ADFEDA22A98
:10700000B3EE0E2A9FEDA11AF0EE411A9FEDA00BF0
:10701000FDF724FD9FEDA00AA048092480ED000A99
:10702000FCF7F8FC08B30A20F9F7AEFD641EF7D2AE
:1070300001229B499B48FCF771F89B48FBF7AEF88F
:10704000002427460226FEF767FFFCF743F9974D19
:10705000F9F72CFDFFF73EFF28780128F8D1FDF75E
:10706000C1F9FDF751FC924D18E06420F9F78CFD51
:10707000DEE700BFFDF748FC87B1012FFAD1DFF84A
:1070800034A28D4FDFF834824FF000097F2400BF17
:107090008AF800906879012874D0A1E0A87C0128C2
:1070A00003D101276420F9F76FFD24B3012C31D0FF
:1070B000022C36D0032C3BD0042C40D0052C45D0DC
:1070C000062C4AD0072C4FD0082C54D0092C5AD06B
:1070D0000A2C5FD00B2C64D00C2C69D00D2C70D0F6
:1070E0000E2C75D00F2CC5D1092001F011F9012803
:1070F000C0D11024BEE7724CB7EE088ADFED718A6A
:1071000084ED008AB0EE680A00F0E0F80128F7D1BB
:107110000124AFE7012001F0FBF80128AAD10224E5
:10712000A8E7012001F0F4F80128A3D10324A1E786
:10713000092001F0EDF801289CD104249AE70920E8
:1071400001F0E6F8012895D1052493E7092001F024
:10715000DFF801288ED106248CE7092001F0D8F849
:10716000012887D1072485E7092001F0D1F80128FB
:1071700080D108247EE7092001F0CAF80128B9D19E
:10718000092477E72BE0092001F0C2F80128B1D1EA
:107190000A246FE7092001F0BBF80128AAD10B24CB
:1071A00068E7092001F0B4F80128A3D10C2461E7B5
:1071B000092001F0ADF801289CD10D245AE700E028
:1071C00006E0092001F0A4F8012893D10E2451E72C
:1071D000092001F09DF801288CD10F244AE70326ED
:1071E000E879012800D10226A879012801D1FEF70B
:1071F00093FE287A012806D1642000F087FFFDF76E
:1072000077FEFCF767F895F904006FF07C0390FBBC
:10721000F4F041B295F9010090FBF4F042B206FBA4
:1072200001F040F6B831414312FB03F297ED010A39
:10723000254B01EB0211BDEEC00A584300EB0210D2
:1072400010EE103A98ED010ABDEEC00A10EE102AB9
:10725000FDF746FC1420F9F7A7FFFDF755FB17E7EC
:107260009C020020E40200202C0300207403002074
:1072700054020020040400204C0400209404002048
:10728000BC030020B81E853D0000FA43000000004A
:1072900000000000D7A3B03FBA1A513E28000020DA
:1072A000160000206C050020DC0400206F01002087
:1072B000D112002016010020781200205C1200205C
:1072C000280100206666663F48F4FFFF70B50B4D4D
:1072D0000B4C0026287838B90A492670022008701D
:1072E000F9F76AFC012028702078022801D00020DC
:1072F00070BD26702E70012070BD00006D01002051
:1073000017010020160100202DE9F041124C20F059
:107310000101002594F8240010B10020BDE8F0819F
:10732000A07A4FF0FF3668B10840277C207488426D
:1073300000D0354641B1012000F03AFF00F0BEFA1E
:1073400038B127743046E9E7207D00B1012000F014
:107350002FFF2846E2E70000740100200D494A7A19
:1073600042B1012A08D0022A0FD0032A0FD04FF0D1
:10737000FF307047022200E004220270C97C11B184
:107380001106C90D0170002070470822F5E7102290
:10739000F3E70000740100200F494A7A42B1012A44
:1073A00009D0022A11D0032A12D04FF0FF307047C3
:1073B0004FF4804201E041F69C720280C97C11B119
:1073C000C2F34E010180002070474FF48052F4E771
:1073D0004FF40062F1E70000740100200B49097AC4
:1073E00039B1012907D002290AD003290BD0002185
:1073F00003E0FA2101E04FF4FA71018000207047A8
:107400004FF47A71F9E74FF4FA61F6E7740100205E
:107410000D49097A41B1012909D002290DD003296A
:107420000ED04FF0FF3070479FED080A01E09FED4E
:10743000080A80ED000A002070479FED060AF8E771
:107440009FED050AF5E700007401002000000343EA
:107450000000834233330342333383410C49C97AFA
:10746000072913D2DFE801F01204060A0C0E1000FF
:10747000BC2100E062210180002070472A21FAE748
:107480001421F8E70A21F6E70521F4E70021F2E7E5
:1074900074010020054991F8242012B14FF0FF300B
:1074A0007047C989018000207047000074010020E6
:1074B0002DE9F04786B080208DF80C0047000DF1D3
:1074C0000C09012648464D4C8DE8C1002068334622
:1074D000427D606801784A48FAF746F94FF0FF3A72
:1074E000002838D16420F9F75FFECDE90096002529
:1074F000B8468DF80C50CDF8088020684F4601231F
:10750000427D606801783E48FAF72EF900286CD178
:107510000621CDE90071CDF8088020680123427E64
:10752000606801783648FAF71DF800285DD19DF8AB
:1075300011009DF80F10C007400F01F0010140EA53
:1075400041009DF80D1001F00101084304D001280D
:1075500035D0022814D048E0CDE90076CDF8088077
:1075600020680123C278606801782548F9F7FAFF9E
:10757000D8BB9DF80C0010F00F0036D004281ED0A8
:10758000E574FF2004F80A0F4FF6FF7104F8020CAF
:1075900004F8010C6070A180A0712072A67026769C
:1075A0006576E572A572E56025616561A576E5768B
:1075B000A5834FF4FA6000F0FBFBB0B901E0E6747C
:1075C000DFE7022000F0D2FA78B92A2000F06AFC46
:1075D00058B9322000F0A6FC38B90020FFF794FE1D
:1075E00018B9002000F0FEFA18B1504606B0BDE808
:1075F000F087002000F0E2FC0020F7E77401002093
:10760000000200202DE9FF4FDFF8A080064689B078
:1076100098F8250015460F464FF0FF39E0BBDFB361
:10762000002420E0301B102800DD102080B28346AB
:107630003A1901469246204600F02EFD60BB03AA8F
:107640005946204600F000F930BB50465A4603A97F
:10765000F8F736FE20B16FF001000DB0BDE8F08FF5
:1076600004EB0B0084B2B442DCD3280A8DF81C0072
:107670008DF81D504FF48072022107A88DE8070095
:10768000D8F8000044460123427FD8F8040001786E
:107690000748FAF769F808B14846DEE7012084F8A0
:1076A00025000C98E0840020D7E70000740100203A
:1076B000000200202DE9FF5F0546282851D800264A
:1076C0002F4C0DF10C094FF007084FF4807A022778
:1076D0007DB1012000F0ACFB20208DF80C004FF0B4
:1076E000010B012D1BD0052D1CD88DF80DB00520E8
:1076F00022E0002000F09CFBCDE900978DF80C60A3
:107700008DF80D80CDF808A020680123427D6068C7
:1077100001781C48FAF728F818BB26752EE08DF87A
:107720000D60E4E7142D03D88DF80D700A2003E0F6
:1077300003208DF80D00142000F0B4FB9DF80D100F
:10774000CDE9009708EB81108DF80D00CDF808A069
:1077500020680123427D606801780A48FAF704F83E
:1077600020B14FF0FF3004B0BDE8F09F0820A072B8
:10777000267384F814B00020FFF7C6FD0020F2E75E
:1077800074010020000200202DE9FF5F2C4C06460A
:10779000904694F824008B464FF0FF3AC0B3A07A8D
:1077A000B0B30DF10C094FF48077022148468DE803
:1077B000830020680123027B606801782148F9F783
:1077C000D1FE28BBBDF80C0045BAB54203D200215A
:1077D00088F800102AE060684188B5EB510F18D98D
:1077E0000122CDF80090CDE9012721680123CA7C50
:1077F00001781448F9F7B6FE50B99DF80C00C006A0
:1078000007D500F05BF86FF0010004B0BDE8F09F11
:107810000CE0CDF800B0CDE9016720680123427B80
:10782000606801780748F9F79DFE08B15046ECE71B
:10783000B5FBF6F0401E88F800000020E5E70000E8
:1078400074010020000200202DE9FF4115000E46C2
:107850004FF0FF3729D0174CA17A31B3010A8DF8C8
:107860000C10C0B28DF80D008119606842899142F8
:107870001BD8022203ABCDE900324FF48078CDF85B
:10788000088021680123CA7E01780B48F9F76CFF54
:1078900058B98DE8600120680123027E6068017894
:1078A0000548F9F75FFE002800D0384604B0BDE86F
:1078B000F081000074010020000200202DE9FF4744
:1078C0006C4C4FF0FF3AA07A00287CD000270DF1D5
:1078D0000C088DF80C704FF48076012540468DE839
:1078E000610020682B46427C606801786248F9F7A5
:1078F0003BFF002867D1CDF80080CDE90156216813
:10790000606801234A7901785B48F9F72DFF002868
:1079100059D1CDF80080CDE9015621686068012376
:107920000A7901785448F9F71FFF00284BD194F8E1
:10793000240088B30C208DF80C00CDF80080CDE930
:107940000156206801230279606801784A48F9F7F6
:107950000BFF002837D13220F9F726FCC0208DF824
:107960000C00A07AC00702D0E0208DF80C00CDF802
:107970000080CDE901562068C14601230279606884
:1079800001783D48F9F7F0FE00286ED1607C20B107
:1079900002208DF80C0002E019E08DF80C70CDE9A2
:1079A0000095B046CDF8088020684E460123427C01
:1079B000606801783048F9F7D7FE20B98DF80C706F
:1079C000CDF8088000E050E0CDE9006543E00420F8
:1079D0008DF80C00CDF80080CDE901562068012318
:1079E0000279606801782448F9F7BEFEE8BBA07C04
:1079F000A0B9A07AC00711D05FF060008DF80C002C
:107A0000CDF80080CDE90156206801230279606835
:107A100001781948F9F7A8FE38BB01E04020EDE7EE
:107A20003220F9F7C1FB607C10B18DF80C5001E0F9
:107A30008DF80C70CDF80080CDE901562068012347
:107A4000427C606801780C48F9F78EFE68B90948F5
:107A500010308DE861002068012342796068017868
:107A60000548F9F781FE002800D0504604B0BDE873
:107A7000F087000074010020000200202DE9F0478B
:107A8000394C82468AB094F824000F4620B1002079
:107A900000F044F9012600E0002607A8FFF79EFC4D
:107AA00006A8FFF75BFC09A8FFF7D8FC08A8FFF7BA
:107AB000F1FC94F80A9094F81080002500223946D1
:107AC0005046FEF773FF10B16D1C022DF6DB022D40
:107AD0001AD00025012203A96846FEF767FF10B1FE
:107AE0006D1C022DF6DB022D0ED003A93846FEF7E1
:107AF000ADF9C7B269465046FFF752F910F0FF0FD3
:107B00004FF0000502D002E0002503E001250FB987
:107B100045F00205FF2020726072E0724FF6FF719F
:107B2000E181A072207401202073BDF81C0000F0D8
:107B30003FF99DF8180000F019F8BDF8240000F096
:107B4000B1F9BDF8200000F0EDF9484600F036FA32
:107B50004046FFF7D9FB16B1012000F0DFF80AB06C
:107B60002846BDE8F0870000740100207FB51B4C5B
:107B70004FF0FF35A17A51B3022806D0042806D071
:107B800008280ED0102822D10DE0002000E00820A7
:107B90008DF80C00607A9DF80C10B0EBD10F04D07A
:107BA00006E01020F4E71820F2E7002004B070BDD2
:107BB0004FF48072012103A88DE80700206801239B
:107BC000C279606801780648F9F7CEFD08B1284609
:107BD000ECE79DF80C00C0086072E6E77401002035
:107BE000000200202DE9FF474A4C0746A07CB8421E
:107BF00003D1002004B0BDE8F08746484FF0FF3ABB
:107C00004FF48075D0E900104FF0010803AECFB3F8
:107C10000096CDE901850A79017801233E48F9F7FC
:107C2000A1FC002871D19DF80C00CDE9006820F07E
:107C30002000A9468DF80C00CDF808902068454634
:107C400001230279606801783348F9F78DFDE8BBBC
:107C50000320F9F7A9FA02208DF80C0094F822000D
:107C600010B182208DF80C0094F8230028B19DF803
:107C70000C0040F030008DF80C00CDE90065CDF827
:107C8000089039E0FFE7CDE9006802950A790178AC
:107C900001232148F9F766FCC0B9A07AC0079DF816
:107CA0000C0002D040F0200001E020F02000A946A6
:107CB0008DF80C0035468DE82003206801230279F9
:107CC000606801781448F9F74FFD00E01DE0E0B965
:107CD0000320F9F769FA94F8220000B180208DF8AA
:107CE0000C0094F8230028B19DF80C0040F03000FF
:107CF0008DF80C008DE8200320680123C27D6068A8
:107D000001780548F9F730FD08B1504672E7A774CD
:107D10006FE7000074010020000200202DE9FF4100
:107D2000214C94F82410814224D000264FF480770F
:107D3000012530B394F8250000B3002000F038FA94
:107D40000020FFF74FFFE08C00F0ECF88DF80C609E
:107D500003A88DE8A100606801232322017813485D
:107D6000F9F702FD84F82450012000F021FA00BF49
:107D7000FFF7A4FD002004B0BDE8F0814FF0FF3014
:107D8000F9E7002000F014FA207C8DF80C0003A81D
:107D90008DE8A10060680123232201780348F9F7E8
:107DA000E3FC84F82460E3E7740100200002002073
:107DB0007FB51D4C4FF0FF35A17A69B3FA2809D081
:107DC000B0F5FA7F08D0B0F57A7F0FD0B0F5FA6F32
:107DD00022D10DE0002000E008208DF80C00207A70
:107DE0009DF80C10B0EBD10F04D006E01020F4E7A2
:107DF0001820F2E7002004B070BD4FF4807201211A
:107E000003A88DE807002068012382796068017863
:107E10000648F9F7A9FC08B12846ECE79DF80C00E4
:107E2000C0082072E6E70000740100200002002074
:107E30007FB51A4C054694F82300A84202D10020D1
:107E400004B070BD0DB1302000E000208DF80C00B2
:107E5000A07C28B19DF80C0040F002008DF80C00C9
:107E600094F8220028B19DF80C0040F080008DF8B5
:107E70000C004FF48072012103A88DE807002068F0
:107E80000123C27D606801780548F9F76DFC10B1E7
:107E90004FF0FF30D4E784F82350D0E7740100207E
:107EA000000200207FB51D4C4FF0FF35A17A79B359
:107EB0000121BC2802D38DF80C1012E0622801D3F6
:107EC00002200CE02A2801D3032008E0142801D363
:107ED000042004E00A2801D3052000E006208DF8E4
:107EE0000C00E07A9DF80C20904202D1002004B0F2
:107EF00070BD03AA4FF480700092CDE90110206894
:107F000001238278606801780548F9F72DFC08B1F3
:107F10002846ECE79DF80C00E072E7E774010020CA
:107F2000000200202DE9FF41224D04464FF0FF37AB
:107F3000A87A78B395F8240060BB287D4FF47A7650
:107F400048B164B1282C03D8E0B2FFF7B3FB2EE0B0
:107F50000020FFF7AFFB042C05D2042406E000202C
:107F6000FFF7A8FBF9E7B44200D93446B6FBF4F0BA
:107F7000401E8DF80C004FF48072012103A88DE89B
:107F80000700286801234278686801780A48F9F7F1
:107F9000EBFB18B1384604B0BDE8F0819DF80C0049
:107FA000401CB6FBF0F0E8814008FFF77BFF0020A3
:107FB000F1E7000074010020000200202DE9FF47D6
:107FC000054610F0700F4FF001074FF0000602D089
:107FD0008DF80C7006E015B18DF80C6002E04020C1
:107FE0008DF80C000DF10C094FF480784946284CAF
:107FF0008DE8820120680123427D60680178254870
:10800000F9F7B2FB4FF0FF3A80BB9DF80C0020F06F
:10801000400020738DF80C60680602D404208DF8AF
:108020000C00A80605D49DF80C0040F002008DF865
:108030000C00E80605D49DF80C0040F001008DF816
:108040000C00280705D49DF80C0040F038008DF88E
:108050000C00CDF80090CDE9017820680123827DE5
:10806000606801780B48F9F77FFB20B1A672504693
:1080700004B0BDE8F08725B1082D02D00020FFF73D
:10808000D7FEA57226753220F9F78EF80020EFE7AB
:1080900074010020000200202DE9FF4115000E466A
:1080A0004FF0FF3729D0174CA17A31B3010A8DF870
:1080B0000C10C0B28DF80D008119606842899142A0
:1080C0001BD8022203ABCDE900324FF48078CDF803
:1080D000088021680123CA7E01780B48F9F744FB28
:1080E00058B98DE8600120680123027E606801783C
:1080F0000548F9F739FB002800D0384604B0BDE840
:10810000F08100007401002000020020044A40F6C3
:10811000B8311160121D41F204011160F9F744B841
:108120003C04014000B589B002A905A8FFF7A6FCF0
:10813000032803D04FF0FF3009B000BD6846FFF7B9
:1081400067F99DED050A05A8F8EEC00A9DED000A45
:1081500060EE800AFDEEE00ACDED050ADDED060ACF
:10816000F8EEE00A60EE800AFDEEE00ACDED060AC8
:10817000DDED070AF8EEE00A20EE800ABDEEC00A47
:108180008DED070AFEF778F901A8FFF705F9BDF8AC
:1081900004000299414302910399414303910499D8
:1081A000414302A80491FEF7C9F80020C4E700008B
:1081B0002DE9FF411B4C0346214694F824C00026BC
:1081C000D1E90001751E01224FF48077BCF1000F48
:1081D0000FD0BBB102238DF80C3003ABCDE90032D8
:1081E0000297427C097801230F48F9F7BDFA78B964
:1081F00012E094F80AC0BCF1000F09D013B1637CFF
:108200006BB902E08DF80C60E7E78DF80C20E4E72D
:10821000284604B0BDE8F0819DF80C006074002091
:10822000F7E70000740100200002002070B50D4641
:108230008AB01446014627226846F8F735F800262A
:108240008DF827600DA1684612E02068092200EB36
:10825000800005EB4000F8F727F8206807A100EB45
:10826000800005EB400046722068401C2060002022
:10827000F8F734F80100E8D10AB070BD2000000022
:1082800000B52DED048B83B041EC190BF8F7FEFA25
:1082900041EC180B18EE100A18EE901A8DED008BB9
:1082A000002818BF0120084320F00040C0F17F6083
:1082B00000F1E040C00F14D019EE101A19EE900A28
:1082C0008DED009B002918BF0121084320F00040DC
:1082D000C0F17F6000F1E040C00F04BF0120FDF756
:1082E000D3FC51EC180B03B0BDEC048B00BDB4EE15
:1082F000E00AF1EE10FA02D2B0EE600A7047B4EE76
:10830000C10AF1EE10FAF9DDB0EE410A7047000043
:108310002DE9F14FF84DDFF8E4A3DFF8E4930126EF
:108320002DED028B00242878DFF8D88382B0012855
:108330002BD16A46F449F5480094FFF777FFF248DD
:10834000FDF7CCFDF2490860EF480A30FDF7C6FDA5
:10835000F0490860EC481430FDF7C0FD88F80500CE
:10836000ED4889F8006040F6B8310670EB48AAF88D
:1083700000400180EA482C7028210460E248F7F7A9
:1083800088FFB102E148F7F784FF98F800009FEDFD
:10839000E58ADFEDE58ADFF894B3E54D022738B1D1
:1083A000E449012867D003287DD004287CD08DE1E2
:1083B00098F80600C8B98BF80070DFA00499FCF7A4
:1083C00057FFDF48AAF80040DF490470DD48047019
:1083D00089F800402C7005200870DC4880ED028A86
:1083E000DB48C0ED028A88F8066098F80200A8B958
:1083F00099F80010012911D189F80040D24888F875
:1084000002602C7006709FEDD30AD348D34980EDEB
:10841000000A14200860D24828210160BC48006886
:10842000B0F5E17F02DA0020FFF770FE287801281E
:1084300010D12C70FDF770FD8BF80070C9A0FCF70F
:1084400017FFC94840F6AC5101606420F8F79CFB67
:1084500088F80060BA4801780129A8D10470AAF808
:10846000004088F8064088F802408BF80070BFA0F2
:10847000FCF7FEFE2AE19FEDBE0AAE4880ED000A41
:1084800098F80700F8B98BF80070BAA0FCF7F0FE76
:10849000AB48AAF800404FF47A6104709F4801800D
:1084A000A848067001E0E3E00DE1A74989F8004023
:1084B0002C7005200870A548C0ED028AA44880ED04
:1084C000028A88F8076098F80200012803D199F819
:1084D0000010012903D02878062813D019E089F864
:1084E0000040994988F802402C70062008709FEDE2
:1084F000A20A9948994980ED000A14200860984919
:10850000086006E090482C70B7EE000A0770F8F794
:1085100053FB8B4F387801281FD19FED988A00BFFD
:10852000B0EE480A00F036F90128F9D1DFF80492DC
:108530009FED938ADFED938A89ED008AB0EE680A99
:10854000FEF7C4FE0128F7D17F4804703C70AAF8FA
:10855000004088F8074088F80260F8F7D7FA7A4FA9
:1085600088F80400C146397840F6E448022963D10E
:108570009FED858ADFED858A4FF4C87A022804D002
:1085800003282FD0012842D056E000233C701A4621
:1085900019461846FCF7A4FA3220F8F7F5FA052038
:1085A00038706A4880ED028A6948C0ED028A5046F8
:1085B000F8F7EAFA00233C701A4619461846FCF709
:1085C0008FFA2C7089F802406420FFF79FFDFCF7BA
:1085D0008FFC6549C1F8008089F80360032089F8A1
:1085E000000029E000233C701A4619461846FCF7A3
:1085F00077FA3220F8F7C8FA052038705348C0EDF2
:10860000028A534880ED028A5046F8F7BDFA0023EB
:108610003C701A4619461846FCF762FA2C70642022
:10862000FFF774FDFCF764FC4F49C1F8008089F83E
:108630000360032189F800102878022846D100231E
:108640002C703C701A4619461846FCF749FA64200B
:10865000F8F79AFA6420FFF759FDFCF749FC424904
:10866000C1F8008089F80360032189F800102DE02B
:10867000B7EE000A81ED000A98F80300012810D136
:108680008BF8007037A0FCF7F3FD2F4888F8034003
:108690002C700770BEEE000AF8F78EFA6420F8F727
:1086A00073FA2878022811D12C70FDF735FC0420CC
:1086B00088F800003648B3EE040A234980ED000A2A
:1086C0000320087002E02878032805D0002002B0BB
:1086D000BDEC028BBDE8F88F1B482C7088F8004079
:1086E000047088F8014088F8024088F8064088F84D
:1086F00007400120EBE70000100000201C010020D3
:108700006C0100205C010020A0120020FC09002068
:108710003800002010010020190100201A0100205B
:108720001C000020B81E05BEB81E053E1200002029
:1087300017010020280100205725644C000000008C
:10874000180100203C000020160100202412002007
:1087500040120020000011434001002030010020A1
:108760003401002057304C003804014057374C008A
:10877000CDCCCC3E57324C000080FC430000B4C24C
:108780009A99193FCDCC4C3ECDCC4CBD0AD7A33DD8
:10879000480100200B490C4800224B781BB103789C
:1087A000032B0BD008E00270084A03201070084821
:1087B00080ED000A012048700020704702704A7066
:1087C000012070476D0100201701002016010020D4
:1087D0004801002000000000000000000102030426
:1087E00006070809000000000102030475191A0CAD
:1087F0006A231B1C00001F207274433B4138393A26
:10880000006B6C376F06246D6E70D000000476002C
:108810005401F7FD00010000830000000008000083
:108820000001001832000500000020410000D24283
:10883000295C0F3E9A99993E3333733F295C0F3E72
:10884000000070000000002400000002000300008F
:1088500000650054FFEF0000FA80000B1282000157
:10886000030C30C30E8C8CE914D5400213710F8EAB
:108870003883F8833000F883258EF8833000F8833E
:10888000FFFFFFFF0FFEA9D6240004001A8279A182
:108890000000003CFFFF00000010000038836FA2C2
:1088A000003E03304000000002CAE3093E800000A1
:1088B00020000000000000004000000060000000F8
:1088C000000C0000000C186E000006920A16C0DFB3
:1088D000FFFF0256FD8CD377FFE1C496E0C5BEAA28
:1088E00000000000FFFF0B2B00001657000003598B
:1088F0004000000000001DFA00026C1D0000000096
:108900003FFFDFEB003EB3B6000D227800002F3CA6
:1089100000000000001942B5000039A20000B36554
:10892000D90E9FC91DCF4C3430000000500000000C
:108930003BB67AE80064000000C8000000000000B8
:10894000100000001000FA921000225E000D229F1D
:108950000001000000320000FF46000063D4000068
:108960001000000004D6000004CC000004CC00007D
:108970000000107200000040000000000000000035
:10898000000600020005000700000000006400006F
:108990000000000000000005000500640020000049
:1089A0000000000000000000000040000000030084
:1089B00000000032F8980000FF650000830F0000FF
:1089C000FF9BFC0000000000000000000000000011
:1089D0000000000000000000000000000000000097
:1089E0000000000000000000000000000000100077
:1089F00040000000000000060000B26A0002000013
:108A00000001FB830068000000D9FC007CF1FF83BB
:108A10000000000000650000006403E80064002816
:108A2000000000250000000016A00000000010005B
:108A300000001000002F0000000001F400001000F2
:108A400000280000FFFF4581FFFFFA7200000000D0
:108A500000000000004400050005BAC6004778A2E7
:108A600000000001000000000000060000000014EB
:108A70000000254D002F706D000005AE000C02D0E7
:108A800000000000000000000000000000000000E6
:108A9000001B0000000000000000000000000000BB
:108AA000006400000008000000000000000000005A
:108AB00000000000000000000000000000000000B6
:108AC00000000000000000000000000000000000A6
:108AD0000000000000000000000000000000000096
:108AE0000000000000000000000000000000000086
:108AF0000000000000000000000000000000000076
:108B0000001B00000000000000000000000E000E2E
:108B100000000AC70004000000000032FFFFFF9CB5
:108B200000000B2B000000020000000100000064A8
:108B3000FFE5000000000000000000000000000051
:108B40000000000100000000000100000000000023
:108B5000000180000001800000018000002426D375
:108B60000000000000000000000600100096003C1D
:108B700000000000000000000000000000000000F5
:108B80000C0A4E68CDCF770950166759C619CE82A8
:108B900000000000000000000000000000000000D5
:108BA000000000000000000017D784000300000050
:108BB0000000000000000000C7938F9D1E1B1C19C1
:108BC00000000000000000000000000000000000A5
:108BD00000000000000000000203188500004000B3
:108BE000000000030000000300000000000000007F
:108BF0004000000000000000000000000000000035
:108C00000000000000000000000000000000000064
:108C10000000000000000000000000000000000054
:108C200000000000677DDF7E72902E554CF6E688CE
:108C30000000000000000000000000000000000034
:108C4000D8DCB4B8B0D8B9ABF3F8FAB3B7BB8E9EE2
:108C5000AEF132F51BF1B4B8B08097F1A9DFDFDFD8
:108C6000AADFDFDFF2AAC5CDC7A90CC92C97F1A9ED
:108C700089264666B28999A92D557DB0B08AA896F5
:108C8000365676F1BAA3B4B280C0B8A89711B283B1
:108C900098BAA3F0240844106418B2B9B49883F1C8
:108CA000A329557DBAB5B1A38393F0002850F5B23E
:108CB000B6AA839328547CF1B9A3829361BAA2DA4D
:108CC000DEDFDB819AB9AEF5606870F1DABAA2DF57
:108CD000D9BAA2FAB9A38292DB31BAA2D9BAA2F860
:108CE000DF85A4D0C1BBAD83C2C5C7B8A2DFDFDFBB
:108CF000BAA0DFDFDFD8D8F1B8AAB38DB4980D35AC
:108D00005DB2B6BAAF8C96198F9FA70E161EB49A95
:108D1000B8AA872C547CBAA4B08AB691325676B2DF
:108D20008494A4C808CDD8B8B4B0F19982A82D55C0
:108D30007D98A80E161EA22C547C92A4F02C50787C
:108D4000F184A898C4CDFCD80DDBA8FC2DF3D9BACA
:108D5000A6F8DABAA6DED8BAB2B68696A6D0F3C816
:108D600041DAA6C8F8D8B0B4B882A892F52C5488D5
:108D700098F135D9F418D8F1A2D0F8F9A884D9C758
:108D8000DFF8F883C5DADF69DF83C1D8F40114F1B5
:108D9000A8824EA884F311D182F5D992289788F140
:108DA00009F41C1CD884A8F3C0F9D1D99782F12901
:108DB000F40DD8F3F9F9D1D982F4C203D8DEDF1A61
:108DC000D8F1A2FAF9A88498D9C7DFF8F8F883C7D0
:108DD000DADF69DFF883C3D8F40114F198A8822E92
:108DE000A884F311D182F5D992509788F109F41C27
:108DF000D884A8F3C0F8F9D1D99782F149F40DD8F5
:108E0000F3F9F9D1D982F4C403D8DEDFD8F1AD8803
:108E100098CCA809F9D98292A8F57CF1883ACF9428
:108E20004A6E98DB6931DAADF2DEF9D88795A8F29F
:108E300021D1DAA5F9F417D9F1AE8ED0C0C3AE8234
:108E4000C684C3A88595C8A588F2C0F1F4010EF1C7
:108E50008E9EA8C63E56F554F18872F40115F1981D
:108E600045856EF58E9E0488F142985A8E9E06883E
:108E700069F4011CF1981E1108D0F504F11E970247
:108E800002983625DBF9D985A5F3C1DA85A5F3DF8C
:108E9000D88595A8F309DAA5FAD88292A8F578F1D1
:108EA000881A849F26889821DAF41DF3D8879F3981
:108EB000D1AFD9DFDFFBF9F40CF3D8FAD0F8DAF947
:108EC000F9D0DFD9F9D8F40BD8F3879F39D1AFD9CE
:108ED000DFDFF41DF3D8FAFCA869F9F9AFD0DADEC8
:108EE000FAD9F88F9FA8F1CCF398DB45D9AFDFD042
:108EF000F8D8F18F9FA8CAF38809DAAF8FCBF8D8DA
:108F0000F2AD978D0CD9A5DFF9BAA6F3FAF412F2F7
:108F1000D8950DD1D9BAA6F3FADAA5F2C1BAA6F35B
:108F2000DFD8F1BAB2B68696A6D0CAF349DAA6CB94
:108F3000F8D8B0B4B8D8AD84F2C0DFF18FCBC3A8F5
:108F4000B2B68696C8C1CBC3F3B0B48898A821DB6B
:108F5000718D9D71859521D9ADF2FAD88597A82894
:108F6000D9F408D8F28D29DAF405D9F285A4C2F231
:108F7000D8A88D9401D1D9F411F2D88721D8F40A58
:108F8000D8F28498A8C801D1D9F411D8F3A4C8BBE9
:108F9000AFD0F2DEF8F8F8F8F8F8F8F8D8F1B8F64B
:108FA000B5B9B08A95A3DE3CA3D9F8D85CA3D9F8AB
:108FB000D87CA3D9F8D8F8F9D1A5D9DFDAFAD8B195
:108FC0008530F7D9DED8F830ADDADED8F2B48C9936
:108FD000A32D557DA083DFDFDFB591A0F629D9FB56
:108FE000D8A0FC29D9FAD8A0D051D9F8D8FC51D9A9
:108FF000F9D879D9FBD8A0D0FC79D9FAD8A1F9F958
:10900000F9F9F9A0DADFDFDFD8A1F8F8F8F8F8AC61
:10901000DEF8ADDE8393AC2C547CF1A8DFDFDFF605
:109020009D2CDAA0DFD9FADB2DF8D8A850DAA0D031
:10903000DED9D0F8F8F8DB55F8D8A878DAA0D0DF78
:10904000D9D0FAF8F8F8F8DB7DF8D89CA88CF53080
:10905000DB38D9D0DEDFA0D0DEDFD8A848DB58D996
:10906000DFD0DEA0DFD0DED8A868DB70D9DFDFA0DC
:10907000DFDFD8F1A888902C547C98A8D05C38D138
:10908000DAF2AE8CDFF9D8B087A8C1C1B188A8C622
:10909000F9F9DA36D8A8F9DA36D8A8F9DA36D8A83C
:1090A000F9DA36D8A8F9DA36D8F78D9DADF818DA9E
:1090B000F2AEDFD8F7ADFA30D9A4DEF9D8F2AEDEE1
:1090C000FAF983A7D9C3C5C7F1889BA77AADF7DEA4
:1090D000DFA4F8849408A797F300AEF29819A48847
:1090E000C6A39488F632DFF28393DB09D9F2AADFB4
:1090F000D8D8AEF8F9D1DAF3A4DEA7F1889B7AD8F4
:10910000F38494AE19F9DAAAF1DFD8A881C0C3C5F7
:10911000C7A39283F628ADDED9F8D8A350ADD9F80D
:10912000D8A378ADD9F8D8F8F9D1A1DADEC3C5C78C
:10913000D8A18194F818F2B089ACC3C5C7F1D8B8EA
:10914000B4B09786A8319B069907AB9728889BF007
:109150000C201440B0B4B8F0A88A9A285078B79B75
:10916000A8295179247059446938644831F1BBAB5E
:1091700088002C547CF0B38BB8A804285078F1B048
:1091800088B49726A85998BBABB38B02264666B025
:10919000B8F08A9CA82951798B2951798A24705971
:1091A0008B2058718A4469388B3940688A64483109
:1091B0008B30496088F1AC002C547CF08CA80428DA
:1091C0005078F1889726A85998AC8C02264666F00C
:1091D000899CA8295179247059446938644831A977
:1091E0008809205970AB11384069A8193148608C42
:1091F000A83C415C207C00F187981986A86E767E99
:10920000A999882D557DD8B1B5B9A3DFDFDFAED0E0
:10921000DFAAD0DEF2ABF8F9D9B087C4AAF1DFDF5C
:10922000BBAFDFDFB9D8B1F1A3978E60DFB084F2B6
:10923000C8F8F9D9DED89385F14AB183A308B5837C
:109240009A0810B79F10D8F1B0BAAEB08AC2B2B6C1
:109250008E9EF1FBD9F41DD8F9D90CF1D8F8F8ADF0
:1092600061D9AEFBD8F40CF1D8F8F8AD19D9AEFB42
:10927000DFD8F416F1D8F8AD8D61D9F4F4ACF59CD3
:109280009C8DDF2BBAB6AEFAF8F40BD8F1AED0F85D
:10929000AD51DAAEFAF8F1D8B9B1B6A3839C08B9EA
:1092A000B1839AB5AAC0FD3083B79F10B58B93F2F6
:1092B0000202D1ABDADED8F1B080BAABC0C3B2845F
:1092C000C1C3D8B1B9F38BA391B609B4D9ABDEB0A1
:1092D000879CB9A3DDF1B38B8B8B8B8BB087A3A35A
:1092E000A3A3B28BB69BF2A3A3A3A3A3A3A3A3A3FD
:1092F000A3F1B087B59AA3F39BA3A3DCBAACDFB903
:10930000A3A3A3A3A3A3A3A3A3A3A3A3A3A3A3A32D
:10931000D8D8D8BBB3B7F1AAF9DAFFD9809AAA286E
:10932000B48098A720B79787A86688F07951F19004
:109330002C870CA781976293F07171608594012945
:10934000517990A5F1284C6C870C95188578A383EA
:1093500090284C6C886CD8F3A28200F210A8921965
:1093600080A2F2D926D8F188A84DD948D896A83934
:1093700080D93CD89580A839A68698D92CDA87A7B9
:109380002CD8A8899519A980D938D8A88939A98055
:10939000DA3CD8A82EA83990D90CD8A8953198D9FC
:1093A0000CD8A809D9FFD801DAFFD89539A9DA264F
:1093B000FFD890A80D8999A810809821DA2ED88915
:1093C00099A83180DA2ED8A886963180DA2ED8A8CE
:1093D000873180DA2ED8A88292F34180F1D92ED835
:1093E000A882F31980F1D92ED882ACF3C0A28022D2
:1093F000F1A62EA72EA92298A829DAACDEFFD8A2C2
:10940000F22AF1A92E8292A8F23180A696F1D90013
:10941000AC8C9C0C30ACDED0DEFFD88C9CACD01079
:10942000ACDE8092A2F24C82A8F1CAF235F19688A5
:10943000A6D900D8F1FF0000000000000000002FB6
:10944000000000000700070000147F147F140024B0
:109450002A7F2A12006264081323003649552250DD
:1094600000000503000000001C2241000000412212
:109470001C000014083E08140008083E08080000FC
:1094800000A06000000808080808000060600000F4
:10949000002010080402003E5149453E0000427F72
:1094A0004000004261514946002141454B310018BE
:1094B00014127F10002745454539003C4A49493080
:1094C000000171090503003649494936000649493A
:1094D000291E000036360000000056360000000845
:1094E0001422410000141414141400004122140822
:1094F00000020151090600324959513E007C121107
:10950000127C007F49494936003E41414122007F9B
:109510004141221C007F49494941007F0909090155
:10952000003E4149497A007F0808087F0000417FDA
:109530004100002040413F01007F08142241007F8C
:1095400040404040007F020C027F007F0408107FF3
:10955000003E4141413E007F09090906003E41515C
:10956000215E007F09192946004649494931000119
:10957000017F0101003F4040403F001F2040201F6D
:10958000003F4038403F0063140814630007087030
:10959000080700615149454300007F4141000055E3
:1095A0002A552A55000041417F00000402010204AF
:1095B000004040404040000001020400002054549C
:1095C0005478007F484444380038444444200038EC
:1095D0004444487F00385454541800087E0901025E
:1095E0000018A4A4A47C007F080404780000447D33
:1095F0004000004080847D00007F1028440000006F
:10960000417F4000007C04180478007C0804047842
:1096100000384444443800FC24242418001824242E
:1096200018FC007C0804040800485454542000042A
:109630003F444020003C4040207C001C2040201C37
:10964000003C4030403C004428102844001CA0A0AE
:10965000A07C004464544C441414141414140000EA
:10966000000000000000000000000000FC000000FE
:10967000000002000000000C020C020000000000CC
:10968000000090D0BCD0BC90000300030000182460
:10969000FE448C000302070201001824D8B04C805D
:1096A000000300010201C038E438E00001020201B9
:1096B0000202080600000000000000000000000098
:1096C00000F80402000000010204000204F8000097
:1096D0000004020100009060F860900000000100AA
:1096E00000002020FC2020000000010000000000FD
:1096F00000000000080600000000202020202000BC
:109700000000000000000000000000000002000057
:1097100000000080601C0200040300000000F80448
:109720000404F8000102020201000008FC0000002D
:1097300000020302000018844424180003020202FD
:10974000020008042424D80001020202010040B0F3
:1097500088FC80000000000302003C242424C40094
:10976000010202020100F824242CC00001020202BE
:1097700001000C04E41C0400000003000000D824D5
:109780002424D80001020202010038444444F800B5
:1097900000030202010000001000000000000200AF
:1097A0000000000020000000000006000000002073
:1097B00050880402000000000102909090909000F8
:1097C0000000000000000002048850200002010098
:1097D00000001804C4241800000002000000F8046F
:1097E000E494F80001020202020000E09CF0800014
:1097F00002030000030204FC2424D8000203020236
:109800000100F80404040C0001020202010004FC3F
:109810000404F80002030202010004FC24740C009A
:1098200002030202030004FC24740C000203020081
:109830000000F0080444CC4000010202010004FCD6
:109840002020FC040203000003020404FC040400C2
:10985000020203020200000404FC040406040403E0
:10986000000004FC24D00C0402030200030204FCE8
:1098700004000000020302020203FC3CC03CFC00A6
:1098800003000300030004FC30C4FC0402030200D4
:109890000300F8040404F80001020202010004FCC1
:1098A00024241800020302000000F8848404F80055
:1098B00001020207050004FC246498000203020070
:1098C0000302182424448C000302020201000C0449
:1098D000FC040C0000020302000004FC0000FC0475
:1098E000000102020100047C80E01C04000003006F
:1098F00000001CE03CE01C00000300030000049C8E
:10990000609C0400020300030200041CE01C04002D
:109910000002030200000C84641C04000203020223
:1099200003000000FE020200000007040400000E15
:1099300030C00000000000010200000202FE000032
:1099400000040407000000040204000000000000FE
:1099500000000000000000000808080808080000D7
:10996000020000000000000000000040A0A0C000B5
:1099700000010202030204FC2020C00000030202D6
:10998000010000C02020600000010202020000C0AF
:109990002024FC0000010202030200C0A0A0C000BD
:1099A0000001020202000020F82424040002030245
:1099B00002000040A0A0602000070A0A0A0404FC7C
:1099C0002020C0000203020003020020E400000087
:1099D000000203020000000020E40000080808075D
:1099E000000004FC80E020200203020003020404C3
:1099F000FC000000020203020200E020E020C000A0
:109A000003000300030020E02020C0000203020046
:109A1000030200C02020C00000010202010020E07B
:109A20002020C000080F0A02010000C02020E00032
:109A30000001020A0F0820E040202000020302007B
:109A400000000060A0A0200000020202030000202D
:109A5000F820000000000102020020E00020E000E9
:109A600000010202030220E02080602000000301C8
:109A700000006080E08060000003000300002060C0
:109A80008060200002030003020020E020806020AC
:109A90000808070100000020A06020000002030267
:109AA0000200000020DE02000000000704000000A9
:109AB00000FF00000000000F00000002DE20000098
:109AC000000407000000020102040402000000007C
:109AD0000000000000000000000000000000000086
:109AE0000000000000F8000000000000003330001B
:109AF000000000100C06100C060000000000000022
:109B0000000040C07840C0784000043F04043F0497
:109B10000400007088FC08300000001820FF211E9F
:109B20000000F008F000E018000000211C031E21D6
:109B30001E0000F00888700000001E212324192751
:109B4000211010160E0000000000000000000000B0
:109B50000000000000E018040200000000071820C8
:109B6000400000020418E000000000402018070038
:109B70000000404080F0804040000202010F0102DE
:109B80000200000000F0000000000101011F0101BF
:109B90000100000000000000000080B07000000024
:109BA00000000000000000000000000101010101B0
:109BB0000101000000000000000000303000000043
:109BC000000000000000806018040060180601001A
:109BD000000000E010080810E000000F1020201026
:109BE0000F00001010F8000000000020203F20208F
:109BF0000000007008080888700000302824222126
:109C000030000030088888483000001820202011DB
:109C10000E000000C02010F8000000070424243FBC
:109C2000240000F808888808080000192120201165
:109C30000E0000E0108888180000000F112020118D
:109C40000E0000380808C83808000000003F000077
:109C500000000070880808887000001C2221212262
:109C60001C0000E010080810E00000003122221162
:109C70000F00000000C0C0000000000000303000F5
:109C80000000000000800000000000008060000074
:109C900000000000804020100800000102040810AD
:109CA00020004040404040404000040404040404BC
:109CB000040000081020408000000020100804026A
:109CC0000100007048080808F0000000003036016C
:109CD0000000C030C828E810E0000718272423142B
:109CE0000B000000C038E0000000203C23020227E7
:109CF000382008F8888888700000203F2020201134
:109D00000E00C0300808080838000718202020106E
:109D1000080008F808080810E000203F2020201064
:109D20000F0008F88888E8081000203F2020232032
:109D3000180008F88888E8081000203F2000030079
:109D40000000C03008080838000007182020221E34
:109D5000020008F808000008F808203F210101214E
:109D60003F20000808F8080800000020203F2020BD
:109D7000000000000808F8080800C08080807F000C
:109D8000000008F888C028180800203F2001263865
:109D9000200008F8080000000000203F20202020BC
:109DA000300008F8F800F8F80800203F003F003FB6
:109DB000200008F830C00008F808203F20000718ED
:109DC0003F00E01008080810E0000F1020202010CD
:109DD0000F0008F808080808F000203F21010101E1
:109DE0000000E01008080810E0000F182424385084
:109DF0004F0008F8888888887000203F2000030CF6
:109E000030200070880808083800003820212122FE
:109E10001C00180808F8080818000000203F20005F
:109E2000000008F808000008F808001F2020202083
:109E30001F000878880000C83808000007380E01A5
:109E40000000F80800F80008F800033C0700073C91
:109E50000300081868808068180820302C03032C41
:109E600030200838C800C83808000000203F200013
:109E7000000010080808C8380800203826212020D3
:109E80001800000000FE020202000000007F4040B7
:109E90004000000C30C00000000000000001063847
:109EA000C00000020202FE000000004040407F00AF
:109EB0000000000004020202040000000000000094
:109EC0000000000000000000000080808080808092
:109ED000808000020204000000000000000000007A
:109EE00000000000808080800000001924222222CF
:109EF0003F2008F8008080000000003F1120201162
:109F00000E000000008080800000000E1120202044
:109F10001100000000808088F800000E1120201041
:109F20003F200000808080800000001F222222222B
:109F30001300008080F0888888180020203F2020AF
:109F400000000000808080808000006B94949493D7
:109F5000600008F8008080800000203F2100002081
:109F60003F2000809898000000000020203F202023
:109F70000000000000809898000000C08080807F72
:109F8000000008F8000080808000203F24022D306F
:109F90002000000808F8000000000020203F2020DA
:109FA00000008080808080808000203F20003F2053
:109FB000003F8080008080800000203F2100002042
:109FC0003F200000808080800000001F2020202093
:109FD0001F00808000808000000080FFA1202011F1
:109FE0000E000000008080808000000E112020A064
:109FF000FF80808080008080800020203F21200022
:10A00000010000008080808080000033242424240C
:10A010001900008080E0808000000000001F2020E8
:10A0200000008080000000808000001F20202010A1
:10A030003F20808080000080808000010E30080674
:10A04000010080800080008080800F300C030C3085
:10A050000F0000808000808080000020312E0E31B3
:10A060002000808080000080808080818E701806B3
:10A07000010000808080808080000021302C22211F
:10A08000300000000000807C020200000000003F61
:10A09000404000000000FF00000000000000FF0042
:10A0A00000000002027C800000000040403F0000F1
:10A0B000000000060101020204040000000000008C
:10A0C0000000000000000000000000000000000090
:10A0D0000000000000000000000000000000000080
:10A0E0000000000000000000000000F0F0F00000A0
:10A0F00000000000000000017F01000000000000DF
:10A100000000001C1C1C0000000000008060301CCF
:10A110008C60301C0C0000000000000000000000FB
:10A12000000000000000000000000000000000002F
:10A1300000E00000000000E000000086E69F868648
:10A140008686E69F860000011F01010101011F01B3
:10A150000100000080C06020F820E0C00000000086
:10A1600003070C18FF70E18100000000070F1010BA
:10A170007F100F0700008060206080000000E0205A
:10A1800000000F3020309F70DC371030C00000001E
:10A19000100E03000718101807000000C02020E070
:10A1A000C0000000000080E01F38E88703C43C04C2
:10A1B0000000070F1810100B070D1010080000808A
:10A1C0008C4C38000000000000000000000000007F
:10A1D000000000000000000000000000000000007F
:10A1E000000000000000000080E0300804000000D3
:10A1F000000000FEFF010000000000000000000061
:10A20000030F1820400000040830E0800000000028
:10A2100000000000000001FFFE0000000000004000
:10A2200020180F03000000000000000000000000E4
:10A23000C00000000000004266663C18FF183C6643
:10A240006642000000000000030000000000000063
:10A25000000000008000000000000010101010102E
:10A26000FF1010101010000000000000030000009C
:10A2700000000000000000000000000000000000DE
:10A280000000000000000000000000808C4C38003E
:10A2900000000000000000000000000000000000BE
:10A2A000000000101010101010101010100000000E
:10A2B000000000000000000000000000000000009E
:10A2C000000000000000000000000000000000008E
:10A2D000000000001C1C1C0000000000000000002A
:10A2E000000000000000E0380C000000000080705A
:10A2F0001C03000000000060380E01000000000098
:10A300000000000080C060202060C080000000FECF
:10A31000FF010000000001FFFE000001070E181001
:10A3200010180E0701000000808080C0E0000000CF
:10A3300000000000000000FFFF000000000000001F
:10A340001010101F1F10101000000080402020204F
:10A350002060C080000000030300804020381F07F9
:10A360000000001C1A1918181818181F0000008087
:10A37000C020202060C080000000000303001010F7
:10A38000182FE780000000070F10101010180F079B
:10A390000000000000000000C0E0F000000000C06D
:10A3A000B088868180FFFF808000000000000010E0
:10A3B000101F1F1010000000E060606060606060AF
:10A3C000000000003F1008080818F0E00000000737
:10A3D0000B101010101C0F030000000080C0402064
:10A3E0002020E0C0000000FCFF211008080818F041
:10A3F000E0000001070C18101010080F0300000007
:10A40000C0E06060606060E0600000000300000089
:10A41000E0180700000000000000001F1F000000FF
:10A4200000000080C0602020202060C080000087E5
:10A43000EF2C1818303068CF830000070F08101079
:10A440001010180F07000000C0C020202020C0807E
:10A450000000001F3F604040402010FFFE00000051
:10A460000C1C101010080F0300000000000000007A
:10A4700000000000000000000000000E0E0E0000B2
:10A48000000000000000001C1C1C00000000000078
:10A490000000000000000000000000000000000CB0
:10A4A0000C00000000000000000000583800000010
:10A4B00000000000000000000080402010000000AC
:10A4C000102844820100000000000000000000008D
:10A4D000010204081000000000000000000000005D
:10A4E0000000008484848484848484848400000044
:10A4F000000000000000000000000000102040806C
:10A50000000000000000000000000000018244285C
:10A51000100000001008040201000000000000C04C
:10A5200020201010101030E0C0000003030000F0E5
:10A5300010080C070300000000001C1C1C00000099
:10A540000000000000C0406020202040C00000FC4F
:10A55000FF01F00E03C1FE03807F0001070E08110A
:10A560001110110904020000000080E0E00000006A
:10A5700000000000807C4340477FF88000001018F6
:10A580001F1000000000131F1C1020E0E0202020FE
:10A590002060C080000000FFFF10101010182FE78F
:10A5A0008000101F1F1010101010180F070000005F
:10A5B00080C0402020202060E00000FCFF0100005F
:10A5C0000000000001000001070E18101010080420
:10A5D000030020E0E02020202040C080000000FF99
:10A5E000FF000000000001FFFE00101F1F101010F0
:10A5F00018080E07010020E0E02020202020206025
:10A60000800000FFFF101010107C00000000101FE1
:10A610001F10101010101018060020E0E02020205D
:10A6200020206060800000FFFF101010107C0000F0
:10A630000100101F1F1000000000000000000000BB
:10A6400080C06020202040E0000000FCFF010000EE
:10A650004040C0C140400001070E181010100F0FFD
:10A66000000020E0E0200000000020E0E02000FFEB
:10A67000FF101010101010FFFF00101F1F1000001F
:10A680000000101F1F100000202020E0E0202020EC
:10A6900000000000000000FFFF00000000000000BC
:10A6A0001010101F1F1010100000000000002020CC
:10A6B00020E0E020202000000000000000FFFF005C
:10A6C00000000060E0808080C07F3F00000020E04C
:10A6D000E020000020A06020200000FFFF30187C58
:10A6E000E3C000000000101F1F10000001131F1C1A
:10A6F000181020E0E020000000000000000000FF33
:10A70000FF000000000000000000101F1F101010CC
:10A7100010101018060020E0E0E000000000E0E06B
:10A72000E02000FF013FFEC0E01E01FFFF00101F00
:10A730001000031F0300101F1F1020E0E0C00000E6
:10A7400000000020E02000FF0003071C78E08000EC
:10A75000FF00101F100000000000030F1F0000008A
:10A7600080C060202060C080000000FEFF0100006B
:10A77000000000FFFE000001070E181010180C0763
:10A78000010020E0E0202020202060C0800000FFA9
:10A79000FF2020202020301F0F00101F1F1000005E
:10A7A000000000000000000080C060202060C08029
:10A7B000000000FEFF010000000000FFFE0000019D
:10A7C000070E1111133C7C67210020E0E0202020BF
:10A7D000202060C0800000FFFF101030F0D0080F74
:10A7E0000700101F1F10000000030F1C1010008036
:10A7F000C060202020204040E00000070F0C181807
:10A80000303060E08100001F0C0810101010180F8D
:10A8100007008060202020E0E020202060800100F0
:10A82000000000FFFF000000000100000000101FFA
:10A830001F100000000020E0E020000000000020C9
:10A84000E02000FFFF00000000000000FF00000704
:10A850000F1810101010100807002060E0E0200012
:10A86000000020E060200000077FF88000807C036B
:10A87000000000000000071F1C070000000020E08F
:10A88000E02000E0E0200020E0200007FFF8E01FCB
:10A89000FFFCE01F00000000031F0300011F030076
:10A8A0000000002060E0A0000020E0602000000028
:10A8B00000038F7CF8C6010000000010181E130072
:10A8C00001171F1810002060E0E02000000020E0C9
:10A8D0006020000001073EF8E018070000000000BB
:10A8E0000010101F1F1010000000008060202020AA
:10A8F00020A0E0E0200000000000C0F03E0F0300B8
:10A90000000000101C1F1710101010180600000087
:10A91000000000FC0404040404000000000000FF28
:10A9200000000000000000000000007F40404040A8
:10A930004000000010E000000000000000000000E7
:10A940000000031C60800000000000000000000008
:10A9500000030C70800000000404040404FC0000E8
:10A96000000000000000000000FF000000000000E8
:10A9700040404040407F0000000000000010080CF4
:10A98000040C08100000000000000000000000009F
:10A9900000000000000000000000000000000000B7
:10A9A00000000000000000000000000000000000A7
:10A9B0000000000000008080808080808080808097
:10A9C000808000000004040808000000000000006F
:10A9D0000000000000000000000000000000000077
:10A9E0000000000000000000000000000000000067
:10A9F0000000000098D844642424FCF80000000FF4
:10AA00001F18101010081F1F10180020E0F0000081
:10AA10000000000000000000FFFF180804040CF80C
:10AA2000F00000001F0F18101010180F0300000096
:10AA30000000000000000000000000E0F81804041E
:10AA4000043C3800000000030F0C10101010080622
:10AA500000000000000000000020E0F0000000E026
:10AA6000F81C04040408FFFF000000030F18101076
:10AA700010081F0F08000000000000000000000088
:10AA800000000000E0F8484444444C7870000000A6
:10AA9000030F0C181010100804000000000080C004
:10AAA000602020E0C00000040404FFFF040404044C
:10AAB0000000000010101F1F101010000000000008
:10AAC00000000000000000000000000070F88C048E
:10AAD000048CF874040C007076CF8D8D8D89C87845
:10AAE00070000020E0F00000000000000000000006
:10AAF000FFFF08040404FCF8000000101F1F1000F2
:10AB000000101F1F10000000000000606000000027
:10AB100000000000040404FCFC0000000000000031
:10AB20001010101F1F101010000000000000000087
:10AB300000606000000000000000040404FCFC0051
:10AB400000000000C0C08080C07F3F0000000020E7
:10AB5000E0F000000000000000000000FFFF80C0E7
:10AB6000F41C0404000000101F1F1100031F1C1020
:10AB700010000000202020E0F00000000000000095
:10AB8000000000FFFF000000000000001010101F78
:10AB90001F10101000000000000000000000000066
:10ABA000000004FCFC0804FCFC0804FCFC00101F72
:10ABB0001F10001F1F10001F1F10000000000000CA
:10ABC0000000000000000004FCFC08080404FCF87D
:10ABD000000000101F1F100000101F1F10000000B9
:10ABE0000000000000000000000000E0F0180C046D
:10ABF000040C18F0E00000030F0C101010100C0FE4
:10AC0000030000000000000000000000000000043D
:10AC1000FCFC080404040CF8F0000080FFFF88909E
:10AC200010101C0F030000000000000000000000D6
:10AC3000000000E0F81C04040408F8FC0000000315
:10AC40000F1810109088FFFF800000000000000027
:10AC5000000000000000040404FCFC100804040CC4
:10AC60000C001010101F1F1010100000000000003A
:10AC70000000000000000000000000003078CCC49C
:10AC80008484840C1C0000001E1810101011190F71
:10AC900006000000000000C00000000000000004EA
:10ACA0000404FFFF040404000000000000000F1F64
:10ACB0001010100C00000000000000000000000058
:10ACC00000000004FCFE00000004FCFE0000000088
:10ACD0000F1F181010081F0F0800000000000000D0
:10ACE00000000000000000040C3CFCC40000C43C58
:10ACF0000C0400000000010F1E0E01000000000007
:10AD000000000000000000000000043CFCC400E45F
:10AD10007CFC84807C040000071F070000071F07DD
:10AD2000000000000000000000000000000000041F
:10AD3000041C7CE4C0341C0404000010101C160128
:10AD4000131F1C181000000000000000000000008D
:10AD5000000000040C3CFCC400C43C0404000000DF
:10AD6000C080C1370E01000000000000000000009C
:10AD700000000000000000001C0404C4F47C1C045B
:10AD800000000000101C1F17111010180E0000000A
:10AD90000000000000F80C0400000000000000109B
:10ADA00028EF00000000000000000000003F6040AD
:10ADB0000000000000000000FF0000000000000094
:10ADC00000000000FF000000000000000000000084
:10ADD000FF00000000000000040CF800000000006C
:10ADE000000000000000EF2810000000000000003C
:10ADF00040603F000000000000000018060202044E
:10AE000008102020300800000000000000000000B2
:10AE10000000000000000000000000000000000032
:10AE2000F010101010FF10101010F00000000000C3
:10AE30000F04040404FF040404040F000000404055
:10AE4000405F555555755555555F40404000004091
:10AE5000200F094989790909090F2040000000FEE7
:10AE600002424ACA4A4ACA4A4A4202FE000000FF57
:10AE700040504C4340404F50505C40FF00000000A9
:10AE8000F888888888FF88888888F8000000000093
:10AE90001F080808087F888888889F80F0008082C3
:10AEA0008282828282E2A2928A8682808000000070
:10AEB00000000040807F0000000000000000101033
:10AEC00010FF109008888888FF888888080004444C
:10AED000827F01808040432C102846818000001032
:10AEE000101010D030FF30D0121C101000001008CD
:10AEF0000402010000FF0000010204081000040425
:10AF00000484E43C2724242424E4040404000402EC
:10AF10000100FF0909090949897F0000000000FEBE
:10AF2000225A8600FE9292929292FE00000000FF4A
:10AF300004080700FF4020030C1422414000008059
:10AF40004020180680000718204080000000010003
:10AF500020702826212020243860000101000010E4
:10AF600012929292929292121202FE00000000003F
:10AF7000003F101010103F0040807F0000000000D4
:10AF800000C080808080808080FC84808080808081
:10AF900080C0C0000000000000FF7F4040404040F3
:10AFA00040FF40404040404040FF7F000000000024
:10AFB0000000000000000000007F700000000000A2
:10AFC0000000000000000000000000000000000081
:10AFD0000000000000FCF80000000000000000007D
:10AFE00000000000000000000000FFFE020202025C
:10AFF0000202020202FFFF02020202020202020237
:10B00000FF0300000000000000001F1F04040404F0
:10B010000404040404FFFF040404040404040404FA
:10B020001F00000000000000000000000000000001
:10B0300000000000007F3F00000000000000000052
:10B040000000000000000000000000000000000000
:10B0500000000000000000000000000000000000F0
:10B06000000000F8F8F0F070200000000000000080
:10B0700000000000000000000000000000000000D0
:10B080000000000000000000000000000000800040
:10B0900000000000000000000000000000000000B0
:10B0A000000000FFFFFFFF000000000000000000A4
:10B0B0000000000000000000000080800000000090
:10B0C000000000000000000000000000000000FF81
:10B0D000FFFE06060606060606060606060606061F
:10B0E000060606FFFFFFFF0606060606060606061C
:10B0F000060606060606060606FFFFFFFF07020015
:10B10000000000000000000000000000000000FF40
:10B11000FFFF000000000000000000000000000031
:10B12000000000FFFFFFFF00000000000000000023
:10B13000000000000000000000FFFFFFFF00000013
:10B14000000000000000000000000000000000FF00
:10B15000FFFF1818181818181818181818181818A1
:10B16000181818FFFFFFFF181818181818181818C3
:10B17000181818181818181818FFFFFFFF000000FB
:10B1800000000000000000000000000000000201BC
:10B1900001000000000000000000000000000000AE
:10B1A000000000FFFFFFFF000000000000000000A3
:10B1B000000000000000000000010100000000008D
:10B1C000000000000000000000000000000000007F
:10B1D000000000000000000000000000000000006F
:10B1E000000000FFFFFFFF00000000000000000063
:10B1F000000000000000000000000000000000004F
:10B20000000000000000000000000000000000003E
:10B21000000000000000000000000000000000002E
:10B220000000001F1F0F0F000000000000000000C2
:10B23000000000000000000000000000000000000E
:10B240000000000000000000555555555555C53FFC
:10B250007D6FEB0312D6D4BF5544880E55C1C93F4C
:10B260003B8F68B52882A4BF88B20175E0EF493FE3
:10B2700009F7FD0DE13D023F4B2D8A1C273A03C023
:10B28000C88A599CE52A004059018D1B6C06E6BF0F
:10B2900082922EB1C5B8B33F4FBB610567ACDD3FAD
:10B2A000182D4454FB21E93F9BF681D20B73EF3FED
:10B2B000182D4454FB21F93FE2652F227F2B7A3C65
:10B2C000075C143326A6813CBDCBF07A8807703C1E
:10B2D000075C143326A6913CC4EB98999999C9BF91
:10B2E000711623FEC671BCBF6D9A74AFF2B0B3BFC6
:10B2F0009AFDDE522DDEADBF2F6C6A2C44B4A2BF86
:10B300000D5555555555D53FFF8300922449C23FF1
:10B310006E204CC5CD45B73F513DD0A0660DB13F25
:10B32000EB0D76244B7BA93F11DA22E33AAD903F37
:10B33000000000000000000058B3000800000020DA
:10B34000B80100002E090008D0B30008B8010020A1
:10B35000C0190000785C0008320182103324F429FF
:10B36000120122836C022B2F44041809A69B443B34
:10B3700017B7D138042A3B0C366F12833A041AC22D
:10B380004F191442392C17B7512006A23882A8FB56
:10B390003763B80B300B803FCDCCCC3DCDCC4C3E91
:10B3A000333F14322853881322402311431AA00438
:10B3B0000318B4424BF401048113EC8714080A8883
:10B3C0000220081A182432FF2904993F5100000076
:040000050800018965
:00000001FF
